TimeSinceStart,TrackPhase,PosX,PosY,PosZ,RotX,RotY,RotZ,CurrentSpeed,SteeringAngle,AccPedal,BrakePedal
0,0,-0.04314659,2.905593,0.408737,359.9826,357.8253,1.474714E-05,0,0,0,0
0.1184616,0,-0.04306515,2.905593,0.4087339,359.9826,357.8424,1.779116E-05,0,0,0,0
0.2240143,0,-0.0430651,2.905593,0.4087338,359.9826,357.8424,1.677493E-05,0,0,0,0
0.3316078,0,-0.04306511,2.905593,0.4087338,359.9826,357.8424,1.704546E-05,0,0,0,0
0.4405022,0,-0.04305965,2.905593,0.4087337,359.9826,357.8435,1.776013E-05,0,0,0,0
0.5477657,0,-0.04305625,2.905598,0.4087408,359.9826,357.8462,1.693321E-05,0,0,0,0
0.650671,0,-0.04309833,2.905625,0.4087762,359.9826,357.8467,1.694616E-05,0,0,0,0
0.7541981,0,-0.04311947,2.905642,0.4087959,359.9826,357.8474,1.640552E-05,0,0,0,0
0.8694839,0,-0.04311816,2.905642,0.4087967,359.9826,357.8479,1.640974E-05,0,0,0,0
0.9705448,0,-0.04311395,2.905642,0.4087964,359.9826,357.8487,1.586037E-05,0,0,0,0
1.072929,0,-0.0431119,2.905642,0.4087962,359.9826,357.8492,1.510599E-05,0,0,0,0
1.18927,0,-0.04310828,2.905642,0.4087962,359.9826,357.8499,1.563598E-05,0,0,0,0
1.289904,0,-0.04310819,2.905642,0.4087961,359.9826,357.8499,1.621295E-05,0,0,0,0
1.40642,0,-0.0431547,2.905591,0.4087437,359.993,357.8379,0.004036792,0,0,0,0
1.518982,0,-0.04311026,2.905642,0.4087962,359.9826,357.8495,1.644197E-05,0,0,0,0
1.622072,0,-0.04311028,2.905642,0.4087963,359.9826,357.8495,1.690218E-05,0,0,0,0
1.727875,0,-0.04304516,2.905627,0.4087928,359.9842,357.8578,0.001547226,0,0,0,0
1.835861,0,-0.04311028,2.905642,0.4087962,359.9826,357.8495,1.539463E-05,0,0,0,0
1.945166,0,-0.04311028,2.905642,0.4087963,359.9826,357.8495,1.591417E-05,0,0,0,0
2.052322,0,-0.04311029,2.905642,0.4087963,359.9826,357.8495,1.620742E-05,0,0,0,0
2.160139,0,-0.04311214,2.905642,0.4087963,359.9826,357.8491,1.682693E-05,0,0,0,0
2.268215,0,-0.04311981,2.905642,0.4087968,359.9826,357.8475,1.624121E-05,0,0,0,0
2.376596,0,-0.04312255,2.905642,0.4087966,359.9826,357.8469,1.631222E-05,0,0,0,0
2.485048,0,-0.0431241,2.905642,0.4087968,359.9826,357.8466,1.609393E-05,0,0,0,0
2.594257,0,-0.04312653,2.905642,0.4087968,359.9826,357.8461,1.474557E-05,0,0,0,0
2.702225,0,-0.04312657,2.905642,0.408797,359.9826,357.8461,1.62625E-05,0,0,0,0
2.810711,0,-0.04312649,2.905642,0.4087968,359.9826,357.8461,1.688874E-05,0,0,0,0
2.920275,0,-0.04312651,2.905642,0.4087969,359.9826,357.8461,1.622498E-05,0,0,0,0
3.021837,0,-0.04312652,2.905642,0.4087968,359.9826,357.8461,1.584132E-05,0,0,0,0
3.129343,0,-0.04313818,2.905642,0.4087974,359.9826,357.8437,1.549518E-05,0,0,0,0
3.238321,0,-0.04314034,2.905642,0.4087973,359.9826,357.8432,1.545089E-05,0,0,0,0
3.339455,0,-0.04314033,2.905642,0.4087973,359.9826,357.8432,1.843295E-05,0,0,0,0
3.442085,0,-0.04314033,2.905642,0.4087974,359.9826,357.8432,1.644356E-05,0,0,0,0
3.555296,0,-0.04314035,2.905642,0.4087974,359.9826,357.8432,1.501571E-05,0,0,0,0
3.669542,0,-0.04314036,2.905642,0.4087974,359.9826,357.8432,1.545646E-05,0,0,0,0
3.783361,0,-0.04314031,2.905642,0.4087973,359.9826,357.8432,1.699488E-05,0,-16.53009,0,0
3.88448,0,-0.04317619,2.905617,0.4088067,359.9835,357.8416,359.9925,0.02,-116.0905,0.1,0
3.995472,0,-0.0432523,2.905642,0.4134722,359.9826,357.8258,1.492041E-05,0.1309931,-122.366,0.1,0
4.111286,0,-0.04350375,2.905642,0.4261473,359.9826,357.7903,1.608275E-05,0.2468078,-102.0024,0.1,0
4.213545,0,-0.04404873,2.905642,0.4434306,359.9826,357.7171,1.628926E-05,0.3490659,9.518312,0.1,0
4.321148,0,-0.04499238,2.905642,0.4720236,359.9826,357.5967,1.676511E-05,0.4889498,16.14075,0.13,0
4.428391,0,-0.04626191,2.905642,0.5104985,359.9826,357.4473,1.523252E-05,0.628365,16.29689,0.13,0
4.540073,0,-0.04832568,2.905642,0.5587887,359.9826,357.2156,1.581044E-05,0.7735526,81.46351,0.13,0
4.654428,0,-0.05125431,2.905642,0.6173502,359.9826,356.9118,1.640867E-05,0.9316504,85.71829,0.14,0
4.763332,0,-0.05501045,2.905642,0.6867403,359.9826,356.5638,1.629382E-05,1.084115,85.79849,0.14,0
4.868349,0,-0.05998103,2.905642,0.7668099,359.9826,356.1498,1.534635E-05,1.23114,129.4314,0.14,0
4.978306,0,-0.06647121,2.905642,0.8572071,359.9826,355.6599,1.546584E-05,1.385078,133.0172,0.14,0
5.086523,0,-0.07477753,2.905642,0.958124,359.9826,355.0933,1.616037E-05,1.536582,133.0984,0.14,0
5.193789,0,-0.08488883,2.905642,1.069466,359.9826,354.4927,1.441598E-05,1.686754,131.4589,0.14,0
5.302708,0,-0.09738948,2.905642,1.1914,359.9826,353.8241,1.518752E-05,1.848568,131.2065,0.15,0
5.416245,0,-0.1127087,2.905642,1.324483,359.9826,353.0881,1.608913E-05,2.018872,131.6031,0.15,0
5.51965,0,-0.1313166,2.905642,1.468939,359.9826,352.2858,1.7501E-05,2.192702,133.211,0.19,0
5.629206,0,-0.1539271,2.905642,1.626473,359.9826,351.4023,1.655771E-05,2.400856,133.2981,0.19,0
5.742176,0,-0.1815365,2.905643,1.798368,359.9826,350.4294,1.651487E-05,2.636323,133.568,0.32,0
5.851421,0,-0.2156934,2.905642,1.989893,359.9826,349.3591,1.65106E-05,2.985908,133.5992,0.32,0
5.961765,0,-0.2585469,2.905642,2.204669,359.9826,348.1332,1.531227E-05,3.339012,133.6553,0.32,0
6.071417,0,-0.3114808,2.905642,2.44269,359.9826,346.7845,1.70613E-05,3.70216,133.6986,0.34,0
6.180748,0,-0.3764582,2.905642,2.704393,359.9826,345.2965,1.506944E-05,4.073885,133.7,0.34,0
6.290867,0,-0.4554877,2.905643,2.989254,359.9826,343.656,1.551509E-05,4.448285,130.1007,0.34,0
6.402561,0,-0.550785,2.905789,3.29699,359.9607,341.8827,359.9779,4.834157,129.2218,0.35,0
6.513897,0,-0.6647241,2.905642,3.626724,359.9826,339.9254,1.645995E-05,5.223834,126.1909,0.35,0
6.62616,0,-0.7990833,2.905642,3.978292,359.9826,337.9294,1.769579E-05,5.616752,106.9436,0.35,0
6.74353,0,-0.9568554,2.905642,4.350214,359.9826,335.7847,1.622795E-05,6.027552,106.1136,0.35,0
6.859238,0,-1.141191,2.905642,4.741227,359.9826,333.4738,1.655354E-05,6.432528,94.09449,0.35,0
6.964043,0,-1.323171,2.905642,5.090187,359.9826,331.284,1.642264E-05,6.799347,93.41821,0.35,0
7.081156,0,-1.563982,2.905642,5.51285,359.9826,328.8349,1.564849E-05,7.209241,58.03384,0.35,0
7.182373,0,-1.796387,2.905642,5.886493,359.9826,326.6729,1.475011E-05,7.563501,54.80402,0.35,0
7.28451,0,-2.053967,2.905642,6.269321,359.9826,324.5403,1.516407E-05,7.92098,25.8371,0.35,0
7.385433,0,-2.337013,2.905642,6.660363,359.9826,322.4567,1.675281E-05,8.274213,16.74588,0.35,0
7.50174,0,-2.701503,2.905642,7.124133,359.9826,319.9748,1.559846E-05,8.681282,2.224403,0.35,0
7.616348,0,-3.101444,2.905642,7.595303,359.9826,317.7021,1.598575E-05,9.082417,-21.55055,0.35,0
7.727821,0,-3.538933,2.905649,8.070219,359.9826,315.3182,1.73627E-05,9.472571,-37.27175,0.35,0
7.840036,0,-4.012291,2.905649,8.549132,359.9826,313.1978,1.437658E-05,9.865324,-61.76397,0.35,0
7.94953,0,-4.523136,2.905649,9.028413,359.9826,310.9844,1.699335E-05,10.24855,-62.82441,0.35,0
8.056664,0,-5.071434,2.905649,9.505926,359.9826,308.8271,1.467549E-05,10.62352,-64.79339,0.35,0
8.1707,0,-5.659173,2.905649,9.977695,359.9826,306.5051,1.672613E-05,11.02264,-64.89803,0.35,0
8.279516,0,-6.286464,2.905663,10.44231,359.9826,304.2684,1.565808E-05,11.4035,-85.11285,0.35,0
8.387213,0,-6.953016,2.905729,10.89736,359.9826,302.0141,1.713133E-05,11.78044,-86.56406,0.35,0
8.494284,0,-7.657797,2.905793,11.34236,359.9826,299.9873,1.626089E-05,12.15519,-128.5763,0.35,0
8.597635,0,-8.399761,2.905796,11.7771,359.9826,297.9931,1.657522E-05,12.51692,-133.8377,0.35,0
8.707798,0,-9.178934,2.905796,12.19936,359.9826,296.0923,1.657272E-05,12.90249,-145.5457,0.35,0
8.814255,0,-9.995644,2.905796,12.60668,359.9826,294.0659,1.554718E-05,13.27509,-150.0548,0.35,0
8.929014,0,-10.85125,2.905796,12.99611,359.9826,291.9879,1.614833E-05,13.67674,-149.987,0.35,0
9.042469,0,-11.74583,2.905796,13.36467,359.9826,289.9081,1.620336E-05,14.07384,-149.9022,0.35,0
9.149918,0,-12.67862,2.905796,13.70921,359.9826,287.7261,1.658022E-05,14.44991,-156.3406,0.35,0
9.253902,0,-13.64837,2.905796,14.02923,359.9826,285.726,1.701628E-05,14.81385,-158.6208,0.35,0
9.366329,0,-14.65365,2.905796,14.32178,359.9826,283.6874,1.670778E-05,15.20735,-171.7249,0.35,0
9.475063,0,-15.69484,2.905796,14.58667,359.9826,281.7077,1.72489E-05,15.58791,-187.7152,0.35,0
9.587749,0,-16.77131,2.905796,14.8222,359.9826,279.7646,1.582483E-05,15.98232,-193.8816,0.35,0
9.698675,0,-17.88093,2.905796,15.03313,359.9826,278.2724,1.586068E-05,16.37056,-228.8016,0.35,0
9.814602,0,-19.02262,2.905796,15.21873,359.9826,276.712,1.542796E-05,16.7763,-242.2531,0.35,0
9.925364,0,-20.19523,2.905831,15.38863,359.9826,275.8454,1.740147E-05,17.16397,-290.2492,0.35,0
10.04149,0,-21.39814,2.905845,15.54474,359.9826,274.9873,1.608163E-05,17.57041,-292.2658,0.35,0
10.15259,0,-22.45423,2.905635,15.67055,0.01137991,274.5364,-0.003387725,17.95927,-327.228,0.35,0
10.25758,0,-23.53424,2.905845,15.79239,359.9826,274.165,1.600159E-05,18.32672,-329.5373,0.35,0
10.37704,0,-24.82189,2.905845,15.92857,359.9826,273.7294,1.669278E-05,18.74482,-328.2936,0.35,0
10.49331,0,-26.13946,2.905845,16.05729,359.9826,273.2648,1.659439E-05,19.1518,-327.9083,0.35,0
10.59755,0,-27.29251,2.905845,16.16148,359.9826,272.8937,1.52537E-05,19.51663,-332.7262,0.35,0
10.70922,0,-28.66517,2.905845,16.27737,359.9826,272.5359,1.725556E-05,19.90744,-335.5202,0.35,0
10.82338,0,-30.06629,2.905845,16.3871,359.9826,272.1918,1.673279E-05,20.30702,-337.6954,0.35,0
10.9383,0,-31.49598,2.905845,16.49119,359.9826,271.8802,1.70613E-05,20.70922,-339.2584,0.35,0
11.04005,0,-32.74436,2.905845,16.5756,359.9826,271.6022,1.618668E-05,21.06536,-339.0847,0.35,0
11.15513,0,-34.2278,2.905845,16.66764,359.9826,271.2526,1.694541E-05,21.46813,-338.0397,0.35,0
11.26967,0,-35.74008,2.905845,16.75219,359.9826,270.8983,1.64218E-05,21.86902,-337.9636,0.35,0
11.38682,0,-37.28098,2.905845,16.82874,359.9826,270.5372,1.655604E-05,22.27904,-337.9018,0.35,0
11.48692,0,-38.6249,2.905845,16.88743,359.9826,270.2157,1.590987E-05,22.6294,-337.5764,0.35,0
11.58719,0,-39.99027,2.905845,16.93881,359.9826,269.8579,1.632759E-05,22.99357,-335.8149,0.39,0
11.68809,0,-41.37883,2.905845,16.9823,359.9826,269.4928,1.577897E-05,23.38706,-335.7035,0.39,0
11.78862,0,-42.79118,2.905845,17.01813,359.9826,269.1714,1.648767E-05,23.77916,-339.6817,0.39,0
11.90368,0,-44.47946,2.905845,17.05142,359.9826,268.8189,1.617584E-05,24.58455,-340.3853,0.7,0
12.01754,0,-46.22397,2.905845,17.0762,359.9826,268.5414,1.659689E-05,25.3816,-346.7555,0.7,0
12.13146,0,-48.02447,2.905845,17.09469,359.9826,268.315,1.627923E-05,26.17904,-347.9731,0.7,0
12.24773,0,-49.88123,2.905845,17.10874,359.9826,268.2531,1.602243E-05,26.99293,-360.998,0.7,0
12.3602,0,-51.79566,2.905845,17.12522,359.9826,268.3214,1.669194E-05,27.81393,-363.3457,0.73,0
12.46994,0,-53.76717,2.905845,17.14713,359.9826,268.6125,1.509945E-05,28.61502,-382.9893,0.73,0
12.57796,0,-55.80047,2.905845,17.19063,359.9826,269.2634,1.646015E-05,29.64516,-392.0175,0.99,0
12.68727,0,-57.90786,2.905845,17.25979,359.9826,269.9167,1.592405E-05,30.72734,-389.4876,0.99,0
12.80203,0,-60.09073,2.905845,17.35516,359.9826,270.5413,1.58957E-05,31.8635,-388.328,0.99,0
12.9102,0,-62.34929,2.905845,17.47843,359.9826,271.1366,1.638678E-05,32.93439,-382.0808,0.99,0
13.01967,0,-64.68291,2.905845,17.62411,359.9826,271.5405,1.506944E-05,34.01813,-377.6425,0.99,0
13.12811,0,-67.0914,2.905844,17.79216,359.9826,271.9597,1.459503E-05,35.09167,-377.503,0.99,0
13.23921,0,-69.57455,2.905845,17.9774,359.9826,272.1082,1.652852E-05,36.18995,-364.8586,0.98,0
13.35605,0,-72.13428,2.905845,18.17296,359.9826,272.2144,1.51945E-05,37.33503,-361.9228,0.98,0
13.46514,0,-74.7711,2.905845,18.37124,359.9826,272.0195,1.571727E-05,38.37125,-353.4823,0.88,0
13.5822,0,-77.48102,2.905845,18.56581,359.9826,271.8257,1.455E-05,39.40133,-353.1062,0.88,0
13.70096,0,-80.26326,2.905845,18.75387,359.9826,271.5357,1.481431E-05,40.37629,-349.5227,0.52,0
13.81292,0,-83.10136,2.905845,18.9296,359.9826,271.2091,1.71405E-05,40.95848,-349.2068,0.52,0
13.92512,0,-85.98154,2.905845,19.09028,359.9826,270.8107,1.703879E-05,41.54193,-345.3932,0.52,0
14.03866,0,-88.89063,2.905845,19.22952,359.9826,270.3455,1.493854E-05,41.70088,-344.6175,0.14,0
14.14013,0,-91.81141,2.905845,19.34811,359.9826,270.0101,1.698542E-05,41.7179,-348.45,0,0
14.24376,0,-94.7086,2.905845,19.45065,359.9826,269.6846,1.540711E-05,41.01791,-349.1766,0,0
14.36207,0,-97.55733,2.905845,19.537,359.9826,269.4277,1.525037E-05,40.31792,-351.1154,0,0
14.47114,0,-100.3575,2.905845,19.60916,359.9826,269.1692,1.459169E-05,39.61793,-351.2956,0,0
14.58161,0,-103.109,2.905845,19.67461,359.9826,269.1898,1.627673E-05,38.91794,-361.3985,0,0
14.69403,0,-105.8114,2.905845,19.74165,359.9826,269.2471,1.678699E-05,38.21795,-362.0858,0,0
14.81364,0,-108.4649,2.905845,19.81084,359.9826,269.3376,1.733477E-05,37.51796,-363.4764,0,0
14.92976,0,-111.0692,2.905845,19.88336,359.9826,269.4378,1.554385E-05,36.81797,-363.5977,0,0
15.03508,0,-113.2624,2.905845,19.94805,359.9826,269.5256,1.552634E-05,36.21798,-363.5129,0,0
15.14933,0,-115.7755,2.905845,20.02614,359.9826,269.6203,1.600659E-05,35.51799,-363.5003,0,0
15.25032,0,-117.8905,2.905845,20.09498,359.9826,269.6932,1.532457E-05,34.918,-363.0478,0,0
15.35166,0,-119.9695,2.905845,20.16508,359.9826,269.7586,1.652269E-05,34.28428,-362.9053,0,0.04
15.45294,0,-122.0053,2.905845,20.23592,359.9826,269.8084,1.552551E-05,33.48174,-361.3602,0,0.04
15.55341,0,-123.9929,2.905845,20.30508,359.9826,269.7868,1.428403E-05,32.6808,-359.114,0,0.04
15.65513,0,-125.9285,2.905845,20.3717,359.9826,269.7658,1.604327E-05,31.60569,-359.0032,0,0.12
15.75674,0,-127.7935,2.905845,20.43281,359.9826,269.5891,1.579565E-05,30.39601,-349.0805,0,0.12
15.85894,0,-129.5856,2.905845,20.48371,359.9826,269.3415,1.564473E-05,29.09769,-347.454,0,0.17
15.9613,0,-131.2941,2.905845,20.52484,359.9826,269.0905,1.595906E-05,27.6276,-346.001,0,0.17
16.06544,0,-132.9142,2.905845,20.55623,359.9826,268.8232,1.534291E-05,26.11548,-345.1329,0,0.2
16.16869,0,-134.4401,2.905845,20.57879,359.9826,268.5695,1.718053E-05,24.48293,-345.1405,0,0.2
16.27444,0,-135.8671,2.905845,20.59371,359.9826,268.3292,1.685953E-05,22.82551,-345.1976,0,0.2
16.38264,0,-137.2027,2.905877,20.60228,359.9767,268.1038,0.008257126,21.54961,-345.2,0,0.11
16.49531,0,-138.672,2.905845,20.60599,359.9826,267.8839,1.60958E-05,20.22992,-345.8577,0,0.11
16.59895,0,-139.8566,2.905845,20.60484,359.9826,267.7047,1.538127E-05,19.05986,-345.8988,0,0.11
16.70866,0,-141.1534,2.905845,20.60023,359.9826,267.5774,1.591154E-05,17.75645,-352.2327,0,0.11
16.81163,0,-142.1906,2.905845,20.59501,359.9826,267.4984,1.611164E-05,16.64457,-353.2666,0,0.09
16.91917,0,-143.1616,2.905845,20.58888,359.9826,267.4328,1.639012E-05,15.56062,-354.6725,0,0.09
17.02139,0,-144.0695,2.905845,20.58236,359.9826,267.3842,1.562973E-05,14.65447,-355.0852,0,0
17.12582,0,-144.9337,2.905845,20.57535,359.9826,267.3278,1.594239E-05,14.05447,-353.0972,0,0
17.23393,0,-145.7619,2.905845,20.56732,359.9826,267.2383,1.678782E-05,13.45447,-350.4025,0,0
17.33485,0,-146.554,2.905845,20.55842,359.9826,267.1531,1.584484E-05,12.85446,-350.3029,0,0
17.44129,0,-147.3102,2.905845,20.54873,359.9826,267.0646,1.624421E-05,12.37512,-349.5593,0.11,0
17.54601,0,-148.0554,2.905845,20.53802,359.9826,266.9753,1.624338E-05,12.49032,-349.5016,0.11,0
17.64956,0,-148.8076,2.905845,20.52584,359.9826,266.8661,1.57748E-05,12.60423,-346.5351,0.11,0
17.75111,0,-149.5669,2.905845,20.512,359.9826,266.7527,1.581065E-05,12.74107,-346.0177,0.14,0
17.85372,0,-150.3348,2.905845,20.49635,359.9826,266.6251,1.676865E-05,12.88472,-344.8586,0.14,0
17.95401,0,-151.1121,2.905845,20.47877,359.9826,266.5007,1.592405E-05,13.09021,-344.1318,0.24,0
18.07319,0,-152.0362,2.905845,20.4555,359.9826,266.339,1.653102E-05,13.37626,-343.9487,0.24,0
18.18284,0,-152.8456,2.905845,20.43281,359.9826,266.1858,1.583984E-05,13.69164,-343.9013,0.31,0
18.28599,0,-153.6744,2.905845,20.40741,359.9826,266.0342,1.71847E-05,14.01139,-342.9386,0.31,0
18.39092,0,-154.5224,2.905804,20.37844,359.9894,265.8358,359.9915,14.33666,-337.8782,0.31,0
18.49285,0,-155.3897,2.905845,20.34554,359.9826,265.6066,1.636344E-05,14.65266,-337.6079,0.31,0
18.59885,0,-156.2759,2.905845,20.30789,359.9826,265.3042,1.590653E-05,14.98127,-321.5904,0.31,0
18.71352,0,-157.3308,2.905845,20.25352,359.9826,264.7596,1.639679E-05,15.20496,-312.7255,0.15,0
18.81442,0,-158.2449,2.905845,20.19835,359.9826,264.2759,1.615E-05,15.35632,-312.506,0.15,0
18.91877,0,-159.1667,2.905845,20.12873,359.9826,263.289,1.827109E-05,15.38284,-255.5038,0,0
19.0191,0,-160.0698,2.905845,20.04233,359.9826,262.2148,1.477845E-05,14.78284,-250.7567,0,0
19.1225,0,-160.935,2.905845,19.94191,359.9826,260.9824,1.626589E-05,14.18283,-224.9746,0,0
19.23586,0,-161.8959,2.905845,19.80473,359.9826,259.4658,1.705546E-05,13.48283,-211.4574,0,0
19.34337,0,-162.6778,2.905845,19.67253,359.9826,258.1,1.799845E-05,12.88283,-201.9202,0,0
19.45231,0,-163.4193,2.905845,19.52217,359.9826,256.246,1.503609E-05,12.28283,-157.9639,0,0
19.56115,0,-164.1207,2.905845,19.35667,359.9826,254.4794,1.727141E-05,11.68282,-155.9453,0,0
19.66647,0,-164.7811,2.905845,19.17647,359.9826,252.485,1.676115E-05,11.08282,-91.32341,0,0
19.77241,0,-165.3994,2.905864,18.98114,359.9826,250.3692,1.637178E-05,10.48282,-81.48233,0,0
19.8813,0,-165.9758,2.905869,18.77431,359.9826,248.1966,1.698293E-05,9.882817,-42.53,0,0
19.99278,0,-166.5073,2.905869,18.55206,359.9826,245.4471,1.866129E-05,9.282815,14.82648,0,0
20.1048,0,-166.9954,2.905869,18.32041,359.9826,242.852,1.606495E-05,8.682813,16.76317,0,0
20.21742,0,-167.4389,2.905869,18.08094,359.9826,240.0353,1.468924E-05,8.08281,74.29765,0,0
20.32006,0,-167.84,2.905955,17.8396,359.9826,237.5165,1.483348E-05,7.482811,77.89407,0,0
20.4308,0,-168.2586,2.905976,17.56427,359.9826,235.0699,1.487934E-05,6.782812,80.67651,0,0
20.53572,0,-168.6263,2.905976,17.30076,359.9826,232.9225,1.740314E-05,6.082812,82.62605,0,0
20.64209,0,-168.946,2.905976,17.05448,359.9826,231.0108,1.452916E-05,5.382813,82.69834,0,0
20.74907,0,-169.2193,2.905976,16.82848,359.9826,229.205,1.298461E-05,4.682814,117.1932,0,0
20.85571,0,-169.4493,2.905976,16.62693,359.9826,227.7026,1.610164E-05,3.982814,119.8316,0,0
20.96965,0,-169.6616,2.905976,16.42983,359.9826,226.2044,1.680867E-05,3.182815,129.6302,0,0
21.07509,0,-169.8128,2.905976,16.28238,359.9826,225.0749,1.578898E-05,2.989825,134.1447,0.01,0
21.182,0,-169.9594,2.905976,16.13354,359.9826,223.9373,1.618668E-05,3.000516,134.2966,0.01,0
21.28978,0,-170.1035,2.905976,15.98126,359.9826,222.7823,1.492686E-05,3.065523,134.5787,0.45,0
21.40257,0,-170.2576,2.905976,15.81178,359.9826,221.5556,1.658355E-05,3.573064,134.5996,0.45,0
21.51369,0,-170.43,2.905976,15.61142,359.9826,220.0231,1.816145E-05,4.073137,134.6,0.45,0
21.61464,0,-170.5941,2.905976,15.41076,359.9826,218.5466,1.71255E-05,4.778314,134.6,0.76,0
21.71959,0,-170.8115,2.905976,15.12708,359.9826,216.4375,1.47943E-05,5.575987,134.6,0.76,0
21.82733,0,-171.0527,2.905976,14.79086,359.9826,214.2817,1.641471E-05,6.399554,134.6,0.77,0
21.93862,0,-171.3108,2.905976,14.39612,359.9826,211.7065,1.722722E-05,7.256437,134.6,0.77,0
22.05594,0,-171.5786,2.905976,13.93582,359.9826,208.6188,1.754488E-05,8.159867,134.6,0.77,0
22.16629,0,-171.8474,2.906134,13.40764,359.9636,205.2226,359.9935,8.954353,134.6,0.72,0
22.28042,0,-172.1053,2.905976,12.81193,359.9826,201.448,1.618272E-05,9.776103,133.325,0.72,0
22.3812,0,-172.3064,2.905976,12.25007,359.9826,197.8057,1.639074E-05,10.11252,132.82,0.14,0
22.49484,0,-172.5033,2.905976,11.56797,359.9826,193.8784,1.571727E-05,10.27161,132.8003,0.14,0
22.61374,0,-172.6552,2.905976,10.86289,359.9826,189.9746,1.738157E-05,10.31007,99.71236,0,0
22.72787,0,-172.7561,2.905976,10.17209,359.9826,186.1877,1.57033E-05,9.610065,98.03177,0,0
22.83336,0,-172.8057,2.905976,9.614607,359.9826,183.328,1.532431E-05,9.010062,59.25592,0,0
22.95036,0,-172.8297,2.905976,9.007396,359.9826,180.3572,1.473031E-05,8.31006,53.50965,0,0
23.05264,0,-172.8263,2.905976,8.525379,359.9826,178.0075,1.532775E-05,7.710059,40.34037,0,0
23.1558,0,-172.8103,2.905976,8.079218,359.9826,176.3176,1.674999E-05,7.110059,-28.37685,0,0
23.25729,0,-172.7842,2.905925,7.669545,359.9871,174.7901,359.9884,6.51006,-32.28275,0,0
23.36135,0,-172.751,2.905976,7.296288,359.9826,173.4249,1.6607E-05,5.91006,-69.31152,0,0
23.46333,0,-172.7155,2.905976,6.959258,359.9826,172.4072,1.641941E-05,5.310061,-91.3054,0,0
23.56624,0,-172.6786,2.905976,6.658531,359.9826,171.5002,1.597636E-05,4.710062,-92.17718,0,0
23.66771,0,-172.6426,2.905976,6.393896,359.9826,170.75,1.702576E-05,4.110062,-119.9736,0,0
23.76972,0,-172.607,2.905976,6.152407,359.9826,170.1115,1.637615E-05,4.154589,-124.547,0.17,0
23.87349,0,-172.5671,2.905957,5.902327,359.9826,169.4304,1.610455E-05,4.330991,-130.5368,0.17,0
23.97668,0,-172.5228,2.906127,5.641771,359.923,168.7294,0.02345653,4.560532,-138.5361,0.33,0
24.08078,0,-172.4724,2.90589,5.364811,359.9826,168.0777,1.738834E-05,4.904066,-138.8908,0.33,0
24.18412,0,-172.4145,2.90589,5.068188,359.9826,167.3157,1.78886E-05,5.245086,-141.7019,0.33,0
24.28979,0,-172.3483,2.90589,4.751886,359.9826,166.5183,1.715489E-05,5.625478,-143.3418,0.39,0
24.39276,0,-172.2724,2.905876,4.413307,359.9826,165.6587,1.594697E-05,6.027048,-143.3985,0.39,0
24.49626,0,-172.1875,2.905876,4.051901,359.9826,164.9524,1.588069E-05,6.430726,-193.8347,0.39,0
24.60092,0,-172.0924,2.905877,3.667164,359.9826,164.2271,1.512488E-05,6.870299,-198.1776,0.42,0
24.70571,0,-171.9862,2.905877,3.257889,359.9826,163.5355,1.541337E-05,7.310422,-233.5141,0.42,0
24.8084,0,-171.8703,2.905797,2.823717,-0.0005155465,163.0215,0.004443745,7.770939,-253.6092,0.48,0
24.9122,0,-171.7427,2.905876,2.362788,359.9826,162.4676,1.510216E-05,8.269193,-254.3805,0.48,0
25.02619,0,-171.5817,2.905877,1.789923,359.9826,162.1658,1.642159E-05,8.819725,-320.3511,0.49,0
25.13121,0,-171.4336,2.905877,1.268916,359.9826,161.9568,1.610706E-05,9.334284,-324.294,0.49,0
25.23848,0,-171.2507,2.905874,0.6263561,359.9826,161.9339,1.617605E-05,9.859918,-362.9282,0.49,0
25.34802,0,-171.0858,2.905874,0.04411834,359.9826,161.9818,1.567308E-05,10.39665,-366.8071,0.49,0
25.44924,0,-170.915,2.905898,-0.5697212,359.9767,162.2768,359.99,10.89264,-407.9321,0.49,0
25.5527,0,-170.741,2.905874,-1.21283,359.9826,162.6481,1.628861E-05,11.39959,-415.7474,0.49,0
25.66598,0,-170.5346,2.905874,-2.00067,359.9826,163.1446,1.681972E-05,11.95468,-417.5079,0.49,0
25.77348,0,-170.3555,2.905874,-2.709666,359.9826,163.6311,1.527892E-05,12.48141,-417.9857,0.49,0
25.87967,0,-170.1753,2.905874,-3.450339,359.9826,164.1432,1.567996E-05,13.00174,-421.7435,0.49,0
25.98279,0,-169.9956,2.905874,-4.222941,359.9826,164.7443,1.536501E-05,13.50706,-426.6767,0.49,0
26.08924,0,-169.8174,2.905874,-5.02711,359.9826,165.3509,1.514823E-05,14.02864,-426.8948,0.49,0
26.20008,0,-169.6143,2.905874,-6.004529,359.9826,166.2014,1.527934E-05,14.54603,-443.1838,0.41,0
26.30446,0,-169.4475,2.905874,-6.872459,359.9826,167.0122,1.521743E-05,14.97395,-444.2698,0.41,0
26.40528,0,-169.2904,2.905874,-7.768115,359.9826,167.9932,1.721888E-05,15.38732,-460.5022,0.41,0
26.51164,0,-169.1499,2.905874,-8.666225,359.9826,169.0383,1.620482E-05,14.78732,-463.0284,0,0
26.61315,0,-169.0309,2.905874,-9.531115,359.9826,170.0866,1.564244E-05,14.18732,-471.4197,0,0
26.72695,0,-168.9179,2.905874,-10.49758,359.9826,171.3155,1.64143E-05,13.48732,-476.3685,0,0
26.84236,0,-168.829,2.905874,-11.41726,359.9826,172.4319,1.544828E-05,12.78731,-475.6707,0,0
26.94623,0,-168.7709,2.905874,-12.168,359.9826,173.4138,1.57722E-05,12.18731,-474.5498,0,0
27.04763,0,-168.728,2.905874,-12.86207,359.9826,174.2625,1.58031E-05,10.72541,-474.5014,0,0.17
27.14942,0,-168.6985,2.905874,-13.46875,359.9826,174.9497,1.585151E-05,9.26023,-462.0692,0,0.17
27.25359,0,-168.6794,2.905874,-13.98167,359.9826,175.5315,1.669575E-05,7.228629,-460.9328,0,0.38
27.35713,0,-168.6688,2.905908,-14.3512,359.9762,175.9348,0.01794817,4.661231,-459.0422,0,0.38
27.46166,0,-168.6639,2.905874,-14.56551,359.9826,176.1773,1.56142E-05,2.035857,-457.845,0,0.43
27.5646,0,-168.6628,2.905874,-14.61658,359.9826,176.2314,1.587141E-05,0,-457.4045,0,0.43
27.66785,0,-168.6628,2.905874,-14.61658,359.9826,176.2314,1.525677E-05,0,-456.8265,0,0.43
27.78327,0,-168.6628,2.905874,-14.61658,359.9826,176.2314,1.62094E-05,0,-454.9328,0,0.38
27.89681,0,-168.6628,2.905874,-14.61658,359.9826,176.2314,1.576599E-05,0,-444.1448,0,0.38
28.01624,0,-168.6628,2.905873,-14.61658,359.9826,176.2314,1.645765E-05,0,-443.7066,0,0
28.13285,0,-168.6628,2.905874,-14.61658,359.9826,176.2347,1.575489E-05,0,-432.9049,0,0
28.23643,0,-168.6629,2.905874,-14.61658,359.9826,176.2408,1.61527E-05,0,-432.3165,0,0
28.35156,0,-168.6629,2.905874,-14.61658,359.9826,176.2422,1.600883E-05,0,-420.4953,0,0
28.45658,0,-168.6629,2.905874,-14.61658,359.9826,176.2422,1.527923E-05,0,-418.3645,0,0
28.57147,0,-168.6629,2.905874,-14.61658,359.9826,176.2428,1.605041E-05,0,-399.024,0,0
28.67681,0,-168.6629,2.905874,-14.61658,359.9826,176.2428,1.510665E-05,0,-384.2569,0,0
28.79291,0,-168.6629,2.905874,-14.61658,359.9826,176.2428,1.714634E-05,0,-383.7088,0,0
28.89363,0,-168.6629,2.905874,-14.61658,359.9826,176.2428,1.679257E-05,0,-364.4781,0,0
28.99581,0,-168.6629,2.905874,-14.61658,359.9826,176.2428,1.561988E-05,0,-362.6568,0,0
29.09722,0,-168.6629,2.905874,-14.61658,359.9826,176.2428,1.686787E-05,0,-363.5081,0,0
29.19758,0,-168.6629,2.905874,-14.61658,359.9826,176.2434,1.67255E-05,0,-363.7891,0,0
29.3005,0,-168.6629,2.905874,-14.61658,359.9826,176.2439,1.60995E-05,0,-361.1434,0,0
29.42016,0,-168.6629,2.905874,-14.61658,359.9826,176.2443,1.53279E-05,0,-360.3159,0,0
29.53518,0,-168.6629,2.905873,-14.61658,359.9826,176.2443,1.583488E-05,0,-357.4092,0,0
29.63651,0,-168.6629,2.905874,-14.61658,359.9826,176.2443,1.676422E-05,0,-355.6725,0,0
29.73762,0,-168.6629,2.905874,-14.61658,359.9826,176.2443,1.587829E-05,0,-355.602,0,0
29.8389,0,-168.6629,2.905839,-14.61656,359.9863,176.2443,-0.002943577,0,-355.6001,0,0
29.94422,0,-168.6629,2.905874,-14.61658,359.9826,176.2443,1.532947E-05,0,-355.6,0,0
30.04432,0,-168.6629,2.905874,-14.61658,359.9826,176.2443,1.601237E-05,0,-359.4454,0,0
30.14677,0,-168.6629,2.905874,-14.61658,359.9826,176.2443,1.641148E-05,0,-360.6564,0,0
30.25093,0,-168.6629,2.905874,-14.61658,359.9826,176.2443,1.616922E-05,0,-361.9193,0,0
30.35243,0,-168.6629,2.905874,-14.61658,359.9826,176.2443,1.508429E-05,0,-369.3292,0,0
30.4644,0,-168.6629,2.905874,-14.61658,359.9826,176.2443,1.606323E-05,0,-369.0141,0,0
30.57924,0,-168.6628,2.905796,-14.6165,359.994,176.2429,359.9872,0,-362.2828,0,0
30.69276,0,-168.6629,2.905874,-14.61658,359.9826,176.2443,1.619231E-05,0,-356.6263,0,0
30.79738,0,-168.6629,2.905874,-14.61658,359.9826,176.2443,1.618324E-05,0,-329.7797,0,0
30.90207,0,-168.6629,2.905874,-14.61658,359.9826,176.2443,1.384719E-05,0,-328.3382,0,0
31.01737,0,-168.6629,2.905874,-14.61658,359.9826,176.2443,1.590143E-05,0,-341.2953,0,0
31.12261,0,-168.6629,2.905874,-14.61658,359.9826,176.2443,1.602139E-05,0,-342.4675,0,0
31.23829,0,-168.6629,2.905874,-14.61658,359.9826,176.2443,1.574901E-05,0,-357.1319,0,0
31.34284,0,-168.6629,2.905874,-14.61658,359.9826,176.2443,1.717443E-05,0,-358.4621,0,0
31.45742,0,-168.6629,2.905874,-14.61658,359.9826,176.2443,1.489841E-05,0,-365.5399,0,0
31.56278,0,-168.6629,2.905874,-14.61658,359.9826,176.2443,1.597688E-05,0,-367.8256,0,0
31.66435,0,-168.6629,2.905874,-14.61658,359.9826,176.2443,1.77873E-05,0,-363.9883,0,0
31.76696,0,-168.6629,2.905874,-14.61658,359.9826,176.2443,1.610742E-05,0,-357.607,0,0
31.87062,0,-168.6629,2.905874,-14.61658,359.9826,176.2443,1.654218E-05,0,-357.308,0,0
31.98862,0,-168.6629,2.905874,-14.61658,359.9826,176.2443,1.57687E-05,0,-364.3249,0,0
32.08975,0,-168.6629,2.905874,-14.61658,359.9826,176.2443,1.549153E-05,0,-364.6888,0,0
32.19576,0,-168.6629,2.905874,-14.61658,359.9826,176.2443,1.582722E-05,0,-380.6443,0,0
32.31268,0,-168.6629,2.905874,-14.61658,359.9826,176.2443,1.63564E-05,0,-382.9559,0,0
32.41771,0,-168.6629,2.905874,-14.61658,359.9826,176.2443,1.610909E-05,0,-365.9626,0,0
32.51877,0,-168.6629,2.905874,-14.61658,359.9826,176.2443,1.611242E-05,0,-363.4846,0,0
32.63833,0,-168.6629,2.905874,-14.61658,359.9826,176.2443,1.732169E-05,0,-360.9412,0,0
32.75417,0,-168.6629,2.905874,-14.61658,359.9826,176.2443,1.625077E-05,0,-357.6935,0,0
32.85928,0,-168.6629,2.905874,-14.61658,359.9826,176.2443,1.661737E-05,0,-359.3695,0,0
32.97503,0,-168.6629,2.905874,-14.61658,359.9826,176.2458,1.632795E-05,0,-361.6349,0,0
33.07567,0,-168.6629,2.905865,-14.61658,359.9826,176.2507,1.524276E-05,0,-361.6982,0,0
33.18618,0,-168.6629,2.905764,-14.6165,359.9826,176.2525,1.57822E-05,0,-362.074,0,0
33.28646,0,-168.6629,2.905548,-14.61633,359.9826,176.2529,1.547543E-05,0,-362.0992,0,0
33.39578,0,-168.6629,2.905471,-14.61627,359.9826,176.2529,1.411676E-05,0,-362.1,0,0
33.50288,0,-168.663,2.905468,-14.61625,359.9826,176.2524,1.800345E-05,0,-362.1,0,0
33.60526,0,-168.663,2.905473,-14.61625,359.9826,176.2514,1.218238E-05,0,-362.1,0,0
33.71147,0,-168.663,2.905476,-14.61624,359.9826,176.251,1.24151E-05,0,-362.1,0,0
33.81939,0,-168.663,2.905472,-14.61624,359.9826,176.251,1.563629E-05,0,-362.1,0,0
33.93828,0,-168.663,2.90547,-14.61624,359.9826,176.2503,2.018729E-05,0,-362.1,0,0
34.05508,0,-168.663,2.905467,-14.61623,359.9826,176.2486,1.555172E-05,0,-362.1,0,0
34.16305,0,-168.6631,2.905472,-14.61622,359.9826,176.248,1.921022E-05,0,-362.1,0,0
34.2717,0,-168.6631,2.905477,-14.6162,359.9826,176.2466,1.647136E-05,0,-362.1,0,0
34.38126,0,-168.6631,2.905485,-14.61619,359.9826,176.2451,1.575578E-05,0,-362.1,0,0
34.4904,0,-168.6631,2.905491,-14.61619,359.9826,176.2444,1.627725E-05,0,-362.1,0,0
34.59968,0,-168.6631,2.905491,-14.61619,359.9826,176.2437,1.425558E-05,0,-362.1,0,0
34.70998,0,-168.6631,2.90549,-14.61619,359.9826,176.2429,2.306085E-05,0,-362.1,0,0
34.81466,0,-168.6631,2.905491,-14.61619,359.9826,176.2429,1.816859E-05,0,-362.1,0,0
34.92167,0,-168.6631,2.905491,-14.61619,359.9826,176.2429,1.967374E-05,0,-362.1,0,0
35.02964,0,-168.6631,2.905491,-14.61619,359.9826,176.2429,1.321265E-05,0,-362.1,0,0
35.1382,0,-168.6631,2.90549,-14.61619,359.9826,176.2428,1.700137E-05,0,-362.1,0,0
35.24198,0,-168.6631,2.905491,-14.61619,359.9826,176.2429,1.776927E-05,0,-362.1,0,0
35.35174,0,-168.6631,2.905491,-14.61619,359.9826,176.2429,1.89381E-05,0,-362.1,0,0
35.45574,0,-168.6631,2.905491,-14.61619,359.9826,176.2428,1.944347E-05,0,-362.1,0,0
35.56114,0,-168.6631,2.905536,-14.61623,359.9769,176.2508,-0.003531397,0,-362.1,0,0
35.66925,0,-168.6631,2.905491,-14.61619,359.9826,176.2429,1.438268E-05,0,-362.1,0,0
35.77101,0,-168.6631,2.905491,-14.61619,359.9826,176.2428,2.109583E-05,0,-362.1,0,0
35.88106,0,-168.6631,2.905491,-14.61619,359.9826,176.2429,1.532525E-05,0,-362.1,0,0
35.98876,0,-168.6631,2.90549,-14.61619,359.9826,176.2429,1.509638E-05,0,-362.1,0,0
36.09678,0,-168.6631,2.90549,-14.61619,359.9826,176.2429,1.782586E-05,0,-362.1,0,0
36.19875,0,-168.6631,2.905491,-14.61619,359.9826,176.2429,1.489377E-05,0,-362.1,0,0
36.30006,0,-168.6631,2.905491,-14.61619,359.9826,176.2429,1.520878E-05,0,-362.1,0,0
36.40184,0,-168.6631,2.905491,-14.61619,359.9826,176.2429,1.446511E-05,0,-362.1,0,0
36.52132,0,-168.6631,2.905491,-14.61619,359.9826,176.2429,1.947629E-05,0,-362.1,0,0
36.63603,0,-168.6631,2.905491,-14.61619,359.9826,176.2429,1.855889E-05,0,-362.1,0,0
36.75494,0,-168.6631,2.905491,-14.61619,359.9826,176.2429,1.373041E-05,0,-362.1,0,0
36.86443,0,-168.6631,2.905491,-14.61619,359.9826,176.2428,1.47265E-05,0,-362.1,0,0
36.97837,0,-168.6631,2.905491,-14.61619,359.9826,176.2429,1.867901E-05,0,-362.1,0,0
37.08058,0,-168.6631,2.905491,-14.61619,359.9826,176.2429,1.287862E-05,0,-362.1,0,0
37.19107,0,-168.6631,2.90549,-14.61619,359.9826,176.2428,1.037415E-05,0,-362.1,0,0
37.30531,0,-168.6631,2.90549,-14.61619,359.9826,176.2429,1.427001E-05,0,-362.1,0,0
37.42,0,-168.6631,2.90549,-14.61619,359.9826,176.2429,1.651607E-05,0,-362.1,0,0
37.53715,0,-168.6631,2.905491,-14.61619,359.9826,176.2428,1.51191E-05,0,-362.1,0,0
37.652,0,-168.6631,2.905491,-14.61619,359.9826,176.2429,2.084174E-05,0,-362.1,0,0
37.75219,0,-168.6631,2.90549,-14.61619,359.9826,176.2429,1.079947E-05,0,-362.1,0,0
37.85622,0,-168.6631,2.90549,-14.61619,359.9826,176.2429,1.233214E-05,0,-362.1,0,0
37.95703,0,-168.6631,2.905491,-14.61619,359.9826,176.2429,1.429894E-05,0,-362.1,0,0
38.05798,0,-168.6631,2.90549,-14.61618,359.9826,176.2341,1.745015E-05,0,-362.1,0,0
38.16042,0,-168.6632,2.905486,-14.61614,359.9826,176.2341,1.670236E-05,0,-362.1,0,0
38.26326,0,-168.6633,2.905478,-14.61609,359.9826,176.2339,1.562524E-05,0,-362.1,0,0
38.36575,0,-168.6636,2.905679,-14.61631,359.9156,176.2426,0.02391177,0,-362.1,0,0
38.46873,0,-168.6635,2.905464,-14.61601,359.9826,176.2339,1.604588E-05,0,-362.1,0,0
38.57103,0,-168.6636,2.905459,-14.61599,359.9826,176.2343,1.582842E-05,0,-362.1,0,0
38.67359,0,-168.6636,2.905457,-14.61598,359.9826,176.2345,1.613671E-05,0,-362.1,0,0
38.77491,0,-168.6636,2.905456,-14.61598,359.9826,176.2348,1.781247E-05,0,-362.1,0,0
38.88924,0,-168.6636,2.905458,-14.61598,359.9826,176.2348,1.566797E-05,0,-362.1,0,0
39.00094,0,-168.6636,2.905458,-14.61598,359.9826,176.235,1.626844E-05,0,-362.1,0,0
39.11375,0,-168.6636,2.905458,-14.61598,359.9826,176.235,1.622957E-05,0,-362.1,0,0
39.22346,0,-168.6636,2.905471,-14.61599,359.9826,176.2352,1.547741E-05,0,-362.1,0,0
39.33397,0,-168.6636,2.905475,-14.61599,359.9826,176.2355,1.537387E-05,0,-362.0174,0,0
39.44569,0,-168.6636,2.905483,-14.61598,359.9826,176.2357,1.697599E-05,0,-362.0004,0,0
39.55595,0,-168.6636,2.905492,-14.61597,359.9826,176.2361,1.712623E-05,0,-362,0,0
39.66447,0,-168.6637,2.905495,-14.61597,359.9826,176.2362,1.630335E-05,0,-362,0,0
39.77379,0,-168.6637,2.905488,-14.61597,359.9826,176.2362,1.620778E-05,0,-362,0,0
39.88435,0,-168.6637,2.905485,-14.61603,359.9826,176.2355,1.666906E-05,0,-362,0,0
39.99736,0,-168.6636,2.905526,-14.61613,359.9826,176.2343,1.505323E-05,0,-362,0,0
40.10114,0,-168.6636,2.905525,-14.61613,359.9826,176.2344,1.648084E-05,0,-362,0,0
40.20287,0,-168.6635,2.905524,-14.61613,359.9826,176.2344,1.519461E-05,0,-362,0,0
40.30884,0,-168.6635,2.905524,-14.61613,359.9825,176.2344,1.608694E-05,0,-362,0,0
40.4193,0,-168.6635,2.905525,-14.61613,359.9826,176.2344,1.680163E-05,0,-362,0,0
40.5309,0,-168.6635,2.905524,-14.61613,359.9826,176.2344,1.73368E-05,0,-362,0,0
40.64292,0,-168.6636,2.905524,-14.61613,359.9826,176.235,1.572378E-05,0,-362,0,0
40.75274,0,-168.6635,2.905559,-14.61613,359.9826,176.2354,1.700294E-05,0,-363.282,0,0
40.86447,0,-168.6635,2.905563,-14.61611,359.9826,176.2367,1.563947E-05,0,-364.5597,0,0
40.97625,0,-168.6635,2.905578,-14.6161,359.9826,176.2366,1.608381E-05,0,-364.5178,0,0
41.07775,0,-168.6635,2.905555,-14.61614,359.9826,176.2366,1.620763E-05,0,-363.9378,0,0
41.18467,0,-168.6635,2.905509,-14.61622,359.9826,176.2364,1.28089E-05,0,-363.9009,0,0
41.29911,0,-168.6634,2.905507,-14.61623,359.9826,176.2347,1.639773E-05,0,-363.9,0,0
41.40329,0,-168.6634,2.905419,-14.61621,359.9826,176.2343,1.609043E-05,0,-363.9,0,0
41.51475,0,-168.6634,2.905319,-14.6162,359.9826,176.2346,1.187206E-05,0,-363.9,0,0
41.62589,0,-168.6633,2.90511,-14.61619,359.9826,176.2331,1.643863E-05,0,-363.9,0,0
41.73097,0,-168.6632,2.90487,-14.61623,359.9826,176.2328,1.764504E-05,0,-363.9,0,0
41.83442,0,-168.6631,2.904594,-14.61624,359.9826,176.2321,1.573718E-05,0,-363.9,0,0
41.94626,0,-168.6631,2.904501,-14.61622,359.9826,176.2311,1.205564E-05,0,-363.9,0,0
42.05608,0,-168.6631,2.904434,-14.61622,359.9826,176.231,2.154345E-05,0,-363.9,0,0
42.16773,0,-168.6631,2.904395,-14.61625,359.9826,176.2306,1.701925E-05,0,-363.9,0,0
42.27871,0,-168.6631,2.904471,-14.61626,359.9826,176.2289,1.329936E-05,0,-363.9,0,0
42.38953,0,-168.6633,2.904306,-14.61632,359.9826,176.2286,7.037223E-06,0,-363.9,0,0
42.50111,0,-168.6635,2.904202,-14.61637,359.975,176.2205,359.9877,0,-363.9,0,0
42.61272,0,-168.6634,2.90428,-14.61633,359.9826,176.2257,1.61465E-05,0,-363.9,0,0
42.72314,0,-168.6633,2.904352,-14.61634,359.9825,176.2234,8.044356E-06,0,-363.7199,0,0
42.83458,0,-168.6631,2.904376,-14.61639,359.9826,176.2228,8.497976E-06,0,-363.7004,0,0
42.94601,0,-168.663,2.904453,-14.61656,359.9826,176.2309,1.260244E-05,0,-358.1107,0,0
43.0565,0,-168.663,2.904596,-14.61678,359.9826,176.2368,1.393891E-05,0,-357.5139,0,0
43.16777,0,-168.6629,2.904811,-14.61711,359.9826,176.2423,1.242005E-05,0,-360.7969,0,0
43.27894,0,-168.6625,2.904878,-14.6174,359.9826,176.2479,1.245371E-05,0,-361.3857,0,0
43.3899,0,-168.6623,2.904841,-14.61752,359.9826,176.2523,1.703457E-05,0,-361.3997,0,0
43.5011,0,-168.662,2.904698,-14.61777,359.9826,176.2639,7.640033E-06,0,-361.4,0,0
43.61398,0,-168.6616,2.904283,-14.61835,359.9826,176.2744,2.798083E-05,0,-361.4,0,0
43.72717,0,-168.661,2.903876,-14.61876,359.9826,176.3068,7.153116E-06,0,-361.4,0,0
43.83891,0,-168.6606,2.903665,-14.61895,359.9826,176.3206,7.906108E-06,0,-361.4,0,0
43.94978,0,-168.6599,2.902476,-14.61908,-0.001234683,176.3383,359.9253,0,-361.4,0,0
44.06097,0,-168.6598,2.903294,-14.61921,359.9826,176.3457,1.476308E-05,0,-361.4,0,0
44.16314,0,-168.6597,2.903211,-14.61926,359.9826,176.352,2.758401E-06,0,-361.4,0,0
44.2742,0,-168.6594,2.903049,-14.61938,359.9826,176.3605,6.430035E-06,0,-361.4,0,0
44.3783,0,-168.6591,2.902904,-14.61948,359.9826,176.3661,1.142746E-05,0,-361.4,0,0
44.49064,0,-168.6589,2.902739,-14.61961,359.9826,176.3716,8.589064E-06,0,-361.4,0,0
44.60442,0,-168.6588,2.902634,-14.61969,359.9826,176.3796,4.128171E-06,0,-361.4,0,0
44.71482,0,-168.6586,2.902514,-14.61979,359.9826,176.3846,5.066415E-06,0,-361.4,0,0
44.83166,0,-168.6583,2.902317,-14.61995,359.9826,176.3868,8.631796E-06,0,-361.4,0,0
44.93503,0,-168.658,2.902069,-14.62016,359.9826,176.3901,1.377997E-05,0,-361.4,0,0
45.04709,0,-168.6577,2.901856,-14.62035,359.9826,176.3926,1.690596E-05,0,-361.4,0,0
45.15968,0,-168.6574,2.90171,-14.62049,359.9826,176.3938,1.044586E-05,0,-361.4,0,0
45.26979,0,-168.657,2.90152,-14.62068,359.9826,176.3942,1.832132E-05,0,-361.4,0,0
45.38066,0,-168.6568,2.901348,-14.62084,359.9826,176.3977,1.301786E-05,0,-361.4,0,0
45.49204,0,-168.6565,2.90119,-14.62096,359.9826,176.3973,1.633019E-05,0,-361.4,0,0
45.60418,0,-168.6563,2.901071,-14.62104,359.9826,176.3976,2.069244E-05,0,-361.4,0,0
45.71569,0,-168.6562,2.901002,-14.62108,359.9826,176.3977,1.774238E-05,0,-361.4,0,0
45.82692,0,-168.6561,2.900956,-14.62111,359.9826,176.3989,1.752664E-05,0,-361.4,0,0
45.93986,0,-168.656,2.900922,-14.62114,359.9825,176.4014,2.305095E-05,0,-361.4,0,0
46.05125,0,-168.6559,2.900876,-14.62116,359.9826,176.4028,2.252297E-05,0,-361.4,0,0
46.16335,0,-168.6559,2.900849,-14.62117,359.9826,176.4039,1.884414E-05,0,-361.4,0,0
46.27538,0,-168.6558,2.900832,-14.62117,359.9826,176.4054,2.366726E-05,0,-361.4,0,0
46.3865,0,-168.6564,2.901979,-14.62082,359.9871,176.4234,0.05031491,0,-361.4,0,0
46.49815,0,-168.6557,2.900783,-14.62117,359.9826,176.4084,1.70254E-05,0,-361.4,0,0
46.60928,0,-168.6556,2.900743,-14.62117,359.9826,176.4112,1.478502E-05,0,-361.4,0,0
46.72061,0,-168.6555,2.9007,-14.62117,359.9826,176.4149,2.260765E-05,0,-361.4,0,0
46.83234,0,-168.6555,2.90066,-14.62117,359.9826,176.4186,1.540341E-05,0,-361.4,0,0
46.94381,0,-168.6553,2.900604,-14.62116,359.9826,176.4228,1.676276E-05,0,-361.4,0,0
47.05425,0,-168.6553,2.900584,-14.62115,359.9826,176.4286,1.504323E-05,0,-361.4,0,0
47.16551,0,-168.6553,2.900583,-14.62115,359.9826,176.4312,1.678527E-05,0,-361.4,0,0
47.27692,0,-168.6554,2.900584,-14.62115,359.9826,176.4353,2.208441E-05,0,-361.4,0,0
47.38774,0,-168.6554,2.900584,-14.62115,359.9826,176.4351,1.659596E-05,0,-361.4,0,0
47.49939,0,-168.6553,2.900584,-14.62115,359.9826,176.4337,1.736224E-05,0,-361.4,0,0
47.61053,0,-168.6565,2.903091,-14.62029,0.09182953,176.435,0.1511183,0,-361.4,0,0
47.72177,0,-168.6553,2.900561,-14.62114,359.9826,176.4349,5.421181E-06,0,-361.4,0,0
47.83327,0,-168.6552,2.900533,-14.62112,359.9826,176.435,1.389112E-05,0,-361.4,0,0
47.94431,0,-168.6552,2.900528,-14.62112,359.9826,176.4355,2.397315E-05,0,-361.4,0,0
48.05521,0,-168.6552,2.900523,-14.62111,359.9826,176.4362,9.355555E-06,0,-361.4,0,0
48.16673,0,-168.6552,2.90052,-14.62111,359.9826,176.4348,2.854404E-05,0,-361.4,0,0
48.27831,0,-168.6552,2.90052,-14.62111,359.9826,176.4335,2.937901E-05,0,-361.4,0,0
48.38922,0,-168.6552,2.900513,-14.62111,359.9826,176.4314,2.166508E-05,0,-361.4,0,0
48.50087,0,-168.6551,2.900494,-14.6211,359.9826,176.4299,9.171708E-06,0,-361.4,0,0
48.61227,0,-168.6551,2.900486,-14.62109,359.9826,176.4283,1.960693E-05,0,-361.4,0,0
48.7239,0,-168.6551,2.900486,-14.62109,359.9826,176.4269,1.632602E-05,0,-361.4,0,0
48.83509,0,-168.6551,2.900486,-14.62109,359.9826,176.4268,2.393187E-05,0,-361.4,0,0
48.94638,0,-168.6551,2.900486,-14.62109,359.9826,176.4269,1.942127E-05,0,-361.4,0,0
49.05752,0,-168.6551,2.900486,-14.62109,359.9826,176.4268,1.310035E-05,0,-361.4,0,0
49.16898,0,-168.6551,2.900486,-14.62109,359.9826,176.4268,2.190317E-05,0,-361.4,0,0
49.27992,0,-168.6551,2.900486,-14.62109,359.9826,176.4268,1.403338E-05,0,-361.4,0,0
49.39116,0,-168.655,2.900486,-14.62109,359.9826,176.4223,2.601821E-05,0,-361.4,0,0
49.5026,0,-168.655,2.900485,-14.62109,359.9826,176.4151,2.724791E-06,0,-361.4,0,0
49.61392,0,-168.655,2.90047,-14.62108,359.9826,176.4144,1.43226E-05,0,-361.4,0,0
49.72474,0,-168.6547,2.900136,-14.62132,-0.003343638,176.3997,359.9918,0,-361.4,0,0
49.83661,0,-168.6549,2.90047,-14.62108,359.9826,176.4124,1.209473E-05,0,-361.4,0,0
49.94748,0,-168.6549,2.900466,-14.62107,359.9826,176.4129,2.392619E-05,0,-361.4,0,0
50.05917,0,-168.6549,2.900464,-14.62107,359.9826,176.4133,2.438956E-05,0,-361.4,0,0
50.16968,0,-168.6551,2.900826,-14.62092,359.9824,176.4192,0.01375885,0,-361.4,0,0
50.2812,0,-168.6549,2.900463,-14.62107,359.9826,176.414,3.166972E-05,0,-361.4,0,0
50.3922,0,-168.6549,2.900464,-14.62107,359.9826,176.4141,7.906681E-06,0,-361.4,0,0
50.5033,0,-168.6549,2.900464,-14.62107,359.9826,176.414,1.515198E-05,0,-361.4,0,0
50.61453,0,-168.6549,2.900456,-14.62106,359.9826,176.4166,2.592082E-05,0,-361.4,0,0
50.72523,0,-168.6547,2.900434,-14.62103,359.9826,176.4185,2.304209E-05,0,-361.4,0,0
50.83591,0,-168.6546,2.900419,-14.62101,359.9826,176.4203,1.860397E-05,0,-361.4,0,0
50.94688,0,-168.6545,2.9004,-14.62097,359.9826,176.4212,1.433203E-05,0,-361.4,0,0
51.05762,0,-168.6543,2.900374,-14.62092,359.9826,176.4207,2.185361E-05,0,-361.4,0,0
51.16859,0,-168.6542,2.900358,-14.62089,359.9826,176.421,2.421442E-05,0,-361.4,0,0
51.27926,0,-168.6541,2.900347,-14.62087,359.9826,176.4214,1.83515E-05,0,-361.4,0,0
51.38918,0,-168.6541,2.900347,-14.62087,359.9826,176.4213,1.457007E-05,0,-361.4,0,0
51.4943,0,-168.6549,2.899636,-14.61862,359.9749,176.5086,359.9716,0,-361.4,0,0
51.59903,0,-168.6541,2.900347,-14.62087,359.9826,176.4209,2.511957E-05,0,-361.4,0,0
51.70106,0,-168.6542,2.899768,-14.62019,359.9435,176.4619,359.9628,0,-361.4,0,0
51.81798,0,-168.6541,2.900347,-14.62087,359.9826,176.4213,1.669225E-05,0,-361.4,0,0
51.92195,0,-168.6541,2.900347,-14.62087,359.9826,176.4218,1.988697E-05,0,-361.4,0,0
52.02794,0,-168.6542,2.900347,-14.62087,359.9826,176.4252,2.428544E-05,0,-361.4,0,0
52.1378,0,-168.6542,2.900347,-14.62087,359.9826,176.4267,1.26843E-05,0,-361.4,0,0
52.24714,0,-168.6542,2.900347,-14.62087,359.9826,176.4283,1.766849E-05,0,-361.4,0,0
52.36086,0,-168.6542,2.900347,-14.62087,359.9826,176.4292,2.544666E-05,0,-361.4,0,0
52.47024,0,-168.6542,2.900347,-14.62087,359.9826,176.4292,2.509992E-05,0,-361.4,0,0
52.58157,0,-168.6545,2.899903,-14.61992,0.05126441,176.4339,0.01293403,0,-361.4,0,0
52.69356,0,-168.6542,2.900347,-14.62087,359.9826,176.4364,2.205533E-05,0,-361.4,0,0
52.80505,0,-168.6542,2.900347,-14.62087,359.9826,176.4366,2.818855E-05,0,-361.4,0,0
52.91693,0,-168.6542,2.900347,-14.62087,359.9826,176.4366,1.26903E-05,0,-361.4,0,0
53.02148,0,-168.6542,2.900347,-14.62087,359.9826,176.4416,1.200828E-05,0,-361.4,0,0
53.13103,0,-168.6542,2.900347,-14.62087,359.9826,176.4423,1.349649E-05,0,-361.4,0,0
53.2407,0,-168.6542,2.900345,-14.62087,359.9826,176.4464,1.239749E-05,0,-361.4,0,0
53.34882,0,-168.6543,2.900345,-14.62087,359.9826,176.4465,1.991647E-05,0,-361.4,0,0
53.45306,0,-168.6543,2.900345,-14.62087,359.9826,176.4469,2.819652E-05,0,-361.4,0,0
53.55583,0,-168.6543,2.900345,-14.62087,359.9826,176.447,1.879052E-05,0,-361.4,0,0
53.66174,0,-168.6543,2.900345,-14.62087,359.9826,176.4469,1.630445E-05,0,-361.4,0,0
53.76839,0,-168.6543,2.900345,-14.62087,359.9826,176.4469,2.149114E-05,0,-361.4,0,0
53.87955,0,-168.6543,2.900344,-14.62087,359.9826,176.4469,1.856567E-05,0,-361.4,0,0
53.99133,0,-168.6542,2.900345,-14.62087,359.9826,176.4463,1.638121E-05,0,-361.4,0,0
54.10338,0,-168.6542,2.900344,-14.62087,359.9826,176.4464,1.632925E-05,0,-361.4,0,0
54.21085,0,-168.6542,2.900344,-14.62087,359.9826,176.4471,1.292291E-05,0,-361.4,0,0
54.31839,0,-168.6543,2.900344,-14.62087,359.9826,176.4488,1.67612E-05,0,-361.4,0,0
54.42794,0,-168.6543,2.900345,-14.62087,359.9826,176.4504,1.819657E-05,0,-361.4,0,0
54.53863,0,-168.6543,2.900345,-14.62087,359.9826,176.4504,1.741101E-05,0,-361.4,0,0
54.64964,0,-168.6543,2.900344,-14.62087,359.9826,176.4504,1.52402E-05,0,-361.4,0,0
54.76058,0,-168.6543,2.900345,-14.62087,359.9826,176.453,1.246904E-05,0,-361.4,0,0
54.87225,0,-168.6543,2.900344,-14.62087,359.9826,176.4533,2.021089E-05,0,-361.4,0,0
54.98476,0,-168.6543,2.900345,-14.62087,359.9826,176.4532,1.967905E-05,0,-361.4,0,0
55.09789,0,-168.6543,2.900345,-14.62087,359.9826,176.4534,1.968296E-05,0,-361.4,0,0
55.2077,0,-168.6543,2.900345,-14.62087,359.9826,176.454,1.764295E-05,0,-361.4,0,0
55.31638,0,-168.6543,2.900345,-14.62087,359.9826,176.4539,2.02679E-05,0,-361.4,0,0
55.42688,0,-168.6543,2.900344,-14.62087,359.9826,176.4542,1.7796E-05,0,-361.4,0,0
55.53864,0,-168.6543,2.900345,-14.62087,359.9826,176.4545,2.121063E-05,0,-361.4,0,0
55.65092,0,-168.6543,2.900344,-14.62087,359.9826,176.455,2.458049E-05,0,-361.4,0,0
55.76225,0,-168.6563,2.901536,-14.6172,0.1180659,176.5352,0.08975254,0,-361.4,0,0
55.87309,0,-168.6543,2.900345,-14.62087,359.9826,176.4554,1.33226E-05,0,-361.4,0,0
55.98419,0,-168.6543,2.900345,-14.62087,359.9826,176.4545,1.946822E-05,0,-361.4,0,0
56.09679,0,-168.6543,2.900345,-14.62087,359.9826,176.4544,1.336882E-05,0,-361.4,0,0
56.21024,0,-168.6543,2.900342,-14.62087,359.9826,176.4544,1.413078E-05,0,-361.4,0,0
56.32447,0,-168.6542,2.90033,-14.62087,359.9826,176.4549,1.080432E-05,0,-361.4,0,0
56.43947,0,-168.6542,2.90033,-14.62087,359.9826,176.4553,1.594171E-05,0,-361.4,0,0
56.55331,0,-168.6542,2.900318,-14.62087,359.9826,176.4579,1.211026E-05,0,-361.4,0,0
56.66927,0,-168.6541,2.900303,-14.62087,359.9826,176.4582,1.718621E-05,0,-361.4,0,0
56.77805,0,-168.654,2.900295,-14.62087,359.9826,176.4586,1.961876E-05,0,-361.4,0,0
56.89115,0,-168.654,2.900296,-14.62087,359.9826,176.4595,1.613541E-05,0,-361.4,0,0
57.00627,0,-168.6541,2.900296,-14.62087,359.9826,176.4605,1.741617E-05,0,-361.4,0,0
57.12053,0,-168.654,2.900295,-14.62087,359.9826,176.4606,2.09273E-05,0,-361.4,0,0
57.23527,0,-168.6541,2.900296,-14.62087,359.9826,176.4617,1.749048E-05,0,-361.4,0,0
57.34765,0,-168.654,2.900295,-14.62087,359.9826,176.4617,2.056014E-05,0,-361.4,0,0
57.45898,0,-168.6541,2.900295,-14.62087,359.9826,176.4617,1.648251E-05,0,-361.4,0,0
57.56587,0,-168.654,2.900296,-14.62087,359.9826,176.4617,1.721393E-05,0,-361.4,0,0
57.67168,0,-168.6541,2.900295,-14.62087,359.9826,176.4617,2.358007E-05,0,-361.4,0,0
57.7844,0,-168.6541,2.900295,-14.62087,359.9826,176.4617,1.743535E-05,0,-361.4,0,0
57.89937,0,-168.654,2.900296,-14.62087,359.9826,176.4622,2.110745E-05,0,-361.4,0,0
58.01162,0,-168.6541,2.900296,-14.62087,359.9826,176.4644,1.090015E-05,0,-361.4,0,0
58.12385,0,-168.6541,2.900296,-14.62087,359.9826,176.4644,1.652931E-05,0,-361.4,0,0
58.23824,0,-168.6541,2.900296,-14.62087,359.9826,176.4645,1.368221E-05,0,-361.4,0,0
58.3455,0,-168.6672,2.905941,-14.61748,359.9808,176.2594,0.03938109,0,-361.4,0,0
58.46246,0,-168.6672,2.905941,-14.61748,359.9808,176.2606,0.0393821,0,-361.4,0,0
58.57696,0,-168.6672,2.905941,-14.61748,359.9808,176.2664,0.03938086,0,-361.4,0,0
58.68913,0,-168.6672,2.905941,-14.61747,359.9808,176.2711,0.03938235,0,-361.4,0,0
58.79553,0,-168.6672,2.905941,-14.61748,359.9808,176.2711,0.03938249,0,-361.4,0,0
58.90965,0,-168.6672,2.905941,-14.61747,359.9808,176.2718,0.0393839,0,-361.4,0,0
59.02744,0,-168.6672,2.905941,-14.61748,359.9808,176.2718,0.03937837,0,-361.4,0,0
59.1416,0,-168.6672,2.905941,-14.61748,359.9808,176.2718,0.03938317,0,-361.4,0,0
59.25563,0,-168.6672,2.905941,-14.61748,359.9808,176.2718,0.0393827,0,-361.4,0,0
59.36667,0,-168.6672,2.905941,-14.61748,359.9808,176.2719,0.03938091,0,-361.4,0,0
59.478,0,-168.6673,2.905941,-14.61747,359.9808,176.2752,0.03938366,0,-361.4,0,0
59.59322,0,-168.6672,2.905941,-14.61747,359.9808,176.2754,0.03938125,0,-361.4,0,0
59.70798,0,-168.6673,2.905941,-14.61747,359.9808,176.276,0.03938362,0,-361.4,0,0
59.82233,0,-168.6673,2.905941,-14.61747,359.9808,176.2764,0.03938184,0,-361.4,0,0
59.93628,0,-168.6673,2.905941,-14.61747,359.9808,176.2774,0.03938159,0,-361.4,0,0
60.05212,0,-168.6673,2.905941,-14.61747,359.9808,176.2775,0.03937859,0,-361.4,0,0
60.16689,0,-168.6673,2.905941,-14.61747,359.9808,176.2772,0.03937592,0,-361.4,0,0
60.28187,0,-168.6673,2.905941,-14.61747,359.9808,176.277,0.03938162,0,-361.4,0,0
60.39779,0,-168.6673,2.905941,-14.61747,359.9808,176.2767,0.03937969,0,-361.4,0,0
60.50801,0,-168.6673,2.905941,-14.61747,359.9808,176.277,0.03938714,0,-361.4,0,0
60.62156,0,-168.6673,2.905941,-14.61747,359.9808,176.2771,0.03938334,0,-361.4,0,0
60.73659,0,-168.6673,2.905941,-14.61747,359.9808,176.2778,0.03938464,0,-361.4,0,0
60.85419,0,-168.6673,2.905941,-14.61747,359.9808,176.2787,0.03937932,0,-361.4,0,0
60.96746,0,-168.6673,2.905941,-14.61747,359.9808,176.2793,0.03937747,0,-361.4,0,0
61.0817,0,-168.6673,2.905941,-14.61747,359.9808,176.2804,0.03938411,0,-361.4,0,0
61.18841,0,-168.6673,2.905941,-14.61747,359.9808,176.2804,0.03938345,0,-361.4,0,0
61.29906,0,-168.6673,2.905941,-14.61747,359.9808,176.2804,0.03938124,0,-361.4,0,0
61.41145,0,-168.6673,2.905941,-14.61747,359.9808,176.2815,0.03938125,0,-361.4,0,0
61.52517,0,-168.6673,2.905941,-14.61747,359.9808,176.2825,0.03938038,0,-361.4,0,0
61.63579,0,-168.6673,2.905941,-14.61747,359.9808,176.283,0.03938182,0,-361.4,0,0
61.74705,0,-168.6673,2.905941,-14.61747,359.9808,176.2843,0.0393824,0,-361.4,0,0
61.86146,0,-168.6673,2.905941,-14.61747,359.9808,176.2845,0.0393833,0,-361.4,0,0
61.9744,0,-168.6673,2.905941,-14.61747,359.9808,176.2845,0.03938087,0,-361.4,0,0
62.08951,0,-168.6673,2.905941,-14.61747,359.9808,176.2856,0.03938014,0,-361.4,0,0
62.20511,0,-168.6673,2.905941,-14.61747,359.9808,176.2872,0.03937757,0,-361.4,0,0
62.31916,0,-168.6673,2.905941,-14.61747,359.9808,176.2877,0.03937691,0,-361.4,0,0
62.43408,0,-168.6673,2.905941,-14.61747,359.9808,176.2881,0.03938364,0,-361.4,0,0
62.54881,0,-168.6673,2.905941,-14.61747,359.9808,176.2884,0.03938188,0,-361.4,0,0
62.65733,0,-168.6673,2.905941,-14.61747,359.9808,176.2884,0.03938683,0,-361.4,0,0
62.76926,0,-168.6673,2.905941,-14.61747,359.9808,176.2887,0.03938318,0,-361.4,0,0
62.88309,0,-168.6677,2.906864,-14.61762,359.9827,176.2847,0.07017986,0,-361.4,0,0
62.99562,0,-168.6672,2.905953,-14.61748,359.9808,176.2905,0.03938383,0,-361.4,0,0
63.10925,0,-168.6672,2.905962,-14.61748,359.9808,176.2918,0.03937939,0,-361.4,0,0
63.22337,0,-168.6672,2.905961,-14.61748,359.9808,176.2921,0.03938029,0,-361.4,0,0
63.33891,0,-168.6672,2.905961,-14.61748,359.9808,176.2925,0.0393778,0,-361.4,0,0
63.45427,0,-168.6672,2.905962,-14.61748,359.9808,176.2928,0.03937986,0,-361.4,0,0
63.56812,0,-168.6672,2.905962,-14.61748,359.9808,176.2936,0.03938377,0,-361.4,0,0
63.68264,0,-168.6671,2.905967,-14.61748,359.9808,176.2939,0.03938328,0,-361.4,0,0
63.79928,0,-168.6671,2.905976,-14.61749,359.9808,176.2934,0.03938052,0,-361.4,0,0
63.91279,0,-168.667,2.90598,-14.61749,359.9808,176.2936,0.03937661,0,-361.4,0,0
64.02374,0,-168.6667,2.906008,-14.61753,359.9808,176.2941,0.03937989,0,-361.4,0,0
64.13716,0,-168.6667,2.906011,-14.61753,359.9808,176.297,0.03938163,0,-361.4,0,0
64.25106,0,-168.6667,2.906019,-14.61753,359.9808,176.3004,0.0393809,0,-361.4,0,0
64.35998,0,-168.6667,2.90602,-14.61753,359.9808,176.2997,0.03937927,0,-361.4,0,0
64.47056,0,-168.6667,2.906021,-14.61754,359.9808,176.2995,0.03938308,0,-361.4,0,0
64.58289,0,-168.6667,2.906021,-14.61754,359.9808,176.2992,0.0393822,0,-361.4,0,0
64.69904,0,-168.6667,2.906021,-14.61754,359.9808,176.299,0.03938047,0,-361.4,0,0
64.81184,0,-168.6667,2.906021,-14.61754,359.9808,176.2988,0.03938075,0,-361.4,0,0
64.92451,0,-168.6667,2.906021,-14.61754,359.9808,176.2985,0.03938103,0,-361.4,0,0
65.03473,0,-168.6667,2.906021,-14.61754,359.9808,176.2986,0.03938137,0,-361.4,0,0
65.14611,0,-168.6666,2.906022,-14.61754,359.9808,176.2999,0.03938153,0,-361.4,0,0
65.25494,0,-168.6666,2.906022,-14.61754,359.9808,176.3005,0.03938263,0,-361.4,0,0
65.36337,0,-168.6666,2.906022,-14.61754,359.9808,176.301,0.03937988,0,-361.4,0,0
65.47386,0,-168.6666,2.906022,-14.61754,359.9808,176.3015,0.03938442,0,-361.4,0,0
65.58508,0,-168.6666,2.906023,-14.61754,359.9808,176.3011,0.03938016,0,-361.4,0,0
65.69748,0,-168.6666,2.906023,-14.61755,359.9808,176.3002,0.03938439,0,-361.4,0,0
65.80865,0,-168.6666,2.906024,-14.61755,359.9808,176.2995,0.03937712,0,-361.4,0,0
65.92087,0,-168.6666,2.906024,-14.61755,359.9808,176.2989,0.0393782,0,-361.4,0,0
66.03071,0,-168.6667,2.906401,-14.61769,359.9731,176.2971,0.05044953,0,-361.4,0,0
66.14093,0,-168.6666,2.906024,-14.61755,359.9808,176.298,0.03938318,0,-361.4,0,0
66.25222,0,-168.6666,2.906023,-14.61755,359.9808,176.2981,0.03938027,0,-361.4,0,0
66.36398,0,-168.6666,2.906024,-14.61755,359.9808,176.2973,0.03938235,0,-361.4,0,0
66.47655,0,-168.6666,2.906024,-14.61755,359.9808,176.297,0.03937824,0,-361.4,0,0
66.5854,0,-168.6665,2.906022,-14.61758,359.9808,176.2965,0.03937942,0,-361.4,0,0
66.69008,0,-168.6664,2.906022,-14.61758,359.9808,176.2968,0.03938409,0,-361.4,0,0
66.79651,0,-168.6664,2.906022,-14.61758,359.9808,176.2965,0.03938159,0,-361.4,0,0
66.90318,0,-168.6664,2.906022,-14.61758,359.9808,176.2976,0.0393775,0,-361.4,0,0
67.00945,0,-168.6661,2.905566,-14.61801,359.9733,176.2858,0.02261709,0,-361.4,0,0
67.11506,0,-168.6665,2.906022,-14.61758,359.9808,176.297,0.03937861,0,-361.4,0,0
67.22132,0,-168.6665,2.906022,-14.61758,359.9808,176.2968,0.03937938,0,-361.4,0,0
67.32864,0,-168.6665,2.906022,-14.61758,359.9808,176.2964,0.03938229,0,-361.4,0,0
67.43669,0,-168.6664,2.906022,-14.61758,359.9808,176.2962,0.03938111,0,-361.4,0,0
67.54539,0,-168.6664,2.906021,-14.61758,359.9808,176.2959,0.03937754,0,-361.4,0,0
67.64961,0,-168.6664,2.906022,-14.61759,359.9808,176.2953,0.03938199,0,-361.4,0,0
67.75623,0,-168.6664,2.906021,-14.61759,359.9808,176.2951,0.03938346,0,-361.4,0,0
67.86398,0,-168.6664,2.906021,-14.61758,359.9808,176.2948,0.03937849,0,-361.4,0,0
67.97366,0,-168.6664,2.906022,-14.61758,359.9808,176.2953,0.03938351,0,-361.4,0,0
68.0855,0,-168.6665,2.906022,-14.61758,359.9808,176.2957,0.03937845,0,-361.4,0,0
68.1934,0,-168.6664,2.906021,-14.61759,359.9808,176.2962,0.03938406,0,-361.4,0,0
68.30576,0,-168.6664,2.906018,-14.6176,359.9808,176.2962,0.03937986,0,-361.4,0,0
68.42418,0,-168.6664,2.906016,-14.61761,359.9808,176.2962,0.03937838,0,-361.4,0,0
68.54305,0,-168.6663,2.906012,-14.61762,359.9808,176.2958,0.03938024,0,-361.4,0,0
68.66006,0,-168.6663,2.906009,-14.61764,359.9808,176.2957,0.03938066,0,-361.4,0,0
68.77905,0,-168.6663,2.906008,-14.61764,359.9808,176.2957,0.03938247,0,-361.4,0,0
68.89904,0,-168.6663,2.906009,-14.61764,359.9808,176.2957,0.03938116,0,-361.4,0,0
69.01904,0,-168.6663,2.906009,-14.61764,359.9808,176.2977,0.03937907,0,-361.4,0,0
69.13905,0,-168.6663,2.906009,-14.61764,359.9808,176.2971,0.03938524,0,-361.4,0,0
69.25904,0,-168.6663,2.906009,-14.61764,359.9808,176.2969,0.03937862,0,-361.4,0,0
69.37904,0,-168.6663,2.906009,-14.61764,359.9808,176.297,0.03937586,0,-361.4,0,0
69.49875,0,-168.6663,2.906009,-14.61764,359.9808,176.297,0.03938212,0,-361.4,0,0
69.61814,0,-168.6663,2.906009,-14.61764,359.9808,176.2974,0.03937881,0,-361.4,0,0
69.73798,0,-168.6663,2.906009,-14.61764,359.9808,176.2973,0.03937878,0,-361.4,0,0
69.85798,0,-168.6663,2.906009,-14.61764,359.9808,176.2973,0.03938072,0,-361.4,0,0
69.97791,0,-168.6663,2.906009,-14.61764,359.9808,176.2966,0.03937922,0,-361.4,0,0
70.09792,0,-168.6668,2.906544,-14.61721,-0.005087188,176.3064,0.06674983,0,-361.4,0,0
70.21791,0,-168.6663,2.906009,-14.61764,359.9808,176.2961,0.03938706,0,-361.4,0,0
70.33791,0,-168.6663,2.906008,-14.61764,359.9808,176.296,0.03938343,0,-361.4,0,0
70.45792,0,-168.6663,2.906009,-14.61764,359.9808,176.2962,0.03938184,0,-361.4,0,0
70.57757,0,-168.6663,2.906009,-14.61764,359.9808,176.2966,0.03937897,0,-361.4,0,0
70.6974,0,-168.6663,2.906008,-14.61764,359.9808,176.2967,0.03937966,0,-361.4,0,0
70.8174,0,-168.6663,2.906009,-14.61764,359.9808,176.2967,0.03938155,0,-361.4,0,0
70.9374,0,-168.6663,2.906009,-14.61764,359.9808,176.2968,0.03938232,0,-361.4,0,0
71.0574,0,-168.6663,2.906009,-14.61764,359.9808,176.2968,0.03938196,0,-361.4,0,0
71.17695,0,-168.6663,2.906009,-14.61764,359.9808,176.2968,0.03938225,0,-361.4,0,0
71.29695,0,-168.6663,2.906009,-14.61764,359.9808,176.2964,0.03938322,0,-361.4,0,0
71.41695,0,-168.6663,2.906009,-14.61764,359.9808,176.2966,0.03938125,0,-361.4,0,0
71.53661,0,-168.6663,2.906009,-14.61764,359.9808,176.2966,0.039377,0,-361.4,0,0
71.65662,0,-168.6663,2.906009,-14.61764,359.9808,176.2975,0.03937978,0,-361.4,0,0
71.77662,0,-168.6663,2.906009,-14.61764,359.9808,176.2981,0.03938012,0,-361.4,0,0
71.89661,0,-168.6663,2.906009,-14.61764,359.9808,176.298,0.03937905,0,-361.4,0,0
72.01652,0,-168.6663,2.905995,-14.61766,359.9808,176.2985,0.03937923,0,-361.4,0,0
72.13652,0,-168.6662,2.905993,-14.61767,359.9808,176.2988,0.03938046,0,-361.4,0,0
72.25649,0,-168.6662,2.905994,-14.61767,359.9808,176.299,0.03938477,0,-361.4,0,0
72.37598,0,-168.6662,2.905994,-14.61767,359.9808,176.2993,0.03937723,0,-361.4,0,0
72.49478,0,-168.6662,2.905993,-14.61766,359.9808,176.2996,0.03938047,0,-361.4,0,0
72.61478,0,-168.6663,2.905993,-14.61766,359.9808,176.2996,0.03938165,0,-361.4,0,0
72.73479,0,-168.6662,2.905993,-14.61766,359.9808,176.2996,0.03938169,0,-361.4,0,0
72.85478,0,-168.6663,2.905993,-14.61766,359.9808,176.2997,0.03938098,0,-361.4,0,0
72.97478,0,-168.6662,2.905993,-14.61767,359.9808,176.2998,0.03938258,0,-361.4,0,0
73.09479,0,-168.6664,2.905939,-14.61718,-0.00269258,176.3092,0.04275607,0,-361.4,0,0
73.21146,0,-168.6662,2.905993,-14.61766,359.9808,176.2999,0.03938339,0,-361.4,0,0
73.32428,0,-168.6663,2.905994,-14.61766,359.9808,176.2999,0.0393825,0,-361.4,0,0
73.43918,0,-168.6662,2.905994,-14.61766,359.9808,176.2999,0.03938076,0,-361.4,0,0
73.55284,0,-168.6662,2.905994,-14.61766,359.9808,176.2999,0.039381,0,-361.4,0,0
73.66296,0,-168.6662,2.905993,-14.61766,359.9808,176.2999,0.03938247,0,-361.4,0,0
73.77285,0,-168.6663,2.905993,-14.61766,359.9808,176.2998,0.03938641,0,-361.4,0,0
73.88626,0,-168.6662,2.905993,-14.61766,359.9808,176.2999,0.03938065,0,-361.4,0,0
74.00292,0,-168.6663,2.905993,-14.61766,359.9808,176.2999,0.03937947,0,-361.4,0,0
74.11945,0,-168.6662,2.905993,-14.61766,359.9808,176.2999,0.03938666,0,-361.4,0,0
74.23486,0,-168.6662,2.905994,-14.61766,359.9808,176.2999,0.03937656,0,-361.4,0,0
74.35065,0,-168.6662,2.905994,-14.61766,359.9808,176.2999,0.03938108,0,-361.4,0,0
74.4659,0,-168.6662,2.905994,-14.61766,359.9808,176.2987,0.03938185,0,-361.4,0,0
74.57961,0,-168.6662,2.905993,-14.61767,359.9808,176.2981,0.03938082,0,-361.4,0,0
74.69004,0,-168.6662,2.905994,-14.61767,359.9808,176.298,0.03938521,0,-361.4,0,0
74.80176,0,-168.6662,2.905994,-14.61766,359.9808,176.2977,0.03937907,0,-361.4,0,0
74.91531,0,-168.6662,2.905993,-14.61767,359.9808,176.2976,0.03938426,0,-361.4,0,0
75.0293,0,-168.6662,2.905994,-14.61766,359.9808,176.2974,0.03938121,0,-361.4,0,0
75.14507,0,-168.6662,2.905993,-14.61767,359.9808,176.2972,0.03938079,0,-361.4,0,0
75.25919,0,-168.6662,2.906177,-14.61803,359.9636,176.2918,0.04152305,0,-361.4,0,0
75.36887,0,-168.6662,2.905993,-14.61767,359.9808,176.2968,0.03937821,0,-361.4,0,0
75.48044,0,-168.6662,2.905993,-14.61766,359.9808,176.2965,0.03938094,0,-361.4,0,0
75.59332,0,-168.6662,2.905745,-14.61752,-0.003607882,176.2939,0.03455468,0,-361.4,0,0
75.70988,0,-168.6662,2.905993,-14.61767,359.9808,176.2961,0.03938484,0,-361.4,0,0
75.82457,0,-168.6662,2.905993,-14.61767,359.9808,176.2958,0.03938719,0,-361.4,0,0
75.93945,0,-168.6662,2.905993,-14.61767,359.9808,176.2958,0.03937919,0,-361.4,0,0
76.0471,0,-168.6662,2.905994,-14.61767,359.9808,176.2958,0.03938073,0,-361.4,0,0
76.15804,0,-168.6662,2.905993,-14.61766,359.9808,176.2986,0.03938188,0,-361.4,0,0
76.27112,0,-168.6662,2.905993,-14.61766,359.9808,176.2986,0.03938449,0,-361.4,0,0
76.38439,0,-168.6662,2.905994,-14.61766,359.9808,176.3006,0.03938361,0,-361.4,0,0
76.49889,0,-168.6662,2.905994,-14.61766,359.9808,176.3008,0.03938408,0,-361.4,0,0
76.61348,0,-168.6662,2.905993,-14.61766,359.9808,176.301,0.03938523,0,-361.4,0,0
76.7291,0,-168.6663,2.905993,-14.61766,359.9808,176.301,0.03938184,0,-361.4,0,0
76.84531,0,-168.6663,2.905994,-14.61766,359.9808,176.301,0.0393855,0,-361.4,0,0
76.9615,0,-168.6662,2.905994,-14.61766,359.9808,176.301,0.0393784,0,-361.4,0,0
77.0751,0,-168.6662,2.905994,-14.61766,359.9808,176.3011,0.03938238,0,-361.4,0,0
77.18227,0,-168.6661,2.905664,-14.61762,359.9893,176.2983,0.03102333,0,-361.4,0,0
77.29422,0,-168.6663,2.905993,-14.61766,359.9808,176.3011,0.03937924,0,-361.4,0,0
77.40535,0,-168.6663,2.905993,-14.61766,359.9808,176.3011,0.03938445,0,-361.4,0,0
77.51858,0,-168.6663,2.905993,-14.61766,359.9808,176.3012,0.03937576,0,-361.4,0,0
77.63271,0,-168.6663,2.905993,-14.61766,359.9808,176.3012,0.0393835,0,-361.4,0,0
77.7468,0,-168.6663,2.905993,-14.61766,359.9808,176.3012,0.03937963,0,-361.4,0,0
77.8605,0,-168.6663,2.905994,-14.61766,359.9808,176.3012,0.03938202,0,-361.4,0,0
77.97386,0,-168.6663,2.905994,-14.61766,359.9808,176.3012,0.03937778,0,-361.4,0,0
78.0882,0,-168.6663,2.905994,-14.61766,359.9808,176.3012,0.03938157,0,-361.4,0,0
78.20264,0,-168.6663,2.905993,-14.61766,359.9808,176.3012,0.03938079,0,-361.4,0,0
78.31635,0,-168.6663,2.905994,-14.61766,359.9808,176.3012,0.03938452,0,-361.4,0,0
78.42558,0,-168.6663,2.905993,-14.61766,359.9808,176.3012,0.03937948,0,-361.4,0,0
78.53791,0,-168.6663,2.905994,-14.61766,359.9808,176.3012,0.03938429,0,-361.4,0,0
78.65318,0,-168.6663,2.905994,-14.61766,359.9808,176.3021,0.03938222,0,-361.4,0,0
78.77038,0,-168.6663,2.905993,-14.61766,359.9808,176.3021,0.03938075,0,-361.4,0,0
78.88482,0,-168.6663,2.905993,-14.61766,359.9808,176.3021,0.03937901,0,-361.4,0,0
78.99825,0,-168.6663,2.905993,-14.61766,359.9808,176.302,0.03938047,0,-361.4,0,0
79.10577,0,-168.6663,2.905994,-14.61766,359.9808,176.302,0.03937976,0,-361.4,0,0
79.2188,0,-168.6663,2.905994,-14.61766,359.9808,176.3017,0.0393798,0,-361.4,0,0
79.33323,0,-168.6663,2.905994,-14.61766,359.9808,176.3017,0.03938136,0,-361.4,0,0
79.44982,0,-168.6663,2.905993,-14.61766,359.9808,176.3017,0.0393776,0,-361.4,0,0
79.55713,0,-168.6663,2.905993,-14.61767,359.9808,176.3017,0.03937694,0,-361.4,0,0
79.66614,0,-168.6663,2.905993,-14.61766,359.9808,176.3017,0.03937932,0,-361.4,0,0
79.77729,0,-168.6663,2.905994,-14.61766,359.9808,176.3017,0.03938027,0,-361.4,0,0
79.89484,0,-168.6663,2.905994,-14.61766,359.9808,176.3004,0.03938268,0,-361.4,0,0
80.00411,0,-168.6663,2.905993,-14.61766,359.9808,176.3004,0.03937959,0,-361.4,0,0
80.11763,0,-168.6662,2.905993,-14.61766,359.9808,176.3004,0.03938239,0,-361.4,0,0
80.23373,0,-168.6663,2.905994,-14.61766,359.9808,176.3004,0.03937902,0,-361.4,0,0
80.34795,0,-168.6663,2.905993,-14.61766,359.9808,176.3004,0.03937858,0,-361.4,0,0
80.46124,0,-168.6663,2.905993,-14.61766,359.9808,176.2997,0.03938247,0,-361.4,0,0
80.57333,0,-168.6663,2.905993,-14.61767,359.9808,176.2996,0.03938165,0,-361.4,0,0
80.68639,0,-168.6662,2.905993,-14.61767,359.9808,176.2993,0.03938233,0,-361.4,0,0
80.79609,0,-168.6662,2.905993,-14.61767,359.9808,176.2993,0.03938106,0,-361.4,0,0
80.90662,0,-168.6659,2.905998,-14.61864,359.9696,176.272,0.03644939,0,-361.4,0,0
81.01867,0,-168.6663,2.905993,-14.61766,359.9808,176.299,0.03938387,0,-361.4,0,0
81.12695,0,-168.6662,2.905994,-14.61766,359.9808,176.2986,0.03937959,0,-361.4,0,0
81.23785,0,-168.6662,2.905994,-14.61767,359.9808,176.2987,0.03937971,0,-361.4,0,0
81.35155,0,-168.6662,2.905993,-14.61766,359.9808,176.2986,0.03938279,0,-361.4,0,0
81.46546,0,-168.6662,2.905994,-14.61767,359.9808,176.2986,0.03938363,0,-361.4,0,0
81.58218,0,-168.6662,2.905994,-14.61766,359.9808,176.2986,0.03938268,0,-361.4,0,0
81.69666,0,-168.6662,2.905993,-14.61767,359.9808,176.2986,0.03938402,0,-361.4,0,0
81.80694,0,-168.6662,2.905993,-14.61766,359.9808,176.2986,0.03938237,0,-361.4,0,0
81.91858,0,-168.6662,2.905993,-14.61767,359.9808,176.2986,0.03938121,0,-361.4,0,0
82.03078,0,-168.6662,2.905994,-14.61767,359.9808,176.2986,0.03938103,0,-361.4,0,0
82.14653,0,-168.6662,2.905993,-14.61767,359.9808,176.2976,0.03937916,0,-361.4,0,0
82.26084,0,-168.6662,2.905993,-14.61767,359.9808,176.297,0.03938222,0,-361.4,0,0
82.37427,0,-168.6662,2.905993,-14.61767,359.9808,176.297,0.03937999,0,-361.4,0,0
82.48865,0,-168.6662,2.905993,-14.61767,359.9808,176.2965,0.03937879,0,-361.4,0,0
82.60452,0,-168.6662,2.905993,-14.61767,359.9808,176.2965,0.03937963,0,-361.4,0,0
82.71838,0,-168.6662,2.905993,-14.61767,359.9808,176.2965,0.03938641,0,-361.4,0,0
82.82826,0,-168.6661,2.906861,-14.61907,359.9688,176.2516,0.06584819,0,-361.4,0,0
82.93982,0,-168.6662,2.905994,-14.61767,359.9808,176.2965,0.03938124,0,-361.4,0,0
83.05186,0,-168.6662,2.905993,-14.61767,359.9808,176.2957,0.03937996,0,-361.4,0,0
83.16477,0,-168.6662,2.905993,-14.61767,359.9808,176.2955,0.03938257,0,-361.4,0,0
83.27877,0,-168.6662,2.905993,-14.61767,359.9808,176.2956,0.03938298,0,-361.4,0,0
83.39233,0,-168.6651,2.904306,-14.61854,359.993,176.2562,359.9895,0,-361.4,0,0
83.5067,0,-168.6662,2.905994,-14.61767,359.9808,176.2955,0.03937794,0,-361.4,0,0
83.61937,0,-168.6662,2.905993,-14.61767,359.9808,176.2956,0.03937987,0,-361.4,0,0
83.73394,0,-168.6662,2.905993,-14.61767,359.9808,176.2953,0.03938094,0,-361.4,0,0
83.84789,0,-168.6658,2.905331,-14.61787,359.9903,176.2822,0.01805506,0,-361.4,0,0
83.95753,0,-168.6662,2.905994,-14.61767,359.9808,176.2948,0.03938014,0,-361.4,0,0
84.06763,0,-168.6662,2.905993,-14.61767,359.9808,176.2948,0.03937658,0,-361.4,0,0
84.18093,0,-168.6662,2.905994,-14.61767,359.9808,176.295,0.03937949,0,-361.4,0,0
84.29884,0,-168.6662,2.905993,-14.61767,359.9808,176.296,0.03938441,0,-361.4,0,0
84.41576,0,-168.6662,2.905994,-14.61767,359.9808,176.2958,0.03937962,0,-361.4,0,0
84.53125,0,-168.6662,2.905993,-14.61767,359.9808,176.2957,0.03938325,0,-361.4,0,0
84.64548,0,-168.6662,2.905994,-14.61767,359.9808,176.2956,0.03937777,0,-361.4,0,0
84.75455,0,-168.6662,2.905993,-14.61767,359.9808,176.2955,0.03938177,0,-361.4,0,0
84.86565,0,-168.6662,2.905993,-14.61767,359.9808,176.2956,0.03938365,0,-361.4,0,0
84.96826,0,-168.6662,2.905994,-14.61767,359.9808,176.2955,0.03938183,0,-361.4,0,0
85.0825,0,-168.6665,2.906532,-14.6178,359.9814,176.2905,0.05837956,0,-361.4,0,0
85.19584,0,-168.6662,2.905994,-14.61767,359.9808,176.2954,0.03938229,0,-361.4,0,0
85.30991,0,-168.6662,2.905994,-14.61767,359.9808,176.2953,0.03937908,0,-361.4,0,0
85.42587,0,-168.6662,2.905994,-14.61767,359.9808,176.2954,0.03938115,0,-361.4,0,0
85.5411,0,-168.6662,2.905994,-14.61767,359.9808,176.2954,0.03937843,0,-361.4,0,0
85.6556,0,-168.6662,2.905993,-14.61767,359.9808,176.2954,0.03938092,0,-361.4,0,0
85.76896,0,-168.6662,2.905994,-14.61767,359.9808,176.2953,0.03938051,0,-361.4,0,0
85.88173,0,-168.6662,2.905994,-14.61767,359.9808,176.2949,0.0393866,0,-361.4,0,0
85.99698,0,-168.6662,2.905993,-14.61767,359.9808,176.2947,0.0393802,0,-361.4,0,0
86.10339,0,-168.6662,2.905994,-14.61767,359.9808,176.2942,0.03938333,0,-361.4,0,0
86.21574,0,-168.6662,2.905993,-14.61767,359.9808,176.2941,0.03937559,0,-361.4,0,0
86.3312,0,-168.6662,2.905994,-14.61767,359.9808,176.294,0.039384,0,-361.4,0,0
86.44787,0,-168.6662,2.905994,-14.61767,359.9808,176.2939,0.03938474,0,-361.4,0,0
86.55696,0,-168.6662,2.905993,-14.61767,359.9808,176.2939,0.03938433,0,-361.4,0,0
86.66856,0,-168.6662,2.905994,-14.61767,359.9808,176.2939,0.03937892,0,-361.4,0,0
86.7821,0,-168.6662,2.905994,-14.61767,359.9808,176.2942,0.03938105,0,-361.4,0,0
86.89692,0,-168.6662,2.905993,-14.61767,359.9808,176.2941,0.03938303,0,-361.4,0,0
87.01203,0,-168.6662,2.905994,-14.61767,359.9808,176.2942,0.03938254,0,-361.4,0,0
87.1275,0,-168.6662,2.905993,-14.61767,359.9808,176.2941,0.03938145,0,-361.4,0,0
87.24297,0,-168.6662,2.905993,-14.61767,359.9808,176.2941,0.03937637,0,-361.4,0,0
87.35951,0,-168.6662,2.905994,-14.61767,359.9808,176.2941,0.03938103,0,-361.4,0,0
87.47482,0,-168.6662,2.905993,-14.61767,359.9808,176.2941,0.03938175,0,-361.4,0,0
87.58997,0,-168.6662,2.905993,-14.61767,359.9808,176.2941,0.03937509,0,-361.4,0,0
87.69657,0,-168.6662,2.905994,-14.61767,359.9808,176.294,0.03938133,0,-361.4,0,0
87.80666,0,-168.6662,2.905993,-14.61767,359.9808,176.2941,0.03938149,0,-361.4,0,0
87.91664,0,-168.6662,2.905994,-14.61767,359.9808,176.2941,0.03938485,0,-361.4,0,0
88.02931,0,-168.6662,2.905994,-14.61767,359.9808,176.2941,0.03938011,0,-361.4,0,0
88.14444,0,-168.6662,2.905994,-14.61767,359.9808,176.2941,0.03938249,0,-361.4,0,0
88.26098,0,-168.6662,2.905994,-14.61767,359.9808,176.2941,0.03937886,0,-361.4,0,0
88.37611,0,-168.6662,2.905993,-14.61767,359.9808,176.2941,0.03938189,0,-361.4,0,0
88.48714,0,-168.6662,2.905993,-14.61767,359.9808,176.2943,0.03938476,0,-361.4,0,0
88.59776,0,-168.666,2.904299,-14.61505,359.9657,176.3979,359.976,0,-361.4,0,0
88.7104,0,-168.6662,2.905994,-14.61767,359.9808,176.2943,0.03938047,0,-361.4,0,0
88.82311,0,-168.6662,2.905993,-14.61767,359.9808,176.2941,0.03938141,0,-361.4,0,0
88.94034,0,-168.6662,2.905993,-14.61767,359.9808,176.2943,0.0393797,0,-361.4,0,0
89.0547,0,-168.6662,2.905994,-14.61767,359.9808,176.2946,0.03938317,0,-361.4,0,0
89.17109,0,-168.6662,2.905994,-14.61767,359.9808,176.2946,0.03938207,0,-361.4,0,0
89.28081,0,-168.6662,2.905993,-14.61767,359.9808,176.2946,0.03938082,0,-361.4,0,0
89.39188,0,-168.6662,2.905993,-14.61767,359.9808,176.2948,0.0393781,0,-361.4,0,0
89.5077,0,-168.6662,2.905993,-14.61767,359.9808,176.2952,0.03938198,0,-361.4,0,0
89.62446,0,-168.6662,2.905993,-14.61767,359.9808,176.2954,0.03938336,0,-361.4,0,0
89.74022,0,-168.6662,2.905993,-14.61767,359.9808,176.2956,0.03938422,0,-361.4,0,0
89.85231,0,-168.6662,2.905993,-14.61767,359.9808,176.2956,0.03938024,0,-361.4,0,0
89.96574,0,-168.6662,2.905993,-14.61767,359.9808,176.2955,0.03938308,0,-361.4,0,0
90.08047,0,-168.6662,2.905993,-14.61767,359.9808,176.297,0.03938213,0,-361.4,0,0
90.19587,0,-168.6662,2.905996,-14.61767,359.9808,176.2973,0.03938421,0,-361.4,0,0
90.31183,0,-168.6662,2.906001,-14.61767,359.9808,176.2979,0.03938753,0,-361.4,0,0
90.42689,0,-168.6662,2.906008,-14.61768,359.9808,176.2984,0.03938536,0,-361.4,0,0
90.54101,0,-168.6661,2.906014,-14.61768,359.9808,176.2988,0.03938838,0,-361.4,0,0
90.65671,0,-168.6661,2.906014,-14.61768,359.9808,176.2995,0.03938042,0,-361.4,0,0
90.77119,0,-168.6661,2.906014,-14.61768,359.9808,176.3001,0.03937853,0,-361.4,0,0
90.88101,0,-168.6661,2.906013,-14.61768,359.9808,176.301,0.03938432,0,-361.4,0,0
90.98544,0,-168.6661,2.906014,-14.61768,359.9808,176.301,0.03938943,0,-361.4,0,0
91.09393,0,-168.6661,2.906018,-14.61768,359.9808,176.301,0.03938036,0,-361.4,0,0
91.20976,0,-168.6661,2.906027,-14.61769,359.9808,176.305,0.039382,0,-361.4,0,0
91.32313,0,-168.666,2.906033,-14.61769,359.9808,176.3068,0.03937971,0,-361.4,0,0
91.43904,0,-168.666,2.906033,-14.61769,359.9808,176.3084,0.03938153,0,-361.4,0,0
91.55589,0,-168.666,2.906049,-14.61771,359.9808,176.3107,0.03937516,0,-361.4,0,0
91.66874,0,-168.6659,2.906055,-14.61771,359.9808,176.312,0.03938413,0,-361.4,0,0
91.78164,0,-168.6661,2.906562,-14.6173,359.9798,176.3307,0.05282951,0,-361.4,0,0
91.89687,0,-168.6656,2.906091,-14.61776,359.9808,176.3147,0.03938018,0,-361.4,0,0
92.01345,0,-168.6653,2.906102,-14.61781,359.9808,176.3158,0.03938176,0,-361.4,0,0
92.12837,0,-168.6651,2.9061,-14.61785,359.9808,176.3159,0.03938238,0,-361.4,0,0
92.24543,0,-168.6649,2.906086,-14.6179,359.9808,176.3165,0.03938237,0,-361.4,0,0
92.36356,0,-168.6647,2.905989,-14.61763,359.9898,176.3279,0.03484459,0,-361.4,0,0
92.48172,0,-168.6645,2.906042,-14.61799,359.9808,176.3226,0.03938435,0,-361.4,0,0
92.59769,0,-168.6645,2.906027,-14.618,359.9808,176.3237,0.03937859,0,-361.4,0,0
92.71533,0,-168.6645,2.906019,-14.61801,359.9808,176.3253,0.03937722,0,-361.4,0,0
92.83215,0,-168.6645,2.90601,-14.61802,359.9808,176.326,0.03938907,0,-361.4,0,0
92.94744,0,-168.6644,2.905995,-14.61803,359.9808,176.326,0.03938312,0,-361.4,0,0
93.06417,0,-168.6644,2.905964,-14.61806,359.9808,176.326,0.03937638,0,-361.4,0,0
93.17928,0,-168.6644,2.905902,-14.61811,359.9808,176.326,0.03938128,0,-361.4,0,0
93.2971,0,-168.6644,2.905853,-14.61815,359.9808,176.3284,0.03938608,0,-361.4,0,0
93.41475,0,-168.6643,2.905787,-14.6182,359.9808,176.3291,0.03938676,0,-361.4,0,0
93.53037,0,-168.6643,2.905622,-14.61831,359.9808,176.3303,0.03938568,0,-361.4,0,0
93.64795,0,-168.6643,2.905419,-14.61845,359.9808,176.3307,0.03938215,0,-361.4,0,0
93.7664,0,-168.6644,2.905145,-14.61861,359.9808,176.332,0.03938527,0,-361.4,0,0
93.88531,0,-168.6645,2.905024,-14.61865,359.9808,176.3321,0.03938544,0,-361.4,0,0
94.00192,0,-168.6645,2.905009,-14.61865,359.9808,176.3329,0.03938045,0,-361.4,0,0
94.11768,0,-168.6646,2.904959,-14.61866,359.9808,176.3332,0.03937997,0,-361.4,0,0
94.23559,0,-168.6647,2.904882,-14.61869,359.9808,176.3336,0.0393742,0,-361.4,0,0
94.35454,0,-168.6649,2.904729,-14.61876,359.9808,176.3329,0.03937916,0,-361.4,0,0
94.47213,0,-168.6651,2.904552,-14.61883,359.9808,176.331,0.03938219,0,-361.4,0,0
94.58965,0,-168.6652,2.904477,-14.61885,359.9808,176.3298,0.03937735,0,-361.4,0,0
94.70683,0,-168.6653,2.904416,-14.6189,359.9808,176.3282,0.03938434,0,-361.4,0,0
94.8243,0,-168.6654,2.904312,-14.61894,359.9808,176.3273,0.03938412,0,-361.4,0,0
94.94037,0,-168.6655,2.904201,-14.61898,359.9808,176.3269,0.03938637,0,-361.4,0,0
95.05668,0,-168.6655,2.904205,-14.61899,359.9808,176.3275,0.03938188,0,-361.4,0,0
95.17339,0,-168.6655,2.904203,-14.61899,359.9808,176.3271,0.03938125,0,-361.4,0,0
95.28957,0,-168.6656,2.904069,-14.61903,359.9808,176.3271,0.03938468,0,-361.4,0,0
95.39826,0,-168.6657,2.904024,-14.61904,359.9808,176.3275,0.0393811,0,-361.4,0,0
95.50512,0,-168.6658,2.903987,-14.61906,359.9808,176.3282,0.03938883,0,-361.4,0,0
95.61388,0,-168.6658,2.903972,-14.61907,359.9808,176.3288,0.03938514,0,-361.4,0,0
95.72291,0,-168.6658,2.903954,-14.61909,359.9808,176.329,0.03938174,0,-361.4,0,0
95.82787,0,-168.6658,2.903919,-14.61909,359.9808,176.3281,0.0393802,0,-361.4,0,0
95.93146,0,-168.6659,2.903894,-14.61908,359.9808,176.3279,0.0393817,0,-361.4,0,0
96.03615,0,-168.6659,2.903889,-14.61905,359.9808,176.3279,0.03938299,0,-361.4,0,0
96.13984,0,-168.6659,2.903885,-14.61904,359.9808,176.3289,0.0393838,0,-361.4,0,0
96.24554,0,-168.6659,2.903913,-14.61902,359.9808,176.3285,0.03938011,0,-361.4,0,0
96.3577,0,-168.6659,2.903944,-14.619,359.9808,176.3287,0.03937921,0,-361.4,0,0
96.45786,0,-168.6659,2.903988,-14.61896,359.9808,176.3287,0.03937607,0,-361.4,0,0
96.5675,0,-168.6659,2.90402,-14.61894,359.9808,176.3284,0.03938033,0,-361.4,0,0
96.68053,0,-168.6659,2.904043,-14.61896,359.9808,176.3284,0.03938286,0,-361.4,0,0
96.79166,0,-168.6659,2.904012,-14.61898,359.9808,176.3277,0.0393795,0,-361.4,0,0
96.89624,0,-168.666,2.903995,-14.61901,359.9808,176.3275,0.03937977,0,-361.4,0,0
97.01144,0,-168.666,2.903989,-14.61898,359.9808,176.327,0.03938426,0,-361.4,0,0
97.11929,0,-168.6658,2.903856,-14.61921,359.9284,176.3564,0.0263029,0,-361.4,0,0
97.22263,0,-168.666,2.903972,-14.61897,359.9808,176.3237,0.03938482,0,-361.4,0,0
97.32642,0,-168.666,2.903968,-14.61897,359.9808,176.3231,0.039381,0,-361.4,0,0
97.42828,0,-168.666,2.903963,-14.61897,359.9808,176.3234,0.03938257,0,-361.4,0,0
97.54092,0,-168.6658,2.90363,-14.61816,0.06355257,176.3088,0.02363298,0,-361.4,0,0
97.65952,0,-168.666,2.903964,-14.61897,359.9808,176.324,0.03938704,0,-361.4,0,0
97.77202,0,-168.666,2.903957,-14.61898,359.9808,176.3244,0.03938353,0,-361.4,0,0
97.88834,0,-168.6661,2.903936,-14.61901,359.9808,176.3244,0.03937961,0,-361.4,0,0
97.99138,0,-168.6662,2.903926,-14.61903,359.9808,176.3238,0.03938013,0,-361.4,0,0
98.10801,0,-168.6662,2.903915,-14.61905,359.9808,176.324,0.03938087,0,-361.4,0,0
98.21298,0,-168.6664,2.903892,-14.6191,359.9808,176.3244,0.03938347,0,-361.4,0,0
98.3287,0,-168.6667,2.903859,-14.61919,359.9808,176.3233,0.03937997,0,-361.4,0,0
98.43907,0,-168.667,2.903828,-14.61928,359.9808,176.3225,0.03937181,0,-361.4,0,0
98.54545,0,-168.6674,2.903722,-14.61946,359.9808,176.3212,0.03937394,0,-361.4,0,0
98.64565,0,-168.6675,2.90367,-14.6195,359.9808,176.3217,0.03938593,0,-361.4,0,0
98.74919,0,-168.6676,2.903605,-14.61951,359.9808,176.3206,0.03937631,0,-361.4,0,0
98.85995,0,-168.6677,2.90354,-14.61951,359.9808,176.3211,0.03938651,0,-359.1924,0,0
98.97143,0,-168.6678,2.903483,-14.61949,359.9808,176.3232,0.03937518,0,-358.0328,0,0
99.0825,0,-168.6679,2.903439,-14.61952,359.9808,176.3243,0.03938233,0,-358.7375,0,0
99.19335,0,-168.6679,2.903433,-14.61951,359.9808,176.3247,0.0393744,0,-360.3392,0,0
99.30495,0,-168.6679,2.90332,-14.61952,359.9808,176.3225,0.03937793,0,-360.3988,0,0
99.42468,0,-168.6679,2.903302,-14.61955,359.9808,176.3222,0.03937604,0,-360.9713,0,0
99.53318,0,-168.6678,2.903345,-14.61951,359.9808,176.3218,0.03936503,0,-360.9994,0,0
99.64037,0,-168.6678,2.903411,-14.61944,359.9808,176.3225,0.03937595,0,-361,0,0
99.75249,0,-168.6678,2.903434,-14.61941,359.9808,176.3222,0.03937421,0,-361,0,0
99.86216,0,-168.6678,2.903564,-14.61932,359.9808,176.3219,0.03937809,0,-361,0,0
99.9743,0,-168.668,2.903919,-14.61929,359.9808,176.3212,0.03938058,0,-361,0,0
100.0908,0,-168.668,2.904033,-14.61927,359.9808,176.3198,0.03937571,0,-361,0,0
100.2018,0,-168.668,2.904135,-14.61924,359.9808,176.3194,0.03938024,0,-361,0,0
100.3107,0,-168.668,2.904321,-14.61919,359.9808,176.3181,0.03938285,0,-361,0,0
100.4221,0,-168.6681,2.904437,-14.61915,359.9808,176.3192,0.03938279,0,-361.2682,0,0
100.5326,0,-168.6681,2.904497,-14.61914,359.9808,176.3226,0.03938086,0,-361.2993,0,0
100.6448,0,-168.6682,2.904511,-14.61914,359.9808,176.3257,0.03937894,0,-361.2443,0,0
100.7574,0,-168.6682,2.904519,-14.61914,359.9808,176.3292,0.03938046,0,-361.2013,0,0
100.8752,0,-168.6682,2.90457,-14.61913,359.9808,176.3325,0.03938041,0,-361.2,0,0
100.9907,0,-168.6683,2.904724,-14.6191,359.9808,176.3347,0.03938481,0,-361.2,0,0
101.0965,0,-168.6684,2.904835,-14.61907,359.9808,176.3373,0.03938408,0,-361.2,0,0
101.2009,0,-168.6685,2.904884,-14.61906,359.9808,176.3377,0.03938529,0,-360.8551,0,0
101.3167,0,-168.6685,2.90483,-14.61893,0.01861335,176.3115,0.04829954,0,-360.4127,0,0
101.4228,0,-168.6685,2.904944,-14.61904,359.9808,176.3396,0.03938088,0,-360.4003,0,0
101.5232,0,-168.6685,2.904974,-14.61903,359.9808,176.3396,0.03938222,0,-361.3439,0,0
101.6269,0,-168.6687,2.905131,-14.61898,359.9808,176.3391,0.03938033,0,-361.4953,0,0
101.7421,0,-168.6689,2.905351,-14.61891,359.9808,176.3388,0.03937991,0,-361.4229,0,0
101.8585,0,-168.6691,2.905605,-14.61883,359.9808,176.3402,0.0393811,0,-361.3035,0,0
101.9682,0,-168.6693,2.905761,-14.61878,359.9808,176.34,0.03938216,0,-361.3,0,0
102.0879,0,-168.6694,2.905842,-14.61875,359.9808,176.3406,0.03937986,0,-361.9014,0,0
102.2007,0,-168.6694,2.905893,-14.61873,359.9808,176.3417,0.03937938,0,-361.9978,0,0
102.3203,0,-168.6694,2.9059,-14.61872,359.9808,176.3413,0.03937823,0,-362,0,0
102.4339,0,-168.6695,2.905933,-14.61866,359.9808,176.3395,0.03938041,-0.01216725,-362,0,0.04
102.5467,0,-168.6696,2.905987,-14.6164,359.9808,176.3374,0.03937883,-0.05728823,-362.1112,0,0.04
102.6557,0,-168.6697,2.905988,-14.61106,359.9808,176.3334,0.03937899,-0.1008968,-362.1972,0,0.04
102.7662,0,-168.6698,2.905988,-14.60511,359.9808,176.33,0.03938175,0,-362.2,0,0
102.8776,0,-168.6698,2.905998,-14.60511,359.9808,176.3269,0.03938081,0,-362.1286,0,0
102.9889,0,-168.6698,2.906013,-14.6051,359.9808,176.3264,0.03938219,0,-362.1008,0,0
103.0948,0,-168.6699,2.906021,-14.6051,359.9808,176.3248,0.03938031,0,-362.1,0,0
103.2011,0,-168.6698,2.906021,-14.6051,359.9808,176.323,0.03937935,0,-362.1,0,0
103.3048,0,-168.6698,2.906021,-14.6051,359.9808,176.3224,0.03938009,0,-362.1,0,0
103.4129,0,-168.6699,2.906036,-14.6051,359.9808,176.3224,0.03938116,0,-362.1,0,0
103.5216,0,-168.6698,2.906036,-14.6051,359.9808,176.3183,0.03938049,0,-362.1,0,0
103.6312,0,-168.6698,2.906036,-14.6051,359.9808,176.3159,0.03938054,0,-362.1,0,0
103.7408,0,-168.6698,2.906036,-14.6051,359.9808,176.3143,0.03938088,0,-362.1,0,0
103.8511,0,-168.6698,2.906036,-14.6051,359.9808,176.3109,0.03938089,0,-362.1,0,0
103.9635,0,-168.6698,2.906036,-14.6051,359.9808,176.3109,0.03938122,0,-362.1,0,0
104.0798,0,-168.6698,2.906036,-14.6051,359.9808,176.3085,0.0393805,0,-362.1,0,0
104.1911,0,-168.6698,2.906036,-14.6051,359.9808,176.3083,0.03938026,0,-362.1,0,0
104.3039,0,-168.6698,2.906036,-14.6051,359.9808,176.308,0.03938009,0,-362.1,0,0
104.4185,0,-168.6698,2.906037,-14.6051,359.9808,176.3031,0.03937995,0,-362.1,0,0
104.5317,0,-168.6698,2.906036,-14.6051,359.9808,176.3003,0.03938111,0,-362.1,0,0
104.6492,0,-168.6698,2.906036,-14.6051,359.9808,176.2985,0.03938015,0,-362.1,0,0
104.7597,0,-168.6698,2.906036,-14.6051,359.9808,176.2974,0.03938083,0,-362.1,0,0
104.871,0,-168.6697,2.906036,-14.6051,359.9808,176.2974,0.03938098,0,-362.1,0,0
104.9818,0,-168.6697,2.906036,-14.6051,359.9808,176.2974,0.03938091,0,-362.1,0,0
105.0934,0,-168.6698,2.906036,-14.6051,359.9808,176.2974,0.03938119,0,-362.1,0,0
105.2095,0,-168.6697,2.906036,-14.6051,359.9808,176.2939,0.03938176,0,-362.1,0,0
105.3192,0,-168.6697,2.906042,-14.6051,359.9808,176.2932,0.03938164,0,-362.1,0,0
105.4321,0,-168.6696,2.906071,-14.60517,359.9645,176.2882,0.02397987,0,-362.1,0,0
105.5455,0,-168.6697,2.906042,-14.6051,359.9808,176.2913,0.03938054,0,-362.1,0,0
105.6479,0,-168.6697,2.906042,-14.60511,359.9808,176.2913,0.03938092,0,-362.1,0,0
105.7539,0,-168.6697,2.906042,-14.6051,359.9808,176.2913,0.03938069,0,-362.1,0,0
105.8618,0,-168.6697,2.906042,-14.60511,359.9808,176.2893,0.03938167,0,-362.1,0,0
105.9741,0,-168.6697,2.906042,-14.60511,359.9808,176.2886,0.03938146,0,-362.1,0,0
106.0753,0,-168.6697,2.906042,-14.60511,359.9808,176.2887,0.03938221,0,-362.1,0,0
106.1861,0,-168.6697,2.906042,-14.60511,359.9808,176.2889,0.03938153,0,-362.1,0,0
106.3,0,-168.6697,2.906042,-14.60511,359.9808,176.2889,0.03938209,0,-362.1,0,0
106.4015,0,-168.6697,2.906042,-14.60511,359.9808,176.2889,0.03938022,0,-362.1,0,0
106.5118,0,-168.6697,2.906042,-14.60511,359.9808,176.2889,0.03938152,0,-362.1,0,0
106.6243,0,-168.6697,2.906042,-14.60511,359.9808,176.2889,0.03938076,0,-362.1,0,0
106.7353,0,-168.6697,2.906042,-14.60511,359.9808,176.2889,0.03938062,0,-362.1,0,0
106.8399,0,-168.6697,2.906042,-14.60511,359.9808,176.2889,0.0393819,0,-362.1,0,0
106.9498,0,-168.6697,2.906042,-14.60511,359.9808,176.2889,0.03938212,0,-362.1,0,0
107.0628,0,-168.6697,2.906042,-14.6051,359.9808,176.2889,0.03938079,0,-362.1,0,0
107.1636,0,-168.6697,2.906042,-14.60511,359.9808,176.2889,0.03938147,0,-362.1,0,0
107.2688,0,-168.6697,2.906042,-14.60511,359.9808,176.2889,0.03938147,0,-362.1,0,0
107.38,0,-168.6697,2.906042,-14.60511,359.9808,176.2889,0.03938147,0,-362.1,0,0
107.4955,0,-168.6697,2.906042,-14.60511,359.9808,176.2889,0.0393814,0,-362.1,0,0
107.6146,0,-168.6697,2.906042,-14.60511,359.9808,176.2889,0.03938136,0,-362.1,0,0
107.726,0,-168.6697,2.906042,-14.60511,359.9808,176.2889,0.03938118,0,-362.1,0,0
107.8366,0,-168.6697,2.906042,-14.60511,359.9808,176.2889,0.03938036,0,-362.1,0,0
107.9498,0,-168.6697,2.906042,-14.60511,359.9808,176.2886,0.03938135,0,-362.1,0,0
108.0566,0,-168.6697,2.906042,-14.60511,359.9808,176.2859,0.03938112,0,-362.1,0,0
108.166,0,-168.6697,2.906076,-14.6051,359.9808,176.2717,0.03937998,0,-362.1,0,0
108.2765,0,-168.6699,2.906253,-14.60505,359.9808,176.2692,0.03938129,0,-362.1,0,0
108.3814,0,-168.6699,2.90617,-14.60471,-0.001205951,176.2025,0.06758915,0,-362.1,0,0
108.4985,0,-168.6704,2.906521,-14.60497,359.9808,176.2686,0.03938211,0,-362.1,0,0
108.61,0,-168.6704,2.906564,-14.60495,359.9808,176.2683,0.03938371,0,-362.1,0,0
108.7283,0,-168.6704,2.906564,-14.60495,359.9808,176.2683,0.03937912,0,-362.1,0,0
108.8424,0,-168.6704,2.906564,-14.60495,359.9808,176.2683,0.039386,0,-362.1,0,0
108.9612,0,-168.6705,2.90658,-14.60495,359.9808,176.2698,0.03938147,0,-362.1,0,0
109.0744,0,-168.6706,2.906658,-14.60493,359.9808,176.2716,0.03938384,0,-362.1,0,0
109.1759,0,-168.6709,2.90688,-14.60486,359.9808,176.2724,0.0393795,0,-362.1,0,0
109.28,0,-168.6711,2.907027,-14.60482,359.9808,176.2713,0.03938348,0,-362.1,0,0
109.3821,0,-168.6712,2.907078,-14.6048,359.9808,176.2704,0.03938176,0,-362.1,0,0
109.488,0,-168.6712,2.907078,-14.6048,359.9808,176.2701,0.03938101,0,-362.1,0,0
109.5883,0,-168.6712,2.907078,-14.6048,359.9808,176.2691,0.03938154,0,-362.1,0,0
109.708,0,-168.6712,2.907077,-14.6048,359.9808,176.2685,0.03937991,0,-362.1,0,0
109.8176,0,-168.6712,2.907092,-14.6048,359.9808,176.2683,0.03938123,0,-362.1,0,0
109.9309,0,-168.6712,2.907104,-14.6048,359.9808,176.2678,0.03938155,0,-362.1,0,0
110.0396,0,-168.6712,2.907104,-14.6048,359.9808,176.266,0.03938063,0,-362.1,0,0
110.1509,0,-168.6712,2.907104,-14.6048,359.9808,176.2645,0.03938001,0,-362.1,0,0
110.2626,0,-168.6712,2.907104,-14.6048,359.9808,176.2643,0.03937948,0,-362.1,0,0
110.3759,0,-168.6712,2.907104,-14.6048,359.9808,176.2626,0.03937992,0,-362.1,0,0
110.4929,0,-168.6712,2.907104,-14.6048,359.9808,176.2626,0.03938066,0,-362.1,0,0
110.6044,0,-168.6712,2.907104,-14.6048,359.9808,176.2588,0.03938011,0,-362.1,0,0
110.716,0,-168.6712,2.907104,-14.6048,359.9808,176.2582,0.03937984,0,-362.1,0,0
110.829,0,-168.6712,2.907104,-14.6048,359.9808,176.2574,0.03938061,0,-362.1,0,0
110.9374,0,-168.6712,2.907104,-14.6048,359.9808,176.2563,0.03938014,0,-362.1,0,0
111.0448,0,-168.6712,2.907104,-14.6048,359.9808,176.256,0.03938113,0,-362.1,0,0
111.1523,0,-168.6712,2.907104,-14.6048,359.9808,176.2552,0.03938049,0,-362.1,0,0
111.2634,0,-168.6712,2.907104,-14.6048,359.9808,176.2552,0.03938078,0,-362.1,0,0
111.3736,0,-168.6712,2.907104,-14.6048,359.9808,176.2552,0.03937997,0,-362.1,0,0
111.4885,0,-168.6712,2.907104,-14.6048,359.9808,176.2552,0.03938096,0,-362.1,0,0
111.5961,0,-168.6712,2.907104,-14.6048,359.9808,176.2552,0.03938146,0,-362.1,0,0
111.7084,0,-168.6712,2.907104,-14.6048,359.9808,176.2545,0.03938038,0,-362.1,0,0
111.8207,0,-168.6712,2.907104,-14.6048,359.9808,176.2529,0.03938102,0,-362.1,0,0
111.931,0,-168.6712,2.907104,-14.6048,359.9808,176.25,0.03938147,0,-362.1,0,0
112.0374,0,-168.6712,2.907104,-14.6048,359.9808,176.25,0.03938184,0,-362.1,0,0
112.1442,0,-168.6712,2.907104,-14.6048,359.9808,176.2486,0.03938047,0,-362.1,0,0
112.248,0,-168.6712,2.907104,-14.6048,359.9808,176.2475,0.03938089,0,-362.1,0,0
112.3526,0,-168.6711,2.907104,-14.6048,359.9808,176.2466,0.0393813,0,-362.1,0,0
112.4698,0,-168.6711,2.907104,-14.6048,359.9808,176.246,0.03938103,0,-362.1,0,0
112.5813,0,-168.6711,2.907104,-14.6048,359.9808,176.2453,0.03938109,0,-362.1,0,0
112.6948,0,-168.6711,2.907104,-14.6048,359.9808,176.2448,0.03937977,0,-362.1,0,0
112.81,0,-168.6711,2.907104,-14.6048,359.9808,176.2448,0.03938046,0,-362.1,0,0
112.9233,0,-168.6711,2.907104,-14.6048,359.9808,176.2448,0.03938085,0,-362.1,0,0
113.0332,0,-168.6711,2.907104,-14.6048,359.9808,176.2448,0.03938079,0,-362.1,0,0
113.1466,0,-168.6711,2.907104,-14.6048,359.9808,176.2448,0.03938113,0,-362.1,0,0
113.2652,0,-168.6711,2.907104,-14.6048,359.9808,176.2448,0.03938063,0,-362.1,0,0
113.3772,0,-168.6711,2.907104,-14.6048,359.9808,176.2448,0.03938158,0,-362.1,0,0
113.4897,0,-168.6711,2.907104,-14.6048,359.9808,176.2448,0.03938064,0,-362.1,0,0
113.5993,0,-168.6711,2.907104,-14.6048,359.9808,176.2448,0.03938068,0,-362.1,0,0
113.7095,0,-168.6711,2.907104,-14.6048,359.9808,176.2448,0.0393809,0,-362.1,0,0
113.8201,0,-168.6711,2.907104,-14.6048,359.9808,176.2448,0.03938133,0,-362.1,0,0
113.9363,0,-168.6711,2.907104,-14.6048,359.9808,176.2448,0.03938085,0,-362.1,0,0
114.0469,0,-168.6711,2.907104,-14.6048,359.9808,176.2448,0.03938141,0,-362.1,0,0
114.158,0,-168.6711,2.907104,-14.6048,359.9808,176.2448,0.03938093,0,-362.1,0,0
114.271,0,-168.6711,2.907104,-14.6048,359.9808,176.2448,0.03938108,0,-362.1,0,0
114.3789,0,-168.6711,2.907104,-14.6048,359.9808,176.2448,0.03938186,0,-362.1,0,0
114.4838,0,-168.6711,2.907104,-14.6048,359.9808,176.2448,0.03938052,0,-362.1,0,0
114.5885,0,-168.6711,2.907104,-14.6048,359.9808,176.2448,0.03938099,0,-362.1,0,0
114.7014,0,-168.6711,2.907104,-14.6048,359.9808,176.2448,0.03938027,0,-362.1,0,0
114.8045,0,-168.6711,2.907104,-14.6048,359.9808,176.2448,0.0393807,0,-362.1,0,0
114.9222,0,-168.6711,2.907104,-14.6048,359.9808,176.2448,0.03938073,0,-362.1,0,0
115.0341,0,-168.6711,2.907104,-14.6048,359.9808,176.2448,0.03938064,0,-362.1,0,0
115.1427,0,-168.6711,2.90712,-14.60482,359.978,176.2457,0.03924304,0,-362.1,0,0
115.2523,0,-168.6711,2.907104,-14.6048,359.9808,176.2448,0.03938115,0,-362.1,0,0
115.3581,0,-168.6711,2.907104,-14.6048,359.9808,176.2448,0.03938047,0,-362.1,0,0
115.4621,0,-168.6711,2.907104,-14.6048,359.9808,176.2448,0.03938105,0,-362.1,0,0
115.5758,0,-168.6711,2.907104,-14.6048,359.9808,176.2448,0.03938034,0,-362.1,0,0
115.6847,0,-168.6711,2.907104,-14.6048,359.9808,176.2448,0.03938008,0,-362.1,0,0
115.7945,0,-168.6711,2.907101,-14.6048,359.9825,176.2328,0.03962386,0,-362.1,0,0
115.9043,0,-168.6711,2.907104,-14.6048,359.9808,176.2448,0.03938094,0,-362.1,0,0
116.0163,0,-168.6711,2.907104,-14.6048,359.9808,176.2448,0.03938015,0,-362.1,0,0
116.1266,0,-168.6711,2.907104,-14.6048,359.9808,176.2448,0.03938114,0,-362.1,0,0
116.2431,0,-168.6711,2.907104,-14.6048,359.9808,176.241,0.03938014,0,-362.1,0,0
116.3543,0,-168.6711,2.907104,-14.60481,359.9808,176.2326,0.03938079,0,-362.1,0,0
116.4657,0,-168.6711,2.907117,-14.6048,359.9808,176.2298,0.03938048,0,-362.1,0,0
116.5778,0,-168.6711,2.907146,-14.60479,359.9808,176.2298,0.03938066,0,-362.1,0,0
116.69,0,-168.6711,2.907146,-14.60479,359.9808,176.2301,0.03938175,0,-362.1,0,0
116.7922,0,-168.6711,2.907146,-14.60479,359.9808,176.2299,0.03938044,0,-362.1,0,0
116.9032,0,-168.6711,2.907146,-14.60479,359.9808,176.2299,0.03937966,0,-362.1,0,0
117.0167,0,-168.6711,2.907146,-14.60479,359.9808,176.2299,0.03938069,0,-362.1,0,0
117.1305,0,-168.6711,2.907146,-14.60479,359.9808,176.2299,0.03938054,0,-362.1,0,0
117.2443,0,-168.6711,2.907146,-14.60479,359.9808,176.2299,0.03938139,0,-362.1,0,0
117.3603,0,-168.6552,2.900337,-14.60545,0.0158877,176.2697,359.9829,0,-362.1,0,0
117.474,0,-168.6551,2.900337,-14.60545,0.0158885,176.2697,359.9829,0,-362.1,0,0
117.5885,0,-168.6552,2.900337,-14.60545,0.01589197,176.2697,359.9829,0,-362.1,0,0
117.7049,0,-168.6551,2.900337,-14.60545,0.01588941,176.2697,359.9829,0,-362.1,0,0
117.8141,0,-168.6551,2.900337,-14.60545,0.01589454,176.2697,359.9829,0,-362.1,0,0
117.9274,0,-168.6551,2.900337,-14.60545,0.01587659,176.2697,359.9829,0,-362.1,0,0
118.0416,0,-168.6552,2.900336,-14.60545,0.01589197,176.2697,359.9829,0,-362.1,0,0
118.1529,0,-168.6552,2.900337,-14.60545,0.01588507,176.2697,359.9829,0,-362.1,0,0
118.2551,0,-168.6551,2.900337,-14.60545,0.01588723,176.2697,359.9829,0,-362.1,0,0
118.3645,0,-168.6552,2.900337,-14.60545,0.01588637,176.2697,359.9829,0,-362.1,0,0
118.4665,0,-168.6552,2.900337,-14.60545,0.0158864,176.2697,359.9829,0,-362.1,0,0
118.5778,0,-168.6551,2.900337,-14.60545,0.01588756,176.2686,359.9829,0,-362.1,0,0
118.6915,0,-168.6551,2.900337,-14.60545,0.01588833,176.2652,359.9829,0,-362.1,0,0
118.7923,0,-168.6552,2.90034,-14.60546,0.01854147,176.2709,359.988,0,-362.1,0,0
118.9107,0,-168.6551,2.900337,-14.60545,0.01588795,176.2639,359.9829,0,-362.1,0,0
119.0124,0,-168.6551,2.900337,-14.60545,0.01588065,176.2637,359.9829,0,-362.1,0,0
119.1282,0,-168.6551,2.900337,-14.60545,0.0158877,176.2635,359.9829,0,-362.1,0,0
119.2282,0,-168.6551,2.900337,-14.60545,0.01588726,176.2635,359.9829,0,-362.1,0,0
119.3284,0,-168.6551,2.900337,-14.60545,0.01588951,176.2635,359.9829,0,-362.1,0,0
119.4286,0,-168.6551,2.900337,-14.60545,0.01588276,176.2635,359.9829,0,-362.1,0,0
119.5293,0,-168.6551,2.900337,-14.60545,0.01588749,176.2635,359.9829,0,-362.1,0,0
119.6456,0,-168.6551,2.900337,-14.60545,0.01588181,176.2628,359.9829,0,-362.1,0,0
119.7458,0,-168.6551,2.900337,-14.60545,0.01588754,176.2628,359.9829,0,-362.1,0,0
119.8629,0,-168.6551,2.900337,-14.60545,0.0158841,176.2628,359.9829,0,-362.1,0,0
119.9632,0,-168.6551,2.900337,-14.60545,0.01588518,176.2625,359.9829,0,-362.1,0,0
120.0639,0,-168.6551,2.900337,-14.60545,0.01588549,176.2623,359.9829,0,-362.1,0,0
120.1653,0,-168.6551,2.900337,-14.60545,0.01588822,176.2623,359.9829,0,-362.1,0,0
120.2754,0,-168.6551,2.900336,-14.60545,0.01588863,176.2625,359.9829,0,-362.1,0,0
120.3831,0,-168.6551,2.900337,-14.60545,0.01588953,176.2622,359.9829,0,-362.1,0,0
120.4991,0,-168.6551,2.900337,-14.60545,0.01588596,176.2619,359.9829,0,-362.1,0,0
120.6107,0,-168.6551,2.900337,-14.60545,0.01588619,176.2619,359.9829,0,-362.1,0,0
120.7131,0,-168.6551,2.900336,-14.60545,0.01588919,176.2608,359.9829,0,-362.1,0,0
120.8268,0,-168.6551,2.900337,-14.60545,0.01588107,176.2603,359.9829,0,-362.1,0,0
120.9354,0,-168.6551,2.900337,-14.60545,0.01588211,176.2603,359.9829,0,-362.1,0,0
121.0457,0,-168.6551,2.900337,-14.60545,0.01588893,176.2603,359.9829,0,-362.1,0,0
121.1597,0,-168.6552,2.900298,-14.60543,0.01851602,176.2642,359.9942,0,-362.1,0,0
121.2702,0,-168.6551,2.900337,-14.60545,0.01588635,176.2603,359.9829,0,-362.1,0,0
121.3796,0,-168.6551,2.900337,-14.60545,0.0158853,176.2603,359.9829,0,-362.1,0,0
121.4891,0,-168.6551,2.900337,-14.60545,0.01588339,176.2603,359.9829,0,-362.1,0,0
121.5999,0,-168.6551,2.900337,-14.60545,0.01588715,176.2579,359.9829,0,-362.1,0,0
121.7109,0,-168.6551,2.900337,-14.60545,0.01588832,176.2576,359.9829,0,-362.1,0,0
121.8276,0,-168.6551,2.900337,-14.60545,0.01588603,176.2573,359.9829,0,-362.1,0,0
121.9378,0,-168.6551,2.900337,-14.60545,0.01588334,176.2569,359.9829,0,-362.1,0,0
122.049,0,-168.6548,2.900543,-14.6056,359.9836,176.2383,359.9633,0,-362.1,0,0
122.1558,0,-168.6551,2.900337,-14.60545,0.01588834,176.2561,359.9829,0,-362.1,0,0
122.2658,0,-168.6551,2.900337,-14.60545,0.01588592,176.2556,359.9829,0,-362.1,0,0
122.3701,0,-168.6551,2.900337,-14.60545,0.01588356,176.2552,359.9829,0,-362.1,0,0
122.4811,0,-168.6551,2.900337,-14.60545,0.01589036,176.2552,359.9829,0,-362.1,0,0
122.5889,0,-168.6551,2.900337,-14.60545,0.01588822,176.2552,359.9829,0,-362.1,0,0
122.6981,0,-168.6551,2.900337,-14.60545,0.01588589,176.2552,359.9829,0,-362.1,0,0
122.8009,0,-168.6551,2.900337,-14.60545,0.01589032,176.2519,359.9829,0,-362.1,0,0
122.9147,0,-168.6551,2.900337,-14.60545,0.01588885,176.2519,359.9829,0,-362.1,0,0
123.0247,0,-168.6551,2.900337,-14.60545,0.01589013,176.2519,359.9829,0,-362.1,0,0
123.1272,0,-168.6551,2.900337,-14.60545,0.01588904,176.2519,359.9829,0,-362.1,0,0
123.2436,0,-168.6551,2.900336,-14.60545,0.01589075,176.2519,359.9829,0,-362.1,0,0
123.3527,0,-168.6551,2.900337,-14.60545,0.01588671,176.2519,359.9829,0,-362.1,0,0
123.465,0,-168.6551,2.900337,-14.60545,0.01588992,176.2519,359.9829,0,-362.1,0,0
123.5834,0,-168.6551,2.900337,-14.60545,0.01588796,176.2519,359.9829,0,-362.1,0,0
123.6938,0,-168.6551,2.900337,-14.60545,0.0158818,176.2519,359.9829,0,-362.1,0,0
123.8081,0,-168.6551,2.900336,-14.60545,0.01588435,176.2519,359.9829,0,-362.1,0,0
123.9234,0,-168.6551,2.900337,-14.60545,0.01588305,176.2519,359.9829,0,-362.1,0,0
124.0262,0,-168.655,2.900337,-14.60545,0.01588411,176.2479,359.9829,0,-362.1,0,0
124.137,0,-168.655,2.900337,-14.60545,0.01588831,176.2473,359.9829,0,-362.1,0,0
124.2506,0,-168.655,2.900337,-14.60545,0.01588946,176.247,359.9829,0,-362.1,0,0
124.3651,0,-168.655,2.900337,-14.60545,0.01588431,176.2471,359.9829,0,-362.1,0,0
124.4819,0,-168.655,2.900337,-14.60545,0.01588816,176.2469,359.9829,0,-362.1,0,0
124.5921,0,-168.655,2.900337,-14.60545,0.0158796,176.2468,359.9829,0,-362.1,0,0
124.7012,0,-168.655,2.900337,-14.60545,0.01588409,176.2468,359.9829,0,-362.1,0,0
124.8118,0,-168.655,2.900337,-14.60545,0.0158856,176.2468,359.9829,0,-362.1,0,0
124.9224,0,-168.655,2.900337,-14.60545,0.01588342,176.2468,359.9829,0,-362.1,0,0
125.0363,0,-168.655,2.900337,-14.60545,0.01588769,176.2468,359.9829,0,-362.1,0,0
125.1378,0,-168.655,2.900337,-14.60545,0.01588212,176.2466,359.9829,0,-362.1,0,0
125.2479,0,-168.655,2.900337,-14.60545,0.01588874,176.2466,359.9829,0,-362.1,0,0
125.3496,0,-168.655,2.900337,-14.60545,0.01588768,176.2466,359.9829,0,-362.1,0,0
125.4644,0,-168.655,2.900337,-14.60545,0.01588469,176.2466,359.9829,0,-362.1,0,0
125.573,0,-168.655,2.900337,-14.60545,0.01588372,176.2464,359.9829,0,-362.1,0,0
125.6856,0,-168.655,2.900337,-14.60545,0.01589091,176.2452,359.9829,0,-362.1,0,0
125.798,0,-168.655,2.900337,-14.60545,0.015882,176.2451,359.9829,0,-362.1,0,0
125.91,0,-168.655,2.900337,-14.60545,0.01588662,176.2445,359.9829,0,-362.1,0,0
126.0208,0,-168.655,2.900337,-14.60545,0.01588322,176.2445,359.9829,0,-362.1,0,0
126.1368,0,-168.655,2.900337,-14.60545,0.01588502,176.2445,359.9829,0,-362.1,0,0
126.2469,0,-168.655,2.900336,-14.60545,0.01588714,176.2445,359.9829,0,-362.1,0,0
126.3558,0,-168.655,2.900337,-14.60545,0.01588515,176.2445,359.9829,0,-362.1,0,0
126.4588,0,-168.655,2.900337,-14.60545,0.01588994,176.2445,359.9829,0,-362.1,0,0
126.5689,0,-168.655,2.900337,-14.60545,0.01588302,176.2445,359.9829,0,-362.1,0,0
126.6788,0,-168.6552,2.900308,-14.60543,0.01921106,176.256,359.9906,0,-362.1,0,0
126.7905,0,-168.655,2.900337,-14.60545,0.01588832,176.2445,359.9829,0,-362.1,0,0
126.9054,0,-168.655,2.900337,-14.60545,0.01588672,176.2445,359.9829,0,-362.1,0,0
127.0147,0,-168.655,2.900337,-14.60545,0.01588523,176.2445,359.9829,0,-362.1,0,0
127.1234,0,-168.655,2.900337,-14.60545,0.01588694,176.2445,359.9829,0,-362.1,0,0
127.2351,0,-168.655,2.900337,-14.60545,0.01589116,176.2393,359.9829,0,-362.1,0,0
127.3463,0,-168.655,2.900337,-14.60545,0.01588978,176.239,359.9829,0,-362.1,0,0
127.4591,0,-168.655,2.900337,-14.60545,0.01588711,176.239,359.9829,0,-362.1,0,0
127.5711,0,-168.655,2.900337,-14.60545,0.01588712,176.2382,359.9829,0,-362.1,0,0
127.688,0,-168.655,2.900337,-14.60545,0.01588542,176.238,359.9829,0,-362.1,0,0
127.7913,0,-168.655,2.900337,-14.60545,0.01588557,176.2374,359.9829,0,-362.1,0,0
127.8992,0,-168.655,2.900337,-14.60545,0.01587953,176.2373,359.9829,0,-362.1,0,0
128.0081,0,-168.655,2.900337,-14.60545,0.0158883,176.2371,359.9829,0,-362.1,0,0
128.1207,0,-168.655,2.900337,-14.60545,0.01588784,176.237,359.9829,0,-362.1,0,0
128.2382,0,-168.655,2.900337,-14.60545,0.01588226,176.237,359.9829,0,-362.1,0,0
128.3467,0,-168.655,2.900337,-14.60545,0.0158835,176.2369,359.9829,0,-362.1,0,0
128.4582,0,-168.655,2.900337,-14.60545,0.01588698,176.2369,359.9829,0,-362.1,0,0
128.571,0,-168.655,2.900337,-14.60545,0.01589095,176.238,359.9829,0,-362.1,0,0
128.6871,0,-168.655,2.900337,-14.60545,0.01587855,176.238,359.9829,0,-362.1,0,0
128.7977,0,-168.655,2.900337,-14.60545,0.01588114,176.238,359.9829,0,-362.1,0,0
128.9076,0,-168.655,2.900337,-14.60545,0.01588925,176.238,359.9829,0,-362.1,0,0
129.0197,0,-168.655,2.900337,-14.60545,0.01588579,176.238,359.9829,0,-362.1,0,0
129.1379,0,-168.655,2.900337,-14.60545,0.01588329,176.238,359.9829,0,-362.1,0,0
129.2477,0,-168.655,2.900337,-14.60545,0.01588069,176.238,359.9829,0,-362.1,0,0
129.364,0,-168.655,2.900337,-14.60545,0.01588496,176.238,359.9829,0,-362.1,0,0
129.483,0,-168.655,2.900337,-14.60545,0.01588925,176.238,359.9829,0,-362.1,0,0
129.5975,0,-168.655,2.900337,-14.60545,0.0158854,176.238,359.9829,0,-362.1,0,0
129.6977,0,-168.655,2.900337,-14.60545,0.01588327,176.238,359.9829,0,-362.1,0,0
129.7982,0,-168.655,2.900337,-14.60545,0.01588927,176.238,359.9829,0,-362.1,0,0
129.9007,0,-168.655,2.900337,-14.60545,0.01588683,176.2389,359.9829,0,-362.1,0,0
130.0032,0,-168.655,2.900337,-14.60545,0.01589408,176.239,359.9829,0,-362.1,0,0
130.1049,0,-168.655,2.900337,-14.60545,0.01588038,176.239,359.9829,0,-362.1,0,0
130.2087,0,-168.6549,2.900234,-14.60524,0.03758288,176.2328,359.976,0,-362.1,0,0
130.3133,0,-168.655,2.900337,-14.60545,0.01587958,176.2393,359.9829,0,-362.1,0,0
130.4205,0,-168.655,2.900337,-14.60545,0.01588294,176.2392,359.9829,0,-362.1,0,0
130.5229,0,-168.655,2.900337,-14.60545,0.0158856,176.2392,359.9829,0,-362.1,0,0
130.6238,0,-168.655,2.900337,-14.60545,0.01588557,176.2392,359.9829,0,-362.1,0,0
130.7434,0,-168.655,2.900337,-14.60545,0.01588634,176.2388,359.9829,0,-362.1,0,0
130.8503,0,-168.655,2.900343,-14.60545,0.01588719,176.2388,359.9829,0,-362.1,0,0
130.9514,0,-168.6551,2.900378,-14.60544,0.01588766,176.2388,359.9829,0,-362.1,0,0
131.0653,0,-168.6552,2.90044,-14.60542,0.01588895,176.2388,359.9829,0,-362.1,0,0
131.1682,0,-168.6552,2.90044,-14.60542,0.01588684,176.2388,359.9829,0,-362.1,0,0
131.2694,0,-168.6552,2.90044,-14.60542,0.01588719,176.2387,359.9829,0,-362.1,0,0
131.3701,0,-168.6552,2.90044,-14.60542,0.01588415,176.2387,359.9829,0,-362.1,0,0
131.4725,0,-168.6552,2.90044,-14.60542,0.01588293,176.2387,359.9829,0,-362.1,0,0
131.5859,0,-168.6552,2.900444,-14.60542,0.01588599,176.239,359.9829,0,-362.1,0,0
131.6904,0,-168.6552,2.900463,-14.60541,0.01588127,176.2394,359.9829,0,-362.1,0,0
131.8042,0,-168.6552,2.900463,-14.60541,0.01588439,176.2397,359.9829,0,-362.1,0,0
131.9047,0,-168.6552,2.900463,-14.60541,0.01588698,176.24,359.9829,0,-362.1,0,0
132.0075,0,-168.6552,2.900463,-14.60541,0.01588477,176.2399,359.9829,0,-362.1,0,0
132.1185,0,-168.6552,2.900463,-14.60541,0.01588909,176.2401,359.9829,0,-362.1,0,0
132.2312,0,-168.6552,2.900463,-14.60541,0.01588093,176.2403,359.9829,0,-362.1,0,0
132.346,0,-168.6552,2.900463,-14.60541,0.01588742,176.2405,359.9829,0,-362.1,0,0
132.4651,0,-168.6552,2.900463,-14.60541,0.01588746,176.2407,359.9829,0,-362.1,0,0
132.5794,0,-168.6552,2.900463,-14.60541,0.01588381,176.241,359.9829,0,-362.1,0,0
132.6943,0,-168.6552,2.900475,-14.60541,0.01588941,176.2408,359.9829,0,-362.1,0,0
132.8096,0,-168.6553,2.900506,-14.6054,0.01588714,176.2409,359.9829,0,-362.1,0,0
132.9144,0,-168.6553,2.900527,-14.6054,0.0158895,176.2405,359.9829,0,-362.0367,0,0
133.0267,0,-168.6553,2.900545,-14.60539,0.01589241,176.2403,359.9829,0,-361.9047,0,0
133.1426,0,-168.6553,2.900546,-14.60539,0.01588516,176.2401,359.9829,0,-361.6645,0,0
133.2595,0,-168.6553,2.900545,-14.60539,0.01589007,176.2401,359.9829,0,-361.3101,0,0
133.3701,0,-168.6553,2.900546,-14.60539,0.015887,176.2403,359.9829,0,-361.3002,0,0
133.4852,0,-168.6553,2.900546,-14.60539,0.01588713,176.2402,359.9829,0,-361.3,0,0
133.6042,0,-168.6553,2.900546,-14.60539,0.01588734,176.2406,359.9829,0,-361.3379,0,0
133.7146,0,-168.6553,2.900556,-14.60539,0.0158801,176.2405,359.9829,0,-361.4932,0,0
133.8286,0,-168.6553,2.900561,-14.60539,0.01588016,176.2407,359.9829,0,-361.4999,0,0
133.9443,0,-168.6553,2.900561,-14.60539,0.0158864,176.2415,359.9829,0,-361.5,0,0
134.054,0,-168.6553,2.900561,-14.60539,0.01588631,176.2417,359.9829,0,-361.5,0,0
134.1608,0,-168.6553,2.900561,-14.60539,0.015883,176.2421,359.9829,0,-361.5,0,0
134.2745,0,-168.6553,2.900561,-14.60539,0.01588723,176.2421,359.9829,0,-361.5,0,0
134.3763,0,-168.6553,2.900561,-14.60539,0.01588391,176.243,359.9829,0,-361.5,0,0
134.4886,0,-168.6553,2.900561,-14.60539,0.0158789,176.2436,359.9829,0,-361.5,0,0
134.6017,0,-168.6554,2.900561,-14.60539,0.01589028,176.2442,359.9829,0,-361.5,0,0
134.7193,0,-168.6554,2.900568,-14.60538,0.01588654,176.2443,359.9829,0,-361.5,0,0
134.8221,0,-168.6554,2.900568,-14.60538,0.01587833,176.2442,359.9829,0,-361.5,0,0
134.9257,0,-168.6554,2.900568,-14.60538,0.01588588,176.2442,359.9829,0,-361.5,0,0
135.0441,0,-168.6554,2.900568,-14.60538,0.01588402,176.2441,359.9829,0,-361.5,0,0
135.1519,0,-168.6554,2.900568,-14.60538,0.01588389,176.2444,359.9829,0,-361.5,0,0
135.257,0,-168.6554,2.900568,-14.60538,0.01588624,176.2442,359.9829,0,-361.5698,0,0
135.3615,0,-168.6554,2.900568,-14.60538,0.0158871,176.2442,359.9829,0,-361.599,0,0
135.4703,0,-168.6554,2.900568,-14.60538,0.01588707,176.2442,359.9829,0,-361.7646,0,0
135.5815,0,-168.6554,2.900568,-14.60538,0.0158889,176.2442,359.9829,0,-361.7991,0,0
135.6907,0,-168.6554,2.900568,-14.60538,0.01588331,176.2441,359.9829,0,-361.8368,0,0
135.8043,0,-168.6554,2.900572,-14.60538,0.01588517,176.2441,359.9829,0,-361.898,0,0
135.9144,0,-168.6554,2.900575,-14.60538,0.01589111,176.2439,359.9829,0,-361.9458,0,0
136.0342,0,-168.6554,2.900575,-14.60538,0.01588211,176.2442,359.9829,0,-362.2882,0,0
136.1447,0,-168.6554,2.900575,-14.60538,0.01588594,176.2442,359.9829,0,-362.3199,0,0
136.2584,0,-168.6554,2.900575,-14.60538,0.01588709,176.2442,359.9829,0,-362.4925,0,0
136.3685,0,-168.6554,2.900575,-14.60538,0.01588952,176.2442,359.9829,0,-362.5285,0,0
136.4806,0,-168.6554,2.900575,-14.60538,0.01588369,176.2442,359.9829,0,-362.6929,0,0
136.5836,0,-168.6554,2.900575,-14.60538,0.01589048,176.2442,359.9829,0,-362.6998,0,0
136.6957,0,-168.6554,2.900575,-14.60538,0.01588762,176.2442,359.9829,0,-362.6061,0,0
136.7962,0,-168.6554,2.900575,-14.60538,0.01588233,176.2442,359.9829,0,-362.6002,0,0
136.9075,0,-168.6554,2.900575,-14.60538,0.01588384,176.2442,359.9829,0,-362.6,0,0
137.0172,0,-168.6554,2.900575,-14.60538,0.01588703,176.2442,359.9829,0,-362.6,0,0
137.1203,0,-168.6554,2.900575,-14.60538,0.0158871,176.2442,359.9829,0,-362.6,0,0
137.2377,0,-168.6554,2.900575,-14.60538,0.0158867,176.2442,359.9829,0,-362.6,0,0
137.3487,0,-168.6554,2.900575,-14.60538,0.01588584,176.2442,359.9829,0,-362.6,0,0
137.4656,0,-168.6554,2.900575,-14.60538,0.01588584,176.2442,359.9829,0,-362.6,0,0
137.5783,0,-168.6554,2.900575,-14.60538,0.01588804,176.2442,359.9829,0,-362.6599,0,0
137.694,0,-168.6554,2.900575,-14.60538,0.01588544,176.2442,359.9829,0,-362.699,0,0
137.7975,0,-168.6554,2.900575,-14.60538,0.01588995,176.2442,359.9829,0,-362.7,0,0
137.9015,0,-168.6554,2.900575,-14.60538,0.01589028,176.2442,359.9829,0,-362.7,0,0
138.0176,0,-168.6554,2.900575,-14.60538,0.01588542,176.2442,359.9829,0,-362.7,0,0
138.1277,0,-168.6554,2.900575,-14.60538,0.01589071,176.2436,359.9829,0,-362.7,0,0
138.2418,0,-168.6554,2.900575,-14.60538,0.01588902,176.2436,359.9829,0,-362.7,0,0
138.3437,0,-168.6554,2.900575,-14.60538,0.01588318,176.2436,359.9829,0,-362.7,0,0
138.4553,0,-168.6554,2.900575,-14.60538,0.01588828,176.2436,359.9829,0,-362.7,0,0
138.5751,0,-168.6554,2.900575,-14.60538,0.01588531,176.2435,359.9829,0,-362.2239,0,0
138.6882,0,-168.6554,2.900575,-14.60538,0.01588557,176.2433,359.9829,0,-362.2005,0,0
138.8027,0,-168.6554,2.900575,-14.60538,0.01588684,176.2432,359.9829,0,-362.561,0,0
138.9214,0,-168.6554,2.900575,-14.60518,0.0158864,176.2431,359.9829,-0.01380957,-362.5993,0,0.02
139.0371,0,-168.6554,2.900575,-14.60353,0.01588461,176.243,359.9829,-0.03694743,-364.5132,0,0.02
139.1529,0,-168.6555,2.900575,-14.59996,0.01588108,176.2424,359.9829,-0.07950625,-364.6965,0,0.05
139.2547,0,-168.6557,2.900575,-14.59392,0.01588709,176.2421,359.9829,-0.1304339,-364.5481,0,0.05
139.3714,0,-168.6559,2.900575,-14.58414,0.01588571,176.2417,359.9829,0,-364.501,0,0
139.4726,0,-168.6559,2.900575,-14.58414,0.01588472,176.2417,359.9829,0,-364.4396,0,0
139.5741,0,-168.6559,2.900575,-14.58414,0.01588236,176.2417,359.9829,0,-364.4016,0,0
139.6765,0,-168.6559,2.900575,-14.58414,0.01588069,176.2415,359.9829,0,-364.4162,0,0
139.793,0,-168.6559,2.900575,-14.58414,0.015883,176.2414,359.9829,0,-364.4971,0,0
139.91,0,-168.6559,2.900575,-14.58379,0.01588571,176.2414,359.9829,-0.0116996,-364.6375,0,0.01
140.0105,0,-168.6559,2.900575,-14.58284,0.01588131,176.2413,359.9829,-0.02175075,-365.354,0,0.01
140.1106,0,-168.6559,2.900575,-14.58213,0.01588763,176.2413,359.9829,0,-365.3986,0,0
140.223,0,-168.6559,2.900575,-14.58213,0.01588693,176.2413,359.9829,0.03945239,-367.2562,0.29,0
140.3318,0,-168.6556,2.900575,-14.59438,0.01588596,176.2422,359.9829,0.3551879,-367.494,0.29,0
140.4494,0,-168.6547,2.900575,-14.62919,0.01588569,176.2459,359.9829,0.6900045,-370.7891,0.26,0
140.564,0,-168.6532,2.900575,-14.68638,0.01588256,176.2528,359.9829,0.9881431,-371.094,0.26,0
140.6828,0,-168.6511,2.900575,-14.7646,0.01588534,176.2628,359.9829,1.296992,-372.3819,0.26,0
140.7977,0,-168.6485,2.900575,-14.86417,0.01588581,176.2763,359.9829,1.595643,-372.4978,0.26,0
140.9176,0,-168.6454,2.900575,-14.98503,0.01588751,176.2931,359.9829,1.909452,-373.1769,0.27,0
141.0332,0,-168.6418,2.900575,-15.12798,0.01588599,176.3138,359.9829,2.221466,-373.2975,0.27,0
141.1383,0,-168.6384,2.900575,-15.26823,0.01588496,176.3382,359.9829,2.505398,-376.6804,0.27,0
141.2518,0,-168.634,2.900575,-15.45227,0.01588405,176.3722,359.9829,2.800311,-377.1889,0.26,0
141.352,0,-168.6299,2.900575,-15.62683,0.01588291,176.4069,359.9829,3.061013,-379.1555,0.26,0
141.4525,0,-168.6256,2.900575,-15.81672,0.01588554,176.4474,359.9829,3.287022,-379.7759,0.19,0
141.5546,0,-168.6212,2.900575,-16.01872,0.01588363,176.4903,359.9829,3.481019,-380.2165,0.19,0
141.6555,0,-168.6167,2.900575,-16.23228,0.01588876,176.5423,359.9829,3.672798,-382.0849,0.19,0
141.7565,0,-168.6123,2.900575,-16.45747,0.01588696,176.5967,359.9829,3.864625,-382.1966,0.19,0
141.8738,0,-168.6071,2.900575,-16.73468,0.01588174,176.673,359.9829,4.08751,-386.6645,0.19,0
141.9884,0,-168.6021,2.900575,-17.02723,0.0158839,176.757,359.9829,4.305393,-387.0916,0.19,0
142.0892,0,-168.5981,2.900575,-17.29037,0.01588546,176.8399,359.9829,4.496722,-390.8345,0.19,0
142.2044,0,-168.5938,2.900575,-17.61057,0.01588685,176.9538,359.9829,4.666283,-393.2386,0.14,0
142.3044,0,-168.5905,2.900575,-17.89412,0.01588646,177.0541,359.9829,4.806305,-393.3133,0.14,0
142.4204,0,-168.5872,2.900575,-18.23541,0.01588689,177.1757,359.9829,4.958681,-393.3969,0.12,0
142.5207,0,-168.5849,2.900575,-18.53601,0.01588395,177.2831,359.9829,5.079016,-394.0881,0.12,0
142.6365,0,-168.583,2.900575,-18.89583,0.01588689,177.4294,359.9829,5.217957,-397.762,0.12,0
142.7366,0,-168.5822,2.900575,-19.21203,0.01588823,177.5579,359.9829,5.338156,-397.8959,0.12,0
142.8368,0,-168.5822,2.900575,-19.53547,0.01588679,177.7126,359.9829,5.458353,-407.783,0.12,0
142.9371,0,-168.5835,2.900575,-19.86614,0.0158931,177.8941,359.9829,5.57875,-410.9754,0.12,0
143.054,0,-168.5863,2.900575,-20.26106,0.01588596,178.1203,359.9829,5.71904,-415.9907,0.12,0
143.1692,0,-168.5912,2.900575,-20.66572,0.01588804,178.3765,359.9829,5.857178,-419.2167,0.12,0
143.2857,0,-168.598,2.900575,-21.08008,0.01588567,178.6383,359.9829,5.997026,-419.6844,0.12,0
143.3858,0,-168.6056,2.900575,-21.44273,0.01588432,178.8734,359.9829,6.086948,-420.2697,0.06,0
143.5014,0,-168.6165,2.900575,-21.87102,0.01588604,179.1614,359.9829,6.156357,-427.1393,0.06,0
143.6158,0,-168.6304,2.900575,-22.30392,0.01588956,179.5172,359.9829,6.205245,-437.6711,0.02,0
143.7306,0,-168.6472,2.900575,-22.73898,0.01587911,179.875,359.9829,6.228204,-440.5818,0.02,0
143.8321,0,-168.6644,2.900862,-23.11233,359.9773,180.2439,-0.004177012,6.041501,-455.1829,0,0
143.9481,0,-168.686,2.900575,-23.5138,0.01588491,180.6782,359.9829,5.341502,-456.084,0,0
144.0603,0,-168.707,2.900575,-23.86639,0.01588648,181.0066,359.9829,4.641502,-448.9241,0,0
144.1772,0,-168.7266,2.900575,-24.16991,0.01588023,181.2845,359.9829,3.941503,-448.115,0,0
144.2879,0,-168.744,2.900598,-24.4244,0.01588661,181.495,359.9829,3.241504,-436.1248,0,0
144.4019,0,-168.7588,2.900615,-24.62992,0.01588589,181.6574,359.9829,2.541504,-435.3158,0,0
144.5191,0,-168.7702,2.900615,-24.7865,0.01588896,181.7624,359.9829,1.841505,-422.7889,0,0
144.6289,0,-168.7782,2.900615,-24.89418,0.01588841,181.8354,359.9829,1.141505,-422.115,0,0
144.7409,0,-168.7826,2.900615,-24.95295,0.01588587,181.8675,359.9829,0.4415045,-408.2592,0,0
144.8512,0,-168.7835,2.900615,-24.96499,0.01588671,181.8733,359.9829,0,-405.4709,0,0
144.9575,0,-168.7835,2.900615,-24.965,0.01588739,181.8733,359.9829,0,-404.206,0,0
145.0656,0,-168.7835,2.900615,-24.965,0.01588561,181.8745,359.9829,0,-403.9084,0,0
145.1729,0,-168.7836,2.900325,-24.96475,0.05293164,181.8802,359.9798,0,-409.6223,0,0
145.2876,0,-168.7836,2.900615,-24.96499,0.01589161,181.875,359.9829,0,-411.6523,0,0
145.3968,0,-168.7836,2.900615,-24.96499,0.01589088,181.8752,359.9829,0,-433.964,0,0
145.5066,0,-168.7835,2.900615,-24.96499,0.01588641,181.8752,359.9829,0,-451.5331,0,0
145.6077,0,-168.7835,2.900615,-24.96499,0.01588669,181.8752,359.9829,0,-470.4859,0,0
145.717,0,-168.7836,2.900615,-24.9657,0.0158877,181.8763,359.9829,0.04642757,-493.4761,0.07,0
145.8269,0,-168.7841,2.900615,-24.97123,0.01589199,181.8841,359.9829,0.1233303,-496.0944,0.07,0
145.9421,0,-168.7851,2.90067,-24.98337,0.005464637,181.904,359.9869,0.2698752,-500.0708,0.17,0
146.0553,0,-168.7871,2.900615,-25.00799,0.01587921,181.9386,359.9829,0.4623027,-502.4314,0.17,0
146.1691,0,-168.7905,2.900615,-25.0486,0.01588754,182.001,359.9829,0.7814189,-506.0822,0.33,0
146.286,0,-168.7961,2.900615,-25.11452,0.01588462,182.1029,359.9829,1.167141,-508.6137,0.33,0
146.3961,0,-168.8044,2.900615,-25.20774,0.01588139,182.2561,359.9829,1.601499,-511.8842,0.44,0
146.5055,0,-168.8158,2.900615,-25.33461,0.01588811,182.4519,359.9829,2.082762,-511.9977,0.44,0
146.615,0,-168.8309,2.900615,-25.49432,0.01588508,182.7001,359.9829,2.564659,-512.9091,0.44,0
146.7219,0,-168.85,2.900615,-25.68762,0.01588183,182.9982,359.9829,3.056243,-513.0946,0.46,0
146.8288,0,-168.8739,2.900615,-25.91554,0.01588917,183.3546,359.9829,3.548165,-518.4604,0.46,0
146.937,0,-168.9028,2.900615,-26.17603,0.01588678,183.7523,359.9829,3.989516,-519.5694,0.4,0
147.0465,0,-168.9376,2.900625,-26.46623,0.01589227,184.227,359.9829,4.427393,-507.3716,0.4,0
147.1564,0,-168.9782,2.900719,-26.78669,0.01588801,184.6915,359.9829,4.835663,-503.4094,0.36,0
147.2659,0,-169.0252,2.900796,-27.13459,0.01588459,185.1734,359.9829,5.229833,-488.0463,0.36,0
147.3749,0,-169.078,2.900821,-27.50907,0.01588386,185.6074,359.9829,5.599244,-475.1346,0.32,0
147.4818,0,-169.1375,2.900824,-27.90758,0.01588654,186.0732,359.9829,5.94148,-473.4235,0.32,0
147.59,0,-169.2031,2.900824,-28.32852,0.01588324,186.5096,359.9829,6.221311,-463.1386,0.18,0
147.6975,0,-169.2745,2.900824,-28.76418,0.01588598,186.9561,359.9829,6.414779,-462.6126,0.18,0
147.8043,0,-169.3502,2.900786,-29.21247,0.026389,187.2725,359.9896,6.578956,-435.4471,0.04,0
147.9129,0,-169.4298,2.900824,-29.66763,0.01588319,187.6215,359.9829,6.6224,-433.3506,0.04,0
148.0152,0,-169.5123,2.900824,-30.12528,0.01588791,187.9235,359.9829,6.663308,-424.0195,0.04,0
148.1205,0,-169.5946,2.900824,-30.56989,0.01588282,188.1966,359.9829,6.071308,-422.6404,0,0
148.2277,0,-169.6699,2.900824,-30.96702,0.01588919,188.4274,359.9829,5.371309,-410.7543,0,0
148.3362,0,-169.7367,2.900824,-31.3158,0.01588137,188.5647,359.9829,4.671309,-399.3037,0,0
148.4452,0,-169.7948,2.900824,-31.61632,0.01588427,188.6768,359.9829,3.97131,-398.5353,0,0
148.5473,0,-169.8442,2.900824,-31.86861,0.01588747,188.7728,359.9829,3.271311,-398.024,0,0
148.6552,0,-169.8844,2.900824,-32.07275,0.01588634,188.8511,359.9829,2.571311,-398.0005,0,0
148.7647,0,-169.9155,2.900824,-32.22874,0.01587954,188.919,359.9829,1.871312,-402.7585,0,0
148.8755,0,-169.9371,2.900824,-32.33664,0.0158884,188.9671,359.9829,1.171312,-403.0927,0,0
148.984,0,-169.9491,2.900824,-32.39646,0.01588126,188.9939,359.9829,0.4713116,-403.0999,0,0
149.0914,0,-169.9559,2.900824,-32.43012,0.01588614,189.0087,359.9829,0.5142761,-403.1,0.04,0
149.2005,0,-169.9632,2.900824,-32.46667,0.01588964,189.0244,359.9829,0.5579412,-401.8634,0.04,0
149.3086,0,-169.9714,2.900824,-32.5075,0.01588532,189.0406,359.9829,0.6734691,-401.4135,0.13,0
149.4088,0,-169.9815,2.900824,-32.55748,0.01588386,189.0602,359.9829,0.803729,-399.1062,0.13,0
149.5146,0,-169.9939,2.900824,-32.61875,0.01588535,189.083,359.9829,1.032031,-397.1731,0.25,0
149.6226,0,-170.0098,2.900824,-32.69742,0.01588712,189.1119,359.9829,1.30209,-394.5815,0.25,0
149.7251,0,-170.0295,2.900824,-32.79473,0.01588384,189.1398,359.9829,1.600059,-390.6861,0.32,0
149.8319,0,-170.0538,2.900824,-32.91492,0.01588717,189.1752,359.9829,1.941724,-388.5015,0.32,0
149.9375,0,-170.083,2.900824,-33.05861,0.0158865,189.2105,359.9829,2.285502,-384.7654,0.33,0
150.0456,0,-170.1171,2.900824,-33.22595,0.01588359,189.2525,359.9829,2.642288,-384.3608,0.33,0
150.1479,0,-170.1562,2.900824,-33.41695,0.01588191,189.2934,359.9829,2.976958,-382.5177,0.32,0
150.2535,0,-170.2002,2.900824,-33.63144,0.01589057,189.3407,359.9829,3.314848,-382.403,0.32,0
150.3634,0,-170.2492,2.900824,-33.86885,0.01588598,189.394,359.9829,3.666375,-381.0152,0.32,0
150.4669,0,-170.3031,2.900824,-34.12973,0.01588714,189.4454,359.9829,3.997714,-380.5176,0.32,0
150.5754,0,-170.3623,2.900824,-34.41426,0.01588259,189.5047,359.9829,4.344678,-380.8567,0.32,0
150.6846,0,-170.4268,2.900824,-34.72237,0.01588413,189.5781,359.9829,4.69421,-383.2806,0.32,0
150.7923,0,-170.4968,2.900824,-35.05434,0.01588274,189.6581,359.9829,5.038768,-383.3972,0.32,0
150.902,0,-170.5723,2.90082,-35.4098,0.01587599,189.7432,359.985,5.389822,-384.6134,0.32,0
151.0123,0,-170.6534,2.900824,-35.78885,0.01588326,189.8449,359.9829,5.742761,-384.6981,0.32,0
151.1199,0,-170.7404,2.900824,-36.19168,0.01588689,189.9476,359.9829,6.087124,-384.9668,0.32,0
151.2336,0,-170.8466,2.900824,-36.67976,0.01588607,190.0578,359.9829,6.450877,-384.9993,0.32,0
151.3373,0,-170.9459,2.900824,-37.13114,0.01588998,190.1706,359.9829,6.782975,-385.9329,0.32,0
151.4411,0,-171.0511,2.900824,-37.60486,0.01588895,190.2921,359.9829,7.114912,-386.0949,0.32,0
151.5476,0,-171.1626,2.900824,-38.1013,0.01588405,190.4319,359.9829,7.455714,-389.1528,0.32,0
151.6562,0,-171.2808,2.900824,-38.62075,0.01588217,190.594,359.9829,7.803471,-390.7501,0.32,0
151.7639,0,-171.4058,2.900824,-39.16283,0.01588875,190.7677,359.9829,8.147861,-391.8626,0.32,0
151.8712,0,-171.5379,2.900824,-39.72759,0.01588706,190.9439,359.9829,8.491404,-392.5756,0.32,0
151.9729,0,-171.6774,2.900824,-40.31531,0.01588429,191.1366,359.9829,8.816824,-392.6542,0.32,0
152.0799,0,-171.8235,2.900824,-40.92152,0.01588491,191.3353,359.9829,8.758767,-392.6985,0.01,0.1
152.1887,0,-171.9607,2.900824,-41.48216,0.01588242,191.5253,359.9829,7.569061,-391.7373,0.01,0.1
152.2962,0,-172.0792,2.900824,-41.96154,0.01588402,191.6506,359.9829,6.36455,-385.617,0,0.1
152.4051,0,-172.1718,2.900824,-42.33345,0.01588625,191.7473,359.9829,4.1453,-385.307,0,0.31
152.5146,0,-172.2253,2.900824,-42.54717,0.01588687,191.7956,359.9829,1.748145,-382.128,0,0.31
152.6264,0,-172.246,2.900824,-42.6298,0.01588704,191.8124,359.9829,0.5357149,-381.9048,0,0
152.7319,0,-172.2502,2.900824,-42.64643,0.01588762,191.8164,359.9829,0,-383.1009,0,0
152.8383,0,-172.2488,2.900824,-42.64091,0.01588735,191.8151,359.9829,-0.3515018,-383.1975,0,0.56
152.94,0,-172.2386,2.900824,-42.60043,0.01589053,191.8058,359.9829,-0.9208524,-383.2796,0,0.56
153.0483,0,-172.2187,2.900824,-42.52104,0.01588534,191.7876,359.9829,-1.500552,-383.2994,0,0.48
153.1504,0,-172.1898,2.900824,-42.40532,0.01588675,191.7617,359.9829,-1.990305,-383.9226,0,0.48
153.256,0,-172.1519,2.900824,-42.25405,0.01588799,191.7248,359.9829,-2.570159,-384.1909,0,0.65
153.3656,0,-172.1033,2.900824,-42.0591,0.01588474,191.6748,359.9829,-3.282561,-384.4335,0,0.65
153.4689,0,-172.0432,2.900857,-41.81691,0.01100051,191.6005,-0.004253296,-3.953991,-384.5936,0,0.65
153.5703,0,-171.9717,2.900824,-41.52747,0.01588485,191.5493,359.9829,-4.64316,-384.6992,0,0.68
153.678,0,-171.8886,2.900824,-41.18931,0.01588831,191.4624,359.9829,-5.375851,-384.892,0,0.68
153.7892,0,-171.7942,2.900824,-40.80267,0.01588666,191.3663,359.9829,-6.131578,-384.8998,0,0.68
153.8909,0,-171.6884,2.900824,-40.36571,0.01588515,191.2569,359.9829,-6.823575,-384.9,0,0.68
153.9935,0,-171.5718,2.900824,-39.88008,0.01588589,191.1379,359.9829,-7.509788,-384.9,0,0.66
154.0967,0,-171.4455,2.900824,-39.34823,0.01588941,191.0312,359.9829,-8.190584,-378.4451,0,0.66
154.2003,0,-171.3095,2.900824,-38.7705,0.01588789,190.9466,359.9829,-8.871365,-375.0286,0,0.64
154.3078,0,-171.1634,2.900824,-38.14643,0.01588832,190.8408,359.9829,-9.559685,-378.4113,0,0.64
154.4078,0,-171.0079,2.900824,-37.47608,0.01588437,190.6908,359.9829,-10.19989,-383.6295,0,0.64
154.5132,0,-170.8437,2.900824,-36.75972,0.01588235,190.5199,359.9829,-10.86537,-383.8934,0,0.63
154.6217,0,-170.6709,2.900824,-35.99764,0.01588049,190.082,359.9829,-11.54863,-418.4273,0,0.63
154.7237,0,-170.4944,2.900824,-35.18918,0.01588098,189.6122,359.9829,-12.18501,-420.9236,0,0.62
154.8275,0,-170.3147,2.900824,-34.33389,0.01588274,188.8484,359.9829,-12.82909,-458.9303,0,0.62
154.9362,0,-170.1382,2.900824,-33.43229,0.01588453,187.8701,359.9829,-13.49783,-465.5257,0,0.61
155.0368,0,-169.9695,2.900824,-32.48341,0.01588696,186.9002,359.9829,-14.11155,-471.6914,0,0.61
155.1437,0,-169.8105,2.900678,-31.48698,0.03239355,185.7351,359.9884,-14.76369,-476.6219,0,0.61
155.2495,0,-169.6661,2.900824,-30.44334,0.01588351,184.5793,359.9829,-15.40918,-470.271,0,0.61
155.3578,0,-169.5377,2.900824,-29.35091,0.0158795,183.4286,359.9829,-16.06976,-465.0776,0,0.61
155.4661,0,-169.4273,2.900824,-28.21035,0.01588625,182.2333,359.9829,-16.71934,-462.7816,0,0.6
155.5752,1,-169.3375,2.900824,-27.02214,0.01588892,181.0541,359.9829,-17.37384,-458.8537,0,0.6
155.683,1,-169.2697,2.900824,-25.78727,0.01588224,179.8286,359.9829,-18.02073,-457.3237,0,0.6
155.7863,1,-169.2267,2.900824,-24.50743,0.01588572,178.7927,359.9829,-18.64088,-446.5657,0,0.6
155.893,1,-169.2072,2.900824,-23.18182,0.01588544,177.6712,359.9829,-19.2811,-445.9162,0,0.6
156.0007,1,-169.2153,2.900824,-21.81145,0.01588353,176.9644,359.9829,-19.92682,-396.8571,0,0.6
156.1088,1,-169.2373,2.900824,-20.39695,0.01588808,176.6382,359.9829,-20.51947,-383.4836,0,0.47
156.2166,1,-169.2688,2.900824,-18.94512,0.01588015,176.4842,359.9829,-21.02632,-363.1456,0,0.47
156.3215,1,-169.3028,2.900824,-17.4582,0.01588808,176.5556,359.9829,-21.50526,-355.1728,0,0.42
156.4326,1,-169.3354,2.900824,-15.9397,0.01588928,176.6013,359.9829,-21.97189,-358.5827,0,0.42
156.5437,1,-169.3681,2.900824,-14.38859,0.0158875,176.5963,359.9829,-22.43849,-360.2532,0,0.42
156.6603,1,-169.4011,2.900824,-12.81683,0.01588539,176.5744,359.9829,-22.48514,-363.2318,0,0.04
156.7761,1,-169.4355,2.900824,-11.24674,0.01588769,176.443,359.9829,-22.03193,-367.6683,0.4,0.04
156.8769,1,-169.4666,2.900824,-9.950093,0.01588161,176.3348,359.9829,-21.0286,-367.7963,0.4,0
156.9911,1,-169.5039,2.900824,-8.51315,0.0158826,176.1933,359.9829,-19.87191,-369.6104,0.4,0
157.1065,1,-169.542,2.900824,-7.174697,0.01588084,176.055,359.9829,-18.13313,-369.7964,0.9,0
157.2238,1,-169.5794,2.900824,-5.957674,0.01588663,175.9283,359.9829,-16.37785,-369.9512,0.9,0
157.3342,1,-169.6154,2.900824,-4.86396,0.01588182,175.8134,359.9829,-14.63641,-369.9987,0.96,0
157.4462,1,-169.6492,2.900824,-3.893594,0.0158833,175.7138,359.9829,-12.86121,-370.187,0.96,0
157.5464,1,-169.6758,2.90082,-3.161064,0.01743238,175.6361,359.9771,-11.28384,-370.4844,0.99,0
157.6564,1,-169.7036,2.900824,-2.425025,0.01588627,175.5511,359.9829,-9.494998,-370.5311,0.99,0
157.7717,1,-169.7273,2.900824,-1.816599,0.01588496,175.4846,359.9829,-7.653062,-370.5979,0.99,0
157.873,1,-169.744,2.900802,-1.398291,0.0183177,175.4384,359.9748,-6.050426,-370.5999,0.99,0
157.9753,1,-169.7572,2.900824,-1.076226,0.01588666,175.3981,359.9829,-4.437939,-370.7831,0.99,0
158.0778,1,-169.7665,2.900824,-0.8511297,0.01588435,175.3709,359.9829,-2.822636,-370.7995,0.99,0
158.1802,1,-169.7719,2.900824,-0.7227571,0.01588146,175.3561,359.9829,-1.20871,-370.8,0.99,0
158.2822,1,-169.7732,2.900824,-0.6901125,0.01588502,175.3523,359.9829,0.3012596,-370.8,0.99,0
158.3852,1,-169.7711,2.900824,-0.7410995,0.01588525,175.3577,359.9829,1.320962,-370.8,0.99,0
158.4898,1,-169.7659,2.900824,-0.8654162,0.01588321,175.3709,359.9829,2.356371,-370.8,0.99,0
158.6019,1,-169.7576,2.900824,-1.063764,0.01588211,175.3929,359.9829,3.466022,-370.8,0.99,0
158.7162,1,-169.7463,2.900824,-1.339527,0.01588626,175.4237,359.9829,4.597811,-370.8,0.99,0
158.8184,1,-169.7341,2.900824,-1.639986,0.01588355,175.458,359.9829,5.609088,-370.8,0.99,0
158.9311,1,-169.7172,2.900824,-2.065053,0.01588346,175.5069,359.9829,6.724527,-370.8,0.99,0
159.0476,1,-169.6976,2.900824,-2.570297,0.01589062,175.5653,359.9829,7.877893,-370.8,0.99,0
159.1505,1,-169.6793,2.900824,-3.067772,0.01588579,175.6807,359.9829,8.896631,-385.0851,0.99,0
159.2601,1,-169.6574,2.900824,-3.720384,0.01588921,175.8724,359.9829,9.905518,-387.6348,0.92,0
159.3705,1,-169.636,2.900817,-4.444854,0.01668699,176.1232,359.9787,10.92136,-402.1886,0.92,0
159.4819,1,-169.6181,2.900824,-5.239309,0.01589017,176.5268,359.9829,11.87447,-407.7506,0.83,0
159.5942,1,-169.6047,2.900824,-6.099194,0.01588476,176.9548,359.9829,12.80633,-408.2451,0.83,0
159.7112,1,-169.5976,2.900824,-7.022524,0.01588449,177.4185,359.9829,13.66079,-408.4939,0.69,0
159.8218,1,-169.598,2.900824,-8.002031,0.01588388,177.8811,359.9829,14.42356,-400.2025,0.69,0
159.9371,1,-169.6048,2.900824,-9.032986,0.0158853,178.2469,359.9829,15.02592,-394.255,0.4,0
160.054,1,-169.6187,2.900824,-10.09873,0.01588755,178.6176,359.9829,15.49364,-392.1417,0.4,0
160.162,1,-169.6394,2.900824,-11.19497,0.01588392,178.957,359.9829,15.84721,-389.5964,0.24,0
160.2719,1,-169.6668,2.900824,-12.31185,0.01588784,179.2882,359.9829,16.11079,-389.5474,0.24,0
160.3815,1,-169.7014,2.900824,-13.44715,0.01588824,179.6313,359.9829,16.38864,-389.8834,0.27,0
160.4912,1,-169.7437,2.900824,-14.60281,0.01588953,179.9808,359.9829,16.68484,-389.9315,0.27,0
160.6026,1,-169.794,2.900824,-15.77716,0.01588702,180.338,359.9829,16.8584,-390.188,0.07,0
160.718,1,-169.8521,2.900824,-16.95851,0.01588837,180.7025,359.9829,16.93925,-390.1998,0.07,0
160.8282,1,-169.9182,2.900824,-18.14494,0.01588904,181.0843,359.9829,17.01289,-390.2,0.06,0
160.9348,1,-169.9921,2.900824,-19.33584,0.01588818,181.4326,359.9829,17.07687,-390.2,0.06,0
161.0443,1,-170.0738,2.900824,-20.53076,0.01588973,181.7936,359.9829,17.14256,-390.2,0.06,0
161.1479,1,-170.1633,2.900824,-21.72965,0.01588847,182.1432,359.9829,17.20475,-390.2,0.06,0
161.2598,1,-170.2606,2.900824,-22.93244,0.0158871,182.5079,359.9829,17.27188,-390.1302,0.06,0
161.3714,1,-170.3662,2.900824,-24.139,0.01589453,182.8871,359.9829,17.32931,-390.1008,0.05,0
161.4818,1,-170.4798,2.900824,-25.34874,0.01588637,183.2509,359.9829,17.38449,-388.6235,0.05,0
161.5917,1,-170.6011,2.900824,-26.56174,0.01588376,183.595,359.9829,17.44731,-388.0174,0.06,0
161.7012,1,-170.7301,2.900824,-27.77851,0.01588551,183.9242,359.9829,17.51304,-385.003,0.06,0
161.8086,1,-170.8649,2.900824,-28.99919,0.0158859,184.1599,359.9829,17.57747,-379.6225,0.06,0
161.9137,1,-171.005,2.900824,-30.22367,0.01588849,184.3977,359.9829,17.64055,-378.1109,0.06,0
162.0281,1,-171.1685,2.900824,-31.62785,0.01588607,184.4637,359.9829,17.70917,-365.7357,0.06,0
162.1331,1,-171.3135,2.900824,-32.86102,0.01589084,184.5261,359.9829,17.77215,-364.719,0.06,0
162.2413,1,-171.4595,2.900824,-34.09829,0.01588807,184.5391,359.9829,17.83356,-361.2756,0.05,0
162.3498,1,-171.6273,2.900824,-35.51694,0.01588305,184.5535,359.9829,17.88781,-361.104,0.05,0
162.4541,1,-171.7757,2.900824,-36.76197,0.01588375,184.6305,359.9829,17.93992,-367.5462,0.05,0
162.5589,1,-171.9269,2.900824,-38.01036,0.01588489,184.7336,359.9829,17.99232,-368.4724,0.05,0
162.668,1,-172.0809,2.900824,-39.26213,0.01588679,184.859,359.9829,18.04691,-370.7111,0.05,0
162.7706,1,-172.2385,2.900824,-40.51742,0.01588297,184.9955,359.9829,18.10708,-371.5683,0.06,0
162.8768,1,-172.3997,2.900824,-41.77673,0.01588348,185.1209,359.9829,18.17076,-368.6315,0.06,0
162.9875,1,-172.563,2.900824,-43.04013,0.01589197,185.191,359.9829,18.23718,-365.7922,0.06,0
163.0889,1,-172.7285,2.900824,-44.30782,0.01588311,185.2494,359.9829,18.29801,-363.2732,0.06,0
163.1914,1,-172.8944,2.900824,-45.5798,0.01589201,185.2323,359.9829,18.35956,-358.8195,0.06,0
163.296,1,-173.0605,2.900824,-46.85607,0.01589016,185.215,359.9829,18.42232,-358.6055,0.06,0
163.4077,1,-173.25,2.900824,-48.31994,0.01589013,185.1618,359.9829,18.4893,-355.4464,0.06,0
163.5105,1,-173.4149,2.900824,-49.60556,0.01588603,185.1016,359.9829,18.55099,-355.1104,0.06,0
163.6182,1,-173.5785,2.900824,-50.89566,0.01588351,184.9919,359.9829,18.61562,-350.1211,0.06,0
163.7323,1,-173.7623,2.900824,-52.37574,0.01588521,184.8434,359.9829,18.68404,-349.1221,0.06,0
163.8348,1,-173.9194,2.900824,-53.67593,0.0158878,184.6184,359.9829,18.74555,-339.2777,0.06,0
163.9425,1,-174.0705,2.90078,-54.98092,0.01997199,184.3339,359.981,18.81017,-336.3852,0.06,0
164.0538,1,-174.2343,2.900824,-56.47879,0.01588264,183.9029,359.9829,18.87698,-324.7223,0.06,0
164.1612,1,-174.3659,2.900824,-57.79507,0.01588453,183.3625,359.9829,18.94142,-318.7932,0.06,0
164.2747,1,-174.501,2.900824,-59.30608,0.01588618,182.6676,359.9829,19.00954,-301.6987,0.06,0
164.3814,1,-174.599,2.900942,-60.63432,0.003225815,181.7848,359.9817,19.0735,-293.7622,0.06,0
164.4958,1,-174.6883,2.900824,-62.15912,0.01588565,180.9163,359.9829,19.14214,-301.5657,0.06,0
164.6035,1,-174.7487,2.900819,-63.49901,0.01604323,180.2001,359.9655,19.20678,-305.1859,0.06,0
164.7074,1,-174.793,2.900909,-64.84401,0.004846087,179.4784,0.01789239,19.2691,-305.2972,0.06,0
164.8132,1,-174.8217,2.900824,-66.19387,0.01588496,178.8782,359.9829,19.33263,-313.806,0.06,0
164.9188,1,-174.8365,2.900824,-67.54846,0.01588143,178.2702,359.9829,19.39598,-314.4817,0.06,0
165.0276,1,-174.8386,2.900824,-68.90762,0.01588561,177.8071,359.9829,19.46124,-333.6526,0.06,0
165.1416,1,-174.8348,2.900824,-70.4667,0.01588147,177.6079,359.9829,19.52966,-346.3583,0.06,0
165.2466,1,-174.8286,2.900824,-71.8357,0.01588102,177.59,359.9829,19.59267,-366.5068,0.06,0
165.347,1,-174.8273,2.900824,-73.20914,0.01588877,177.8097,359.9829,19.65289,-376.9587,0.06,0
165.4536,1,-174.8314,2.900824,-74.58698,0.0158841,178.038,359.9829,19.71682,-376.2962,0.06,0
165.5549,1,-174.8401,2.900824,-75.96907,0.01588621,178.2144,359.9829,19.77763,-374.0204,0.06,0
165.6613,1,-174.8534,2.900824,-77.35554,0.01588804,178.4047,359.9829,19.84145,-373.0499,0.06,0
165.7639,1,-174.8694,2.900824,-78.74624,0.01588503,178.4881,359.9829,19.90301,-366.7939,0.06,0
165.8692,1,-174.8876,2.900824,-80.14135,0.01588997,178.5754,359.9829,19.96622,-366.4101,0.06,0
165.9697,1,-174.9072,2.900824,-81.54067,0.01589083,178.6021,359.9829,20.02653,-360.5306,0.06,0
166.0743,1,-174.9264,2.900824,-82.94434,0.0158849,178.5871,359.9829,20.08927,-358.9514,0.06,0
166.1872,1,-174.9477,2.900824,-84.55363,0.01588375,178.5385,359.9829,20.15704,-354.8264,0.06,0
166.2937,1,-174.9642,2.900824,-85.96611,0.01588981,178.4442,359.9829,20.21314,-352.8654,0.05,0
166.4043,1,-174.9787,2.900824,-87.58481,0.01588711,178.1855,359.9829,20.26845,-333.6453,0.05,0
166.5158,1,-174.9768,2.900824,-89.20779,0.01588586,177.5338,359.9829,20.33113,-314.8958,0.06,0
166.6305,1,-174.9557,2.900824,-90.83592,0.01588307,176.8529,359.9829,20.39994,-307.9016,0.06,0
166.7328,1,-174.9077,2.900825,-92.26379,0.01588883,175.507,359.9829,20.46132,-264.1563,0.06,0
166.8444,1,-174.8134,2.900825,-93.89902,0.01588523,174.0618,359.9829,20.5283,-261.4563,0.06,0
166.9557,1,-174.6693,2.900825,-95.53555,0.01588904,172.1619,359.9829,20.59505,-229.8345,0.06,0
167.0585,1,-174.4944,2.900825,-96.96682,0.01588829,170.3208,359.9829,20.65675,-227.761,0.06,0
167.1702,1,-174.2379,2.900825,-98.59975,0.01588736,168.1873,359.9829,20.72521,-212.8203,0.07,0
167.2809,1,-173.917,2.900825,-100.2271,0.01587979,165.9553,359.9829,20.80269,-211.2366,0.07,0
167.3922,1,-173.5282,2.900825,-101.8457,0.01588574,163.4608,359.9829,20.88064,-189.9672,0.07,0
167.5069,1,-173.06,2.900825,-103.4596,0.015884,160.7766,359.9829,21.23624,-186.1805,0.31,0
167.6114,1,-172.5768,2.900825,-104.8732,0.01588546,158.1376,359.9829,21.56013,-178.3768,0.31,0
167.7226,1,-171.9493,2.900824,-106.4576,0.01588776,155.2825,359.9829,20.90288,-176.546,0,0
167.8239,1,-171.3578,2.900825,-107.7705,0.01588276,152.8777,359.9829,20.20288,-185.3438,0,0
167.9271,1,-170.7368,2.900824,-109.0155,0.01588606,150.7583,359.9829,19.50288,-201.7096,0,0
168.0413,1,-170.0041,2.900825,-110.3589,0.01588447,148.5478,359.9829,18.70287,-205.8954,0,0
168.1465,1,-169.3506,2.900825,-111.4674,0.01588568,146.8928,359.9829,18.00287,-228.5197,0,0
168.2616,1,-168.6,2.900825,-112.6618,0.01588472,145.203,359.9829,17.20287,-233.3917,0,0
168.3686,1,-167.9471,2.900825,-113.6473,0.01588462,144.0126,359.9829,16.50286,-257.423,0,0
168.4793,1,-167.2145,2.900825,-114.7055,0.01588232,142.8344,359.9829,15.53624,-258.6735,0,0.04
168.5805,1,-166.5981,2.900825,-115.5676,0.01588704,142.1754,359.9829,14.63399,-299.3888,0,0.04
168.6814,1,-166.0118,2.900825,-116.3728,0.01588179,141.6746,359.9829,13.57507,-305.7787,0,0.15
168.7836,1,-165.473,2.900824,-117.0993,0.01587984,141.2104,359.9829,12.10803,-305.4245,0,0.15
168.8951,1,-164.9247,2.900825,-117.8267,0.01588565,140.757,359.9829,10.47187,-304.1478,0,0.15
169.0064,1,-164.4325,2.900825,-118.4694,0.01588029,140.3516,359.9829,9.671871,-303.7021,0,0
169.117,1,-163.9751,2.900825,-119.0579,0.01588922,139.9558,359.9829,8.871868,-300.646,0,0
169.2285,1,-163.5974,2.900824,-119.5374,0.01588622,139.6312,359.9829,5.677463,-300.5029,0,0.5
169.34,1,-163.3928,2.900825,-119.7947,0.01588537,139.4566,359.9829,2.089253,-300.5938,0,0.5
169.4506,1,-163.3585,2.900824,-119.8378,0.01588603,139.4274,359.9829,0,-300.5999,0,0.67
169.5622,1,-163.3584,2.900886,-119.8378,0.01054936,139.4201,359.9904,0,-302.3807,0,0.67
169.6729,1,-163.3585,2.900825,-119.8378,0.01588343,139.4274,359.9829,0,-302.6924,0,0.68
169.7838,1,-163.3585,2.900825,-119.8378,0.01588299,139.4273,359.9829,0,-302.6233,0,0.68
169.8953,1,-163.3585,2.900825,-119.8378,0.01588534,139.4273,359.9829,0,-302.6006,0,0.67
170.0068,1,-163.3585,2.900825,-119.8378,0.01588679,139.4274,359.9829,0,-302.8631,0,0.67
170.1083,1,-163.3585,2.900825,-119.8378,0.0158915,139.4284,359.9829,0,-302.9947,0,0.67
170.2215,1,-163.3585,2.900825,-119.8378,0.01588905,139.4284,359.9829,0,-302.9693,0,0.19
170.3329,1,-163.3585,2.900825,-119.8378,0.01588243,139.4284,359.9829,0,-302.9025,0,0.19
170.4435,1,-163.3585,2.900825,-119.8378,0.0158917,139.4284,359.9829,0,-302.8803,0,0.64
170.5547,1,-163.3585,2.900825,-119.8378,0.01589007,139.4284,359.9829,0,-302.7082,0,0.64
170.6668,1,-163.3585,2.900825,-119.8378,0.0158857,139.4284,359.9829,0,-302.7002,0,0.63
170.778,1,-163.3585,2.900824,-119.8378,0.01588472,139.4284,359.9829,0,-302.7,0,0.63
170.8895,1,-163.3585,2.900825,-119.8378,0.01588039,139.4332,359.9829,0,-302.7,0,0
171,1,-163.3585,2.900824,-119.8378,0.01588902,139.4332,359.9829,0,-303.7129,0,0
171.1106,1,-163.3613,2.900825,-119.8343,0.01588463,139.4355,359.9829,-0.2965105,-303.8955,0,0.53
171.2217,1,-163.389,2.900825,-119.7996,0.01588915,139.4635,359.9829,-0.8853657,-302.548,0,0.53
171.3324,1,-163.4454,2.900825,-119.7288,0.01588177,139.51,359.9829,-1.421767,-302.306,0,0.44
171.4433,1,-163.5268,2.900825,-119.6265,0.01588875,139.5777,359.9829,-1.909393,-302.3001,0,0.44
171.554,1,-163.6324,2.900825,-119.4935,0.01588617,139.6648,359.9829,-2.407622,-302.3,0,0.48
171.6649,1,-163.7633,2.900825,-119.3278,0.01588461,139.7735,359.9829,-2.939962,-302.3,0,0.48
171.7765,1,-163.9203,2.900825,-119.1284,0.01588154,139.905,359.9829,-3.475586,-302.3,0,0.48
171.8883,1,-164.103,2.900825,-118.8952,0.01588576,140.0591,359.9829,-4.001099,-302.3621,0,0.47
172,1,-164.3109,2.900825,-118.6283,0.01588541,140.2335,359.9829,-4.526093,-302.4951,0,0.47
172.1115,1,-164.5421,2.900825,-118.3294,0.0158872,140.429,359.9829,-4.983305,-302.5306,0,0.41
172.2225,1,-164.7945,2.900824,-118.0007,0.01588392,140.6414,359.9829,-5.438324,-302.5975,0,0.41
172.3336,1,-165.0677,2.900825,-117.6421,0.01588778,140.8727,359.9829,-5.893721,-302.6,0,0.41
172.445,1,-165.3614,2.900825,-117.2532,0.01588831,141.1242,359.9829,-6.350739,-302.6845,0,0.41
172.5565,1,-165.6752,2.900824,-116.8337,0.01588643,141.3937,359.9829,-6.807828,-302.6996,0,0.41
172.667,1,-166.0086,2.900824,-116.3835,0.0158871,141.6805,359.9829,-7.260777,-302.3957,0,0.41
172.7781,1,-166.3612,2.900825,-115.9023,0.01588558,141.9894,359.9829,-7.716405,-302.3024,0,0.41
172.8897,1,-166.7325,2.900824,-115.3895,0.01588757,142.3163,359.9829,-8.173812,-302.2503,0,0.41
173.0009,1,-167.1221,2.900825,-114.845,0.01588783,142.6618,359.9829,-8.629633,-302.2016,0,0.41
173.1117,1,-167.5293,2.900824,-114.2682,0.01588488,143.0277,359.9829,-9.084011,-302.2,0,0.41
173.2214,1,-167.9534,2.900824,-113.6592,0.01588663,143.4126,359.9829,-9.533903,-301.021,0,0.41
173.333,1,-168.3937,2.900825,-113.0174,0.01588577,143.8235,359.9829,-9.99131,-300.8051,0,0.41
173.4444,1,-168.8499,2.900825,-112.3422,0.01588253,144.2611,359.9829,-10.44835,-300.094,0,0.41
173.5554,1,-169.3209,2.900848,-111.633,0.01083574,144.7301,359.9811,-10.90333,-298.558,0,0.41
173.6592,1,-169.7447,2.900825,-110.9841,0.01588236,145.1649,359.9829,-11.32881,-298.5015,0,0.41
173.7603,1,-170.1797,2.900825,-110.3066,0.01588712,145.7115,359.9829,-11.7436,-289.1954,0,0.41
173.8722,1,-170.6874,2.900825,-109.4978,0.01588182,146.3326,359.9829,-12.19787,-288.3192,0,0.4
173.9844,1,-171.2051,2.900825,-108.6528,0.01588467,146.9854,359.9829,-12.64666,-288.4006,0,0.4
174.0913,1,-171.666,2.900839,-107.8819,0.01588182,147.6141,359.9829,-13.07439,-288.4964,0,0.4
174.2045,1,-172.1998,2.900902,-106.9647,0.01588773,148.3088,359.9829,-13.5273,-288.4999,0,0.4
174.3118,1,-172.6728,2.900951,-106.1307,0.01588361,148.9852,359.9829,-13.95637,-288.5,0,0.4
174.4152,1,-173.1486,2.900951,-105.2672,0.01588422,149.653,359.9829,-14.22244,-288.5,0,0.2
174.524,1,-173.6215,2.900951,-104.384,0.01588188,150.3707,359.9829,-14.44005,-288.5677,0,0.2
174.633,1,-174.0904,2.900951,-103.4819,0.01587649,151.0986,359.9829,-14.52814,-288.599,0,0
174.7421,1,-174.5384,2.900951,-102.5931,0.01589324,151.8149,359.9829,-13.82814,-288.6,0,0
174.8508,1,-174.954,2.900952,-101.7428,0.01588746,152.4864,359.9829,-13.12814,-288.6,0,0
174.9539,1,-175.3386,2.900951,-100.932,0.01588948,153.0978,359.9829,-12.42813,-288.6,0,0
175.062,1,-175.6942,2.900951,-100.1617,0.01587947,153.7024,359.9829,-11.72813,-288.5111,0,0
175.1644,1,-176.0217,2.900951,-99.43232,0.01588531,154.2442,359.9829,-11.02813,-288.5003,0,0
175.2719,1,-176.323,2.900951,-98.74487,0.01588245,154.7466,359.9829,-10.32813,-288.5,0,0
175.3822,1,-176.6362,2.900951,-98.01116,0.01588497,155.2813,359.9829,-9.528124,-288.5,0,0
175.4877,1,-176.8849,2.900951,-97.41536,0.01588263,155.7269,359.9829,-8.828121,-288.5,0,0
175.5945,1,-177.1107,2.900951,-96.86314,0.01588024,156.1511,359.9829,-8.128119,-288.5,0,0
175.7091,1,-177.3416,2.900951,-96.28568,0.01588253,156.5584,359.9829,-7.328119,-288.5,0,0
175.8155,1,-177.5213,2.900982,-95.82803,0.01449675,156.91,-0.004090623,-6.628119,-288.4493,0,0
175.9206,1,-177.6805,2.900951,-95.41497,0.01588714,157.2157,359.9829,-5.92812,-288.4019,0,0
176.0282,1,-177.8204,2.900951,-95.04691,0.01588493,157.4923,359.9829,-5.228121,-288.4001,0,0
176.1295,1,-177.9414,2.900952,-94.72404,0.01588781,157.7192,359.9829,-4.528121,-288.6208,0,0
176.2332,1,-178.0441,2.900951,-94.44666,0.01589041,157.9253,359.9829,-3.828122,-288.7931,0,0
176.3409,1,-178.1291,2.900951,-94.21494,0.01588784,158.0992,359.9829,-3.128123,-288.7998,0,0
176.4533,1,-178.2049,2.900951,-94.00613,0.0158832,158.238,359.9829,-2.328124,-290.2487,0,0
176.5611,1,-178.2534,2.900456,-93.87299,-0.004878744,158.3136,359.9909,-1.628124,-290.4934,0,0
176.6736,1,-178.2879,2.900456,-93.77682,-0.004877013,158.382,359.9909,-0.8281236,-290.6032,0,0
176.7803,1,-178.3003,2.900456,-93.74243,-0.004875511,158.4068,359.9909,-0.1033735,-290.6965,0.04,0
176.8917,1,-178.3002,2.900457,-93.7427,-0.004881885,158.4066,359.9909,0.04117752,-289.1122,0.04,0
176.9982,1,-178.2988,2.900456,-93.74659,-0.004878552,158.4031,359.9909,0.09203312,-277.2523,0.1,0
177.1123,1,-178.295,2.900456,-93.75717,-0.004877429,158.3947,359.9909,0.2061261,-276.6121,0.1,0
177.2156,1,-178.289,2.900456,-93.77377,-0.004880432,158.3791,359.9909,0.3094878,-265.5483,0.1,0
177.3279,1,-178.2789,2.900431,-93.80165,-0.002862237,158.3438,359.9832,0.4639507,-262.1846,0.15,0
177.4336,1,-178.2663,2.900456,-93.83682,-0.004872798,158.3172,359.9909,0.6224821,-262.1019,0.15,0
177.5459,1,-178.2474,2.900456,-93.8891,-0.004872076,158.2665,359.9909,0.7953327,-259.4711,0.18,0
177.6541,1,-178.2265,2.900456,-93.94657,-0.004882991,158.2081,359.9909,0.9900861,-259.304,0.18,0
177.7616,1,-178.1971,2.900456,-94.027,-0.00487324,158.1291,359.9909,1.183503,-258.0594,0.18,0
177.8708,1,-178.1659,2.900456,-94.11197,-0.004877598,158.0349,359.9909,1.468632,-257.4195,0.29,0
177.9778,1,-178.1272,2.900456,-94.21671,-0.004879302,157.9197,359.9909,1.77894,-257.127,0.29,0
178.0903,1,-178.0738,2.900456,-94.36068,-0.004877501,157.7755,359.9909,2.119508,-254.7107,0.34,0
178.1973,1,-178.0182,2.900456,-94.50913,-0.004877129,157.6177,359.9909,2.483501,-254.6026,0.34,0
178.3084,1,-177.9432,2.900456,-94.7072,-0.004880521,157.4021,359.9909,2.861175,-253.9096,0.34,0
178.4163,1,-177.868,2.900456,-94.90387,-0.004874526,157.1956,359.9909,3.22807,-253.706,0.34,0
178.5281,1,-177.7701,2.900456,-95.15677,-0.004877991,156.9215,359.9909,3.608163,-251.7457,0.34,0
178.6357,1,-177.6737,2.900456,-95.40151,-0.004875869,156.6234,359.9909,3.969299,-247.767,0.33,0
178.7491,1,-177.5512,2.900456,-95.70815,-0.00487028,156.2874,359.9909,4.34338,-247.603,0.33,0
178.857,1,-177.4326,2.900456,-95.99931,-0.004877688,155.9247,359.9909,4.69937,-244.9417,0.33,0
178.9574,1,-177.3031,2.900456,-96.31197,-0.004878049,155.5649,359.9909,5.030951,-244.6113,0.33,0
179.0648,1,-177.1619,2.900456,-96.64577,-0.004879295,155.1433,359.9909,5.385304,-243.1357,0.33,0
179.1668,1,-177.0088,2.900456,-97.00074,-0.004881667,154.7073,359.9909,5.721779,-239.9649,0.33,0
179.2698,1,-176.8429,2.900456,-97.3767,-0.004873429,154.2351,359.9909,6.061719,-239.8044,0.33,0
179.3829,1,-176.6382,2.900456,-97.83007,-0.004882734,153.672,359.9909,6.435067,-233.7258,0.33,0
179.4866,1,-176.4444,2.900456,-98.24737,-0.00488032,153.1049,359.9909,6.762266,-232.0564,0.31,0
179.5983,1,-176.2067,2.900456,-98.74614,-0.004878701,152.4661,359.9909,7.108705,-232.001,0.31,0
179.6994,1,-175.9834,2.900456,-99.20076,-0.004878344,151.8257,359.9909,7.417341,-222.8816,0.28,0
179.7998,1,-175.7459,2.900456,-99.67084,-0.004880345,151.1665,359.9909,7.698554,-222.0284,0.28,0
179.9033,1,-175.4926,2.900456,-100.1559,-0.004881883,150.4076,359.9909,7.988338,-219.6422,0.28,0
180.015,1,-175.1846,2.900456,-100.7275,-0.004877222,149.5733,359.9909,8.301095,-218.4337,0.28,0
180.1325,1,-174.8555,2.900456,-101.3167,-0.00487695,148.7061,359.9909,8.630038,-213.2745,0.28,0
180.2505,1,-174.5019,2.900456,-101.9214,-0.004877369,147.5723,359.9909,8.953591,-191.2391,0.26,0
180.3613,1,-174.1234,2.900456,-102.5401,-0.004880784,146.4007,359.9909,9.241686,-190.5147,0.26,0
180.4684,1,-173.7704,2.900456,-103.0912,-0.004879706,145.237,359.9909,9.520254,-177.7255,0.26,0
180.581,1,-173.3436,2.900456,-103.7275,-0.004876988,143.9447,359.9909,9.66459,-174.9651,0.11,0
180.6844,1,-172.9527,2.900456,-104.2826,-0.004878877,142.7116,359.9909,9.77829,-174.849,0.11,0
180.796,1,-172.4868,2.900456,-104.9148,-0.004873684,141.3949,359.9909,9.892688,-174.7055,0.09,0
180.9002,1,-172.0621,2.900456,-105.4641,-0.004871326,140.1471,359.9909,9.98644,-174.7001,0.09,0
181.0114,1,-171.5569,2.900456,-106.0858,-0.004878482,138.6297,359.9909,10.08647,-145.0487,0.09,0
181.1209,1,-171.095,2.900456,-106.6227,-0.004879973,137.1167,359.9909,10.21369,-139.8336,0.12,0
181.2333,1,-170.5419,2.900457,-107.2285,-0.00487791,135.362,359.9909,10.34853,-135.5504,0.12,0
181.335,1,-170.0391,2.900456,-107.7482,-0.004879981,133.7763,359.9909,10.11773,-131.7677,0,0
181.4403,1,-169.5484,2.900456,-108.2275,-0.004878384,132.2065,359.9909,9.417723,-131.604,0,0
181.5444,1,-169.0809,2.900456,-108.6602,-0.004881138,130.6978,359.9909,8.71772,-109.0712,0,0
181.6483,1,-168.6382,2.900456,-109.0471,-0.004879949,129.1885,359.9909,8.017717,-103.581,0,0
181.7499,1,-168.224,2.900456,-109.3923,-0.004877838,127.8841,359.9909,7.317718,-102.3427,0,0
181.8571,1,-167.8399,2.900456,-109.6967,-0.004878053,126.5604,359.9909,6.617719,-94.89633,0,0
181.9574,1,-167.4885,2.900456,-109.9637,-0.004875717,125.4534,359.9909,5.917719,-94.512,0,0
182.0628,1,-167.1713,2.900456,-110.1947,-0.004877055,124.4048,359.9909,5.21772,-91.4052,0,0
182.1731,1,-166.8534,2.900456,-110.4183,-0.004876729,123.4252,359.9909,4.417721,-88.39942,0,0
182.285,1,-166.5848,2.900456,-110.6008,-0.004876814,122.6102,359.9909,3.617722,-88.30183,0,0
182.3851,1,-166.3915,2.900456,-110.7287,-0.004884348,122.0214,359.9909,2.917722,-91.85006,0,0
182.5034,1,-166.2195,2.900528,-110.8402,359.9888,121.5132,-0.004839574,2.117723,-92.68381,0,0
182.6149,1,-166.1004,2.900456,-110.9158,-0.004879594,121.1441,359.9909,1.317723,-99.90664,0,0
182.7266,1,-166.035,2.900456,-110.9571,-0.004876975,120.9698,359.9909,0.5177227,-114.9502,0,0
182.831,1,-166.0215,2.900456,-110.9657,-0.004876425,120.9348,359.9909,0,-115.4863,0,0
182.9422,1,-166.0215,2.900456,-110.9657,-0.004878272,120.9351,359.9909,0,-118.1045,0,0
183.0529,1,-166.0215,2.900456,-110.9657,-0.00487938,120.9351,359.9909,0,-118.8795,0,0
183.1645,1,-166.0215,2.900456,-110.9657,-0.004876096,120.9351,359.9909,0,-118.3255,0,0
183.2787,1,-166.0215,2.900456,-110.9657,-0.004878601,120.9351,359.9909,0,-113.7915,0,0
183.3864,1,-166.0215,2.900456,-110.9657,-0.004879578,120.9351,359.9909,0,-113.6044,0,0
183.5013,1,-166.0215,2.900456,-110.9657,-0.004876672,120.9351,359.9909,0,-108.5837,0,0
183.6084,1,-166.0173,2.900456,-110.9683,-0.004879976,120.9232,359.9909,0.2590566,-106.3709,0.33,0
183.7206,1,-165.989,2.900456,-110.986,-0.004878122,120.8416,359.9909,0.6291712,-106.3013,0.33,0
183.8254,1,-165.9423,2.900456,-111.0151,-0.004874616,120.6976,359.9909,1.084809,-105.6547,0.68,0
183.9369,1,-165.8462,2.900456,-111.0746,-0.004875627,120.4376,359.9909,1.843159,-105.6012,0.68,0
184.0483,1,-165.6981,2.900456,-111.1653,-0.004878037,120.0294,359.9909,2.600577,-105.6,0.68,0
184.1518,1,-165.5223,2.900456,-111.2707,-0.004880844,119.5243,359.9909,3.346023,-105.6,0.73,0
184.2639,1,-165.2674,2.900456,-111.4204,-0.004879229,118.8315,359.9909,4.164237,-105.998,0.73,0
184.3667,1,-164.994,2.900456,-111.5759,-0.004877817,118.0549,359.9909,4.89382,-108.731,0.57,0
184.4717,1,-164.6791,2.900456,-111.7493,-0.004880891,117.1655,359.9909,5.492211,-108.8956,0.57,0
184.583,1,-164.2719,2.900456,-111.9649,-0.004876768,116.0955,359.9909,6.126371,-108.3495,0.57,0
184.6857,1,-163.8748,2.900456,-112.1657,-0.004882773,115.0151,359.9909,6.698297,-107.8228,0.54,0
184.7887,1,-163.437,2.900456,-112.3757,-0.004881803,113.8157,359.9909,7.254191,-107.8006,0.54,0
184.9032,1,-162.89,2.900456,-112.6237,-0.004876442,112.3976,359.9909,7.872774,-107.8,0.54,0
185.0105,1,-162.3737,2.900456,-112.8418,-0.00487628,110.9586,359.9909,8.226989,-107.8,0.33,0
185.1252,1,-161.7503,2.900456,-113.0868,-0.004873923,109.3612,359.9909,8.605366,-107.6306,0.33,0
185.2272,1,-161.1751,2.900456,-113.2945,-0.004877502,107.867,359.9909,8.938481,-107.3158,0.32,0
185.3472,1,-160.4855,2.900456,-113.5225,-0.004878136,106.1317,359.9909,9.322278,-107.3002,0.32,0
185.4598,1,-159.7597,2.900456,-113.7366,-0.004881097,104.277,359.9909,9.678053,-107.3,0.29,0
185.5699,1,-159.0962,2.900456,-113.9092,-0.00488091,102.4568,359.9909,9.997399,-107.3,0.29,0
185.672,1,-158.4069,2.900456,-114.0672,-0.004881795,100.7472,359.9909,10.2934,-107.3,0.29,0
185.7775,1,-157.6928,2.900456,-114.2071,-0.004876012,98.89194,359.9909,10.57658,-107.3,0.26,0
185.8779,1,-156.9561,2.900456,-114.3281,-0.004876144,97.11468,359.9909,10.83786,-107.3,0.26,0
185.9846,1,-156.197,2.900456,-114.4267,-0.004876917,95.16518,359.9909,11.10155,-110.4504,0.21,0
186.0848,1,-155.4189,2.900456,-114.5032,-0.004875528,93.35316,359.9909,11.31185,-110.692,0.21,0
186.1898,1,-154.6237,2.900456,-114.5543,-0.004874468,91.41037,359.9909,11.53239,-118.7572,0.21,0
186.2904,1,-153.8121,2.900456,-114.5814,-0.004879213,89.63258,359.9909,11.74365,-125.1139,0.21,0
186.3929,1,-152.985,2.900456,-114.5816,-0.00487951,87.73793,359.9909,11.95897,-125.3925,0.21,0
186.4957,1,-152.1433,2.900456,-114.5563,-0.004875842,85.97322,359.9909,12.17478,-148.5959,0.21,0
186.6114,1,-151.1644,2.900456,-114.4972,-0.004876044,84.11796,359.9909,12.41772,-151.9334,0.21,0
186.7118,1,-150.2937,2.900456,-114.4164,-0.004880951,82.43425,359.9909,12.62862,-169.882,0.21,0
186.8152,1,-149.4108,2.900443,-114.3112,-0.005324533,80.89178,359.9838,12.83171,-178.9578,0.19,0
186.9201,1,-148.5174,2.900456,-114.1802,-0.004878412,79.31474,359.9909,13.03103,-184.2948,0.19,0
187.0251,1,-147.6169,2.900456,-114.0279,-0.00487289,78.08208,359.9909,12.84999,-219.5736,0,0
187.1351,1,-146.7551,2.900456,-113.8626,-0.004878911,76.8373,359.9909,12.14998,-221.5564,0,0
187.2461,1,-145.9443,2.90049,-113.6915,359.9851,75.89171,359.9795,11.44998,-258.3257,0,0
187.3529,1,-145.1834,2.900456,-113.5207,-0.00487885,75.13427,359.9909,10.74998,-265.3007,0,0
187.4593,1,-144.4721,2.900456,-113.3525,-0.004879527,74.52338,359.9909,10.04997,-275.6903,0,0
187.5644,1,-143.8098,2.900413,-113.1894,0.001921757,74.02386,359.9855,9.349972,-283.1196,0,0
187.6724,1,-143.1963,2.900456,-113.033,-0.004876025,73.56441,359.9909,8.649969,-283.394,0,0
187.7812,1,-142.6314,2.900457,-112.8841,-0.004881735,73.14095,359.9909,8.051967,-288.336,0.01,0
187.8941,1,-142.0097,2.900456,-112.7154,-0.004878916,72.70145,359.9909,8.063256,-288.6927,0.01,0
188.0068,1,-141.466,2.900456,-112.5638,-0.004873469,72.32281,359.9909,8.074527,-296.7728,0.01,0
188.1148,1,-140.9142,2.900456,-112.4063,-0.004871723,71.97129,359.9909,8.366062,-298.3564,0.27,0
188.2239,1,-140.3437,2.900456,-112.2397,-0.004884822,71.6131,359.9909,8.660697,-301.2273,0.27,0
188.3329,1,-139.7547,2.900456,-112.064,-0.004876017,71.27755,359.9909,8.96008,-303.4271,0.28,0
188.4339,1,-139.1473,2.900456,-111.879,-0.004877195,70.93898,359.9909,9.242697,-303.498,0.28,0
188.5413,1,-138.521,2.900456,-111.684,-0.004872756,70.58057,359.9909,9.543629,-306.0073,0.28,0
188.6513,1,-137.8758,2.900456,-111.4787,-0.004877625,70.20973,359.9909,9.851607,-306.3905,0.28,0
188.7605,1,-137.2113,2.900456,-111.2627,-0.004876795,69.85498,359.9909,10.15733,-312.6725,0.28,0
188.8715,1,-136.5275,2.900456,-111.0365,-0.004883227,69.54291,359.9909,10.46797,-317.4526,0.28,0
188.9865,1,-135.8244,2.900456,-110.7997,-0.004877713,69.22419,359.9909,10.78999,-322.5877,0.28,0
189.0973,1,-135.101,2.900456,-110.5542,-0.004879183,69.09666,359.9909,11.10032,-342.7409,0.28,0
189.2073,1,-134.3575,2.900456,-110.2999,-0.004876049,68.95895,359.9909,11.40829,-343.5821,0.28,0
189.3167,1,-133.5932,2.900456,-110.0383,-0.004881327,68.97916,359.9909,11.71469,-369.5275,0.28,0
189.425,1,-132.8081,2.900456,-109.7718,-0.004878507,69.10275,359.9909,11.99926,-374.854,0.26,0
189.5329,1,-132.0037,2.900456,-109.5008,-0.004879157,69.24644,359.9909,12.27981,-379.5693,0.26,0
189.6411,1,-131.18,2.900456,-109.2273,-0.004879357,69.50548,359.9909,12.55103,-389.7735,0.23,0
189.7461,1,-130.338,2.900456,-108.9518,-0.004876349,69.76425,359.9909,12.79237,-390.1895,0.23,0
189.8541,1,-129.4786,2.900456,-108.6751,-0.004877311,70.03391,359.9909,13.04087,-389.8677,0.23,0
189.963,1,-128.6017,2.900457,-108.3973,-0.004877027,70.30558,359.9909,13.26294,-389.8018,0.2,0
190.0728,1,-127.7085,2.900456,-108.1194,-0.004878852,70.61848,359.9909,13.48263,-396.6717,0.2,0
190.1846,1,-126.7998,2.900456,-107.844,-0.004883737,71.03565,359.9909,13.63481,-403.0035,0.11,0
190.3017,1,-125.8804,2.900456,-107.5727,-0.004881977,71.46633,359.9909,13.76363,-406.383,0.11,0
190.4119,1,-124.95,2.900413,-107.3084,-0.003147849,72.08044,359.9868,13.85404,-419.24,0.02,0
190.5229,1,-124.0132,2.900456,-107.0527,-0.00488251,72.66959,359.9909,13.87624,-419.7887,0.02,0
190.6353,1,-123.0721,2.90066,-106.8067,359.9678,73.30744,359.9913,13.89873,-428.1303,0.02,0
190.7486,1,-122.1365,2.900456,-106.5754,-0.004875795,74.062,359.9909,13.40601,-435.0986,0,0
190.8506,1,-121.3674,2.900456,-106.3952,-0.004878671,74.69037,359.9909,12.80601,-439.9394,0,0
190.9612,1,-120.5113,2.900457,-106.2082,-0.004877876,75.62814,359.9909,12.106,-458.6928,0,0
191.076,1,-119.7006,2.900456,-106.0442,-0.004882289,76.47836,359.9909,11.406,-459.6281,0,0
191.1862,1,-118.9357,2.900456,-105.9012,-0.004876779,77.27941,359.9909,10.706,-460.4618,0,0
191.2957,1,-118.2173,2.900456,-105.7768,-0.00487745,78.02129,359.9909,10.006,-460.787,0,0
191.4109,1,-117.5457,2.900542,-105.6694,359.9841,78.73766,359.9874,9.305994,-462.7231,0,0
191.52,1,-116.9216,2.900456,-105.5772,-0.004876496,79.38553,359.9909,8.605991,-460.6872,0,0
191.6299,1,-116.3451,2.900456,-105.4978,-0.004876709,79.9266,359.9909,7.905989,-452.1752,0,0
191.7409,1,-115.8166,2.900456,-105.43,-0.004877265,80.42814,359.9909,7.20599,-451.8076,0,0
191.851,1,-115.3361,2.900457,-105.3728,-0.004882933,80.92266,359.9909,6.609932,-455.5371,0.03,0
191.9647,1,-114.8748,2.900456,-105.3216,-0.004874166,81.37418,359.9909,6.644047,-455.7949,0.03,0
192.078,1,-114.4107,2.900456,-105.2741,-0.004882238,81.84512,359.9909,6.692822,-456.7906,0.12,0
192.1897,1,-113.9399,2.900456,-105.2297,-0.004879262,82.31784,359.9909,6.826836,-456.8976,0.12,0
192.3018,1,-113.4593,2.900457,-105.1884,-0.004877482,82.80022,359.9909,6.961324,-456.7332,0.12,0
192.4086,1,-112.9685,2.900457,-105.1502,-0.004872527,83.27078,359.9909,7.110871,-456.7009,0.14,0
192.5172,1,-112.4668,2.900456,-105.1155,-0.004880904,83.75672,359.9909,7.262926,-456.7,0.14,0
192.6263,1,-111.9536,2.900456,-105.0843,-0.004879335,84.25299,359.9909,7.437479,-456.7,0.16,0
192.7341,1,-111.4279,2.900456,-105.0571,-0.004882435,84.7599,359.9909,7.609904,-456.2241,0.16,0
192.8422,1,-110.8894,2.900457,-105.0339,-0.004876893,85.27724,359.9909,7.801461,-456.1034,0.18,0
192.9499,1,-110.3373,2.900456,-105.0149,-0.0048798,85.77,359.9909,7.995438,-446.2898,0.18,0
193.057,1,-109.7714,2.900456,-104.9997,-0.004878453,86.2328,359.9909,8.188242,-441.5544,0.18,0
193.1676,1,-109.1922,2.900456,-104.9883,-0.00488231,86.65617,359.9909,8.387183,-424.0398,0.18,0
193.2781,1,-108.5993,2.900456,-104.9794,-0.004877692,86.95103,359.9909,8.586222,-412.1635,0.18,0
193.3828,1,-107.9925,2.900457,-104.9735,-0.00487898,87.25195,359.9909,8.774607,-405.7779,0.18,0
193.492,1,-107.372,2.900456,-104.9697,-0.004869606,87.46677,359.9909,8.971111,-394.8256,0.18,0
193.5999,1,-106.7379,2.900456,-104.9681,-0.004875723,87.68222,359.9909,9.165459,-394.4093,0.18,0
193.7035,1,-106.0903,2.900495,-104.969,359.9895,87.91628,359.9917,9.351878,-399.1538,0.18,0
193.8093,1,-105.4295,2.900456,-104.973,-0.004879413,88.17818,359.9909,9.542363,-400.6523,0.18,0
193.9132,1,-104.7557,2.900456,-104.9802,-0.004875362,88.44808,359.9909,9.729376,-402.6197,0.18,0
194.0179,1,-104.0689,2.900456,-104.991,-0.004880483,88.74043,359.9909,9.917785,-404.2364,0.18,0
194.1263,1,-103.3691,2.900456,-105.0055,-0.004879165,89.03854,359.9909,10.11295,-406.9432,0.18,0
194.2402,1,-102.553,2.900456,-105.0279,-0.004878395,89.43565,359.9909,10.31797,-410.5866,0.18,0
194.3455,1,-101.8249,2.900456,-105.0527,-0.004876911,89.79384,359.9909,10.50749,-410.6973,0.18,0
194.4533,1,-101.0838,2.900456,-105.0827,-0.004878428,90.17194,359.9909,10.7015,-411.4082,0.18,0
194.5559,1,-100.3298,2.900456,-105.1179,-0.004873764,90.53278,359.9909,10.88613,-411.4972,0.18,0
194.6618,1,-99.56261,2.900456,-105.159,-0.004873512,90.92036,359.9909,11.07675,-411.0878,0.18,0
194.7656,1,-98.78245,2.900457,-105.2059,-0.004873514,91.30024,359.9909,11.26369,-410.7153,0.18,0
194.8749,1,-97.98962,2.900456,-105.2585,-0.004877368,91.64461,359.9909,11.4604,-397.3655,0.18,0
194.9853,1,-97.18565,2.900456,-105.3147,-0.004870422,91.85989,359.9909,11.55174,-387.8939,0.05,0
195.0885,1,-96.37757,2.900456,-105.3737,-0.004876765,92.00127,359.9909,11.60331,-368.3112,0.05,0
195.1968,1,-95.56607,2.900456,-105.4319,-0.004879517,91.94055,359.9909,11.63974,-353.0203,0.02,0
195.3062,1,-94.7527,2.900456,-105.4893,-0.004880123,91.87936,359.9909,11.66161,-352.9144,0.02,0
195.4159,1,-93.93774,2.900456,-105.5463,-0.004881717,91.84177,359.9909,11.68356,-355.3822,0.02,0
195.5263,1,-93.12124,2.900456,-105.6028,-0.004873899,91.80566,359.9909,11.70564,-355.4975,0.02,0
195.6357,1,-92.30317,2.900456,-105.6591,-0.00487968,91.77444,359.9909,11.72751,-356.4326,0.02,0
195.7388,1,-91.48356,2.900456,-105.715,-0.004879489,91.74757,359.9909,11.74814,-356.4981,0.02,0
195.8458,1,-90.66243,2.900456,-105.7711,-0.0048771,91.75951,359.9909,11.76954,-361.8782,0.02,0
195.9524,1,-89.83982,2.900456,-105.8277,-0.004881314,91.77808,359.9909,11.79085,-362.2893,0.02,0
196.0603,1,-89.01574,2.900456,-105.8848,-0.004882896,91.81556,359.9909,11.81245,-364.7166,0.02,0
196.1668,1,-88.19022,2.900456,-105.9426,-0.004881565,91.85606,359.9909,11.83373,-364.8953,0.02,0
196.2708,1,-87.3633,2.900456,-106.0011,-0.004877801,91.89085,359.9909,11.85453,-364.6862,0.02,0
196.3846,1,-86.4166,2.900456,-106.0686,-0.004879412,91.93079,359.9909,11.87729,-364.6021,0.02,0
196.4956,1,-85.46806,2.900456,-106.1367,-0.004876364,91.95262,359.9909,11.89949,-361.8915,0.02,0
196.6022,1,-84.63655,2.900456,-106.1966,-0.004873231,91.96571,359.9909,11.92082,-361.6076,0.02,0
196.7091,1,-83.80362,2.900456,-106.2567,-0.004880163,91.96605,359.9909,11.9422,-359.4708,0.02,0
196.8097,1,-82.96797,2.900456,-106.3168,-0.004871344,91.95837,359.9909,12.01444,-359.0166,0.08,0
196.9149,1,-82.12651,2.900456,-106.3771,-0.004880144,91.94194,359.9909,12.09868,-357.225,0.08,0
197.024,1,-81.2792,2.900456,-106.4373,-0.004872671,91.90332,359.9909,12.18593,-355.4612,0.08,0
197.1263,1,-80.42593,2.900456,-106.4973,-0.004883284,91.86697,359.9909,12.26774,-354.6062,0.08,0
197.2325,1,-79.56667,2.900457,-106.5565,-0.004876166,91.77712,359.9909,12.35271,-349.5728,0.08,0
197.338,1,-78.70141,2.900456,-106.6147,-0.004877836,91.68532,359.9909,12.4371,-349.3069,0.08,0
197.4478,1,-77.83019,2.900456,-106.6714,-0.004875815,91.54211,359.9909,12.52493,-342.5115,0.08,0
197.5514,1,-76.95285,2.900456,-106.726,-0.004875027,91.39079,359.9909,12.60782,-341.7238,0.08,0
197.6578,1,-76.06935,2.900456,-106.7784,-0.004878504,91.21884,359.9909,12.69297,-339.5002,0.08,0
197.7641,1,-75.17957,2.900456,-106.8283,-0.004876377,91.03372,359.9909,12.7871,-338.9178,0.09,0
197.873,1,-74.28311,2.900456,-106.8755,-0.004875065,90.83427,359.9909,12.88515,-334.9395,0.09,0
197.9863,1,-73.24909,2.900456,-106.9255,-0.004875157,90.57504,359.9909,13.02621,-333.5348,0.13,0
198.0919,1,-72.33418,2.900456,-106.9658,-0.004876782,90.33495,359.9909,13.16347,-333.5008,0.13,0
198.1938,1,-71.40977,2.900456,-107.0028,-0.004880033,90.11131,359.9909,13.29591,-333.9571,0.13,0
198.2946,1,-70.47544,2.900456,-107.0365,-0.004875049,89.88348,359.9909,13.43709,-333.9986,0.14,0
198.3991,1,-69.53092,2.900456,-107.0668,-0.004882653,89.65701,359.9909,13.58339,-335.3797,0.14,0
198.5074,1,-68.57597,2.900456,-107.0938,-0.004881855,89.42591,359.9909,13.73493,-335.7882,0.14,0
198.614,1,-67.61049,2.900456,-107.1172,-0.004875432,89.2003,359.9909,13.88413,-336.3461,0.14,0
198.7195,1,-66.63485,2.900457,-107.1373,-0.004874522,88.99426,359.9909,14.03183,-336.7834,0.14,0
198.8315,1,-65.50722,2.900456,-107.1559,-0.004875752,88.74679,359.9909,14.18868,-336.7496,0.14,0
198.9384,1,-64.50951,2.900456,-107.1682,-0.004874743,88.51823,359.9909,14.33839,-336.7018,0.14,0
199.047,1,-63.50142,2.900456,-107.1766,-0.004875861,88.286,359.9909,14.49041,-337.0038,0.14,0
199.1553,1,-62.48278,2.900456,-107.1811,-0.004874397,88.05383,359.9909,14.64201,-337.2899,0.14,0
199.2635,1,-61.45378,2.900456,-107.1816,-0.004876512,87.83628,359.9909,14.79349,-337.6757,0.14,0
199.3756,1,-60.26505,2.900456,-107.1774,-0.004879589,87.59227,359.9909,14.95038,-338.1832,0.14,0
199.4805,1,-59.21437,2.900378,-107.1694,0.006308011,87.36275,-0.005540264,15.09728,-339.2693,0.14,0
199.5882,1,-58.15347,2.900456,-107.1588,-0.004875594,87.25224,359.9909,15.2481,-347.7489,0.14,0
199.7023,1,-56.92834,2.900456,-107.1438,-0.004876113,87.1142,359.9909,15.40776,-348.1917,0.14,0
199.8088,1,-55.84532,2.900456,-107.1288,-0.004873608,87.04098,359.9909,15.55693,-353.5718,0.14,0
199.9167,1,-54.75195,2.900456,-107.1125,-0.004878157,86.97581,359.9909,15.70804,-353.9897,0.14,0
200.0194,1,-53.64835,2.900456,-107.0948,-0.004881844,86.9152,359.9909,15.8517,-354.0914,0.14,0
200.1237,1,-52.53436,2.900454,-107.0758,-0.004825574,86.8546,-0.004727948,15.99778,-354.0998,0.14,0
200.2307,1,-51.41028,2.900456,-107.0552,-0.004871002,86.78604,359.9909,16.14764,-354.1,0.14,0
200.3311,1,-50.27606,2.900457,-107.0333,-0.004879326,86.72538,359.9909,16.28815,-354.1,0.14,0
200.4373,1,-49.13165,2.900457,-107.0099,-0.004874008,86.65834,359.9909,16.43678,-354.1,0.14,0
200.5461,1,-47.977,2.900456,-106.9849,-0.004878607,86.59061,359.9909,16.58911,-354.1,0.14,0
200.6484,1,-46.81196,2.900456,-106.9584,-0.004877146,86.52806,359.9909,16.7324,-354.307,0.14,0
200.7546,1,-45.63648,2.900456,-106.9304,-0.004879364,86.46708,359.9909,16.88108,-354.6837,0.14,0
200.8636,1,-44.45074,2.900456,-106.9009,-0.004878552,86.40309,359.9909,17.03362,-354.6996,0.14,0
200.9649,1,-43.25468,2.900456,-106.8699,-0.004871325,86.34951,359.9909,17.17246,-355.1563,0.13,0
201.0689,1,-42.04895,2.900456,-106.8375,-0.00487434,86.29348,359.9909,17.30765,-355.1988,0.13,0
201.175,1,-40.83402,2.900456,-106.8038,-0.004872703,86.24316,359.9909,17.44555,-355.5497,0.13,0
201.2876,1,-39.43393,2.900456,-106.7636,-0.004879336,86.18486,359.9909,17.59197,-355.5989,0.13,0
201.3898,1,-38.19897,2.900457,-106.7269,-0.0048757,86.13409,359.9909,17.72478,-355.6873,0.13,0
201.4904,1,-36.95498,2.900456,-106.689,-0.004881829,86.08485,359.9909,17.85554,-355.6996,0.13,0
201.5939,1,-35.7015,2.900456,-106.6496,-0.004882885,86.035,359.9909,17.99017,-355.8535,0.13,0
201.6945,1,-34.43903,2.900456,-106.6089,-0.004873542,85.98747,359.9909,18.12093,-355.8983,0.13,0
201.7982,1,-33.16718,2.900376,-106.5668,0.006209699,85.93346,-0.005113868,18.25569,-355.9,0.13,0
201.906,1,-31.88612,2.900456,-106.5233,-0.004879885,85.88809,359.9909,18.38867,-355.9,0.11,0
202.017,1,-30.41206,2.900456,-106.4719,-0.004874757,85.83288,359.9909,18.51075,-355.9,0.11,0
202.1308,1,-28.92801,2.900456,-106.4186,-0.004877228,85.77082,359.9909,18.60631,-355.5233,0.04,0
202.2363,1,-27.62516,2.900457,-106.3704,-0.00487606,85.71365,359.9909,18.64852,-355.4283,0.04,0
202.3468,1,-26.31939,2.900456,-106.3207,-0.004873463,85.64491,359.9909,18.69274,-354.829,0.04,0
202.4523,1,-25.0107,2.900457,-106.2693,-0.004878968,85.57964,359.9909,18.73493,-354.8007,0.04,0
202.5593,1,-23.69907,2.900456,-106.2162,-0.004879419,85.51249,359.9909,18.77773,-354.8,0.04,0
202.6662,1,-22.38452,2.900456,-106.1615,-0.004874199,85.4447,359.9909,18.82049,-354.8,0.04,0
202.775,1,-21.0671,2.900456,-106.1052,-0.004878609,85.37723,359.9909,18.864,-354.5324,0.04,0
202.8877,1,-19.55797,2.900456,-106.0386,-0.004877434,85.29825,359.9909,18.9091,-354.5007,0.04,0
202.9944,1,-18.23455,2.900456,-105.9779,-0.004879078,85.17635,359.9909,18.95178,-349.8326,0.04,0
203.1092,1,-16.71912,2.900524,-105.9044,359.9867,85.02831,359.9849,18.98023,-349.2127,0.02,0
203.2148,1,-15.39192,2.900456,-105.8356,-0.004876868,84.76678,359.9909,19.00135,-331.8643,0.02,0
203.3236,1,-14.07036,2.900456,-105.7549,-0.004877033,84.19287,359.9909,18.6101,-314.6046,0,0
203.4342,1,-12.61421,2.900456,-105.6481,-0.004874404,83.33585,359.9909,17.81009,-277.6201,0,0
203.5344,1,-11.39527,2.900456,-105.5306,-0.004876574,82.07007,359.9909,17.11009,-244.0782,0,0
203.6492,1,-10.06582,2.900456,-105.3678,-0.004882439,80.43102,359.9909,16.31009,-220.5182,0,0
203.7505,1,-8.959719,2.900465,-105.1968,-0.004877345,78.74773,359.9909,15.61008,-202.7814,0,0
203.8528,1,-7.90714,2.900254,-105.0035,0.01881572,77.10136,359.9685,14.91008,-202.0207,0,0
203.9643,1,-6.77285,2.900477,-104.7482,-0.004879384,74.56118,359.9909,14.11008,-113.8016,0,0
204.0695,1,-5.84257,2.900569,-104.4932,-0.004880346,72.14196,359.9909,13.41008,-108.0546,0,0
204.1802,1,-4.850725,2.90081,-104.1723,359.985,69.41171,0.03601493,12.61007,-67.53141,0,0
204.281,1,-4.046392,2.900686,-103.8689,-0.004879996,66.97531,359.9909,11.91007,-63.14587,0,0
204.3887,1,-3.198578,2.900694,-103.5052,-0.004878134,64.28855,359.9909,11.11007,-35.2504,0,0
204.5,1,-2.426821,2.900695,-103.129,-0.004877967,61.63639,359.9909,10.31006,-30.02634,0,0
204.6113,1,-1.729864,2.900695,-102.7473,-0.004880879,58.97684,359.9909,9.510061,6.610459,0,0
204.7222,1,-1.106839,2.900694,-102.3656,-0.004876999,56.35424,359.9909,8.710058,17.51279,0,0
204.8335,1,-0.554462,2.900612,-101.992,-0.003575925,53.89188,359.9819,7.910056,37.73215,0,0
204.9448,1,-0.07057178,2.900694,-101.6324,-0.004878556,51.51089,359.9909,7.110056,48.202,0,0
205.0559,1,0.348779,2.900694,-101.2937,-0.004877196,49.32465,359.9909,6.310057,64.72952,0,0
205.1674,1,0.7069575,2.900695,-100.9813,-0.004880116,47.34752,359.9909,5.510058,73.16236,0,0
205.2783,1,1.007865,2.900694,-100.7007,-0.004875479,45.60139,359.9909,4.710059,75.91799,0,0
205.3909,1,1.26017,2.900672,-100.4512,-0.00203127,44.07721,359.981,4.394408,81.30843,0.15,0
205.5048,1,1.506516,2.900695,-100.1937,-0.004878251,42.50056,359.9909,4.565337,81.49664,0.15,0
205.6115,1,1.722963,2.900694,-99.95364,-0.004873618,40.9515,359.9909,4.725373,86.4108,0.15,0
205.724,1,1.977101,2.900694,-99.65672,-0.004871874,39.23996,359.9909,5.130222,86.79199,0.36,0
205.8369,1,2.241957,2.900694,-99.32662,-0.004877428,37.35691,359.9909,5.536901,87.39686,0.36,0
205.951,1,2.516648,2.900695,-98.95921,-0.004879904,35.3082,359.9909,6.047328,87.49781,0.46,0
206.0555,1,2.764744,2.900711,-98.60038,359.9932,33.25585,359.9899,6.527913,87.78288,0.46,0
206.17,1,3.054684,2.900695,-98.14567,-0.004879116,30.84229,359.9909,7.080873,87.89722,0.49,0
206.2831,1,3.346714,2.900694,-97.64014,-0.004875713,28.23167,359.9909,7.634938,87.834,0.49,0
206.3893,1,3.598301,2.900694,-97.15286,-0.00487372,25.61798,359.9909,8.155326,87.8011,0.49,0
206.4914,1,3.842829,2.900694,-96.6227,-0.004879132,22.95877,359.9909,8.655704,87.80001,0.49,0
206.5997,1,4.072986,2.900695,-96.04814,-0.004875901,19.95133,359.9909,9.15471,87.8,0.45,0
206.7071,1,4.284695,2.900846,-95.43119,359.9768,16.96258,-0.0007897443,9.637918,87.55621,0.45,0
206.8097,1,4.469227,2.900694,-94.77241,-0.00487603,13.6601,359.9909,9.998255,87.21587,0.28,0
206.9196,1,4.620182,2.900695,-94.08253,-0.004879634,10.20035,359.9909,10.30571,87.20034,0.28,0
207.0285,1,4.733457,2.900699,-93.36385,-0.004881316,6.803369,359.9909,10.54908,69.12386,0.07,0
207.137,1,4.805492,2.900706,-92.62946,-0.004879666,3.382899,359.9909,10.62503,67.83106,0.07,0
207.248,1,4.834455,2.900705,-91.88782,-0.004875804,0.002061825,359.9909,10.48176,52.35407,0,0
207.3606,1,4.821522,2.900706,-91.17781,-0.004881186,356.7968,359.9909,9.781757,51.32118,0,0
207.472,1,4.774903,2.900705,-90.51796,-0.004876192,353.9951,359.9909,9.081755,19.28556,0,0
207.5804,1,4.704448,2.900705,-89.90926,-0.004882702,351.5418,359.9909,8.381752,15.69102,0,0
207.689,1,4.619468,2.900705,-89.35153,-0.004875376,349.5828,359.9909,7.681751,-36.46053,0,0
207.8035,1,4.526239,2.900705,-88.8447,-0.004873285,347.8484,359.9909,6.981752,-43.16215,0,0
207.9054,1,4.430798,2.900705,-88.38792,-0.004875436,346.5182,359.9909,6.281753,-81.0405,0,0
208.0065,1,4.348764,2.900705,-88.03635,-0.004876876,345.3676,359.9909,5.681753,-85.74291,0,0
208.1217,1,4.257147,2.900705,-87.67181,-0.004877397,344.3177,359.9909,4.981754,-103.3948,0,0
208.2404,1,4.169137,2.900705,-87.34525,-0.00487517,343.3872,359.9909,4.848279,-106.738,0.08,0
208.3526,1,4.075038,2.900705,-87.0172,-0.004877067,342.4639,359.9909,4.938006,-120.6655,0.08,0
208.4533,1,3.989226,2.900705,-86.73202,-0.004879934,341.7141,359.9909,5.028794,-129.8994,0.1,0
208.5551,1,3.897772,2.900705,-86.44244,-0.004878522,340.9398,359.9909,5.130641,-130.2893,0.1,0
208.6561,1,3.800975,2.900705,-86.14804,-0.004878406,340.2149,359.9909,5.258727,-150.36,0.18,0
208.7572,1,3.697506,2.900705,-85.84582,-0.004876303,339.4841,359.9909,5.44061,-152.239,0.18,0
208.8579,1,3.586688,2.900705,-85.53458,-0.004877212,338.7601,359.9909,5.621935,-165.0497,0.18,0
208.9583,1,3.467962,2.900705,-85.21303,-0.004874542,338.0445,359.9909,5.878644,-169.1406,0.27,0
209.0599,1,3.339395,2.900706,-84.87788,-0.004873459,337.3035,359.9909,6.15311,-177.4368,0.27,0
209.162,1,3.200964,2.900705,-84.52887,-0.004879479,336.5964,359.9909,6.428632,-189.4238,0.27,0
209.2668,1,3.051845,2.900705,-84.16634,-0.004876101,335.8556,359.9909,6.711689,-189.9857,0.27,0
209.3677,1,2.892538,2.900705,-83.78985,-0.004876682,335.2213,359.9909,6.98406,-223.9048,0.27,0
209.4694,1,2.722769,2.900705,-83.39978,-0.004878053,334.5935,359.9909,7.258551,-227.0985,0.27,0
209.5736,1,2.542436,2.900705,-82.99609,-0.004873207,334.0172,359.9909,7.540076,-253.0153,0.27,0
209.6788,1,2.352006,2.900792,-82.57841,359.9776,333.5076,-0.004367079,7.816879,-260.7495,0.26,0
209.7792,1,2.150923,2.900705,-82.14767,-0.004879986,333.0146,359.9909,8.077942,-272.2869,0.26,0
209.8798,1,1.941426,2.900707,-81.70387,-0.004876297,332.6855,359.9909,8.320398,-296.2018,0.23,0
209.9919,1,1.686075,2.900728,-81.1716,-0.004880794,332.2971,359.9909,8.578339,-307.4138,0.23,0
210.1029,1,1.424449,2.900731,-80.62292,-0.004878509,332.3643,359.9909,8.788971,-368.23,0.14,0
210.2095,1,1.196456,2.900731,-80.14326,-0.004875686,332.4305,359.9909,8.938137,-370.934,0.14,0
210.3116,1,0.9667683,2.900731,-79.65458,-0.004878413,332.6639,359.9909,9.044151,-400.645,0.03,0
210.4227,1,0.6996262,2.900731,-79.07922,-0.004877053,332.9373,359.9909,9.077469,-403.3396,0.03,0
210.534,1,0.4373118,2.900731,-78.49877,-0.004875496,333.5198,359.9909,9.006644,-451.3643,0,0
210.6407,1,0.2258861,2.900731,-78.01728,-0.004879517,334.0576,359.9909,8.406642,-454.5194,0,0
210.7412,1,0.03433838,2.900731,-77.56631,-0.004873796,334.7058,359.9909,7.806641,-492.0895,0,0
210.843,1,-0.1370823,2.900731,-77.14584,-0.004880304,335.4506,359.9909,7.206641,-505.0162,0,0
210.9455,1,-0.2903156,2.900731,-76.75697,-0.004876681,336.1048,359.9909,6.606642,-515.2271,0,0
211.0464,1,-0.4235148,2.900731,-76.3987,-0.004876516,337.0269,359.9909,6.006642,-568.3076,0,0
211.1619,1,-0.5575355,2.900731,-76.02153,-0.004876339,337.9102,359.9909,5.306643,-571.6398,0,0
211.281,1,-0.6685171,2.900731,-75.68816,-0.004877656,338.8819,359.9909,4.606644,-618.7861,0,0
211.3949,1,-0.7589868,2.900731,-75.39974,-0.004878472,339.7538,359.9909,3.906644,-621.1548,0,0
211.4952,1,-0.8216731,2.900731,-75.18882,-0.00487737,340.4398,359.9909,3.306645,-646.5845,0,0
211.5967,1,-0.8717563,2.900731,-75.0118,-0.004879877,341.0576,359.9909,2.706645,-650.9504,0,0
211.6976,1,-0.910908,2.900731,-74.86926,-0.004875242,341.5132,359.9909,2.106646,-644.1341,0,0
211.7982,1,-0.9406145,2.900731,-74.75774,-0.004876354,341.8748,359.9909,1.874724,-639.8831,0.14,0
211.9012,1,-0.9699066,2.900731,-74.64512,-0.004876762,342.233,359.9909,2.01902,-639.7047,0.14,0
212.0123,1,-1.005971,2.900731,-74.5029,-0.004877301,342.6668,359.9909,2.243469,-629.6805,0.38,0
212.1273,1,-1.046703,2.900731,-74.33717,-0.00487703,343.1588,359.9909,2.680575,-629.0125,0.38,0
212.2275,1,-1.085969,2.900731,-74.17076,-0.004879285,343.6664,359.9909,3.060977,-628.3225,0.38,0
212.3306,1,-1.128849,2.900731,-73.98108,-0.004878227,344.2451,359.9909,3.478066,-628.2039,0.41,0
212.446,1,-1.182938,2.900731,-73.72859,-0.004874928,345.001,359.9909,3.951233,-622.6589,0.41,0
212.5611,1,-1.240301,2.900731,-73.44282,-0.004877248,345.8257,359.9909,4.414799,-619.0919,0.4,0
212.6778,1,-1.299348,2.900731,-73.12441,-0.004881539,346.731,359.9909,4.881812,-617.561,0.4,0
212.7936,1,-1.358544,2.900731,-72.77276,-0.004880247,347.7299,359.9909,5.351392,-615.3652,0.41,0
212.9097,1,-1.416359,2.900731,-72.38711,-0.004875128,348.816,359.9909,5.827373,-612.291,0.41,0
213.0263,1,-1.471289,2.900731,-71.96741,-0.004877833,349.9553,359.9909,6.298908,-607.5378,0.4,0
213.1411,1,-1.52119,2.900731,-71.51427,-0.004879462,351.1765,359.9909,6.758126,-597.2697,0.4,0
213.2511,1,-1.568411,2.900731,-71.02975,-0.004878539,352.0527,359.9909,7.150614,-538.2576,0.3,0
213.3665,1,-1.610022,2.900731,-70.51984,-0.004876896,352.9798,359.9909,7.49681,-532.285,0.3,0
213.476,1,-1.645552,2.900731,-69.98612,-0.004875307,353.8877,359.9909,7.810198,-519.0883,0.27,0
213.582,1,-1.674328,2.900731,-69.4305,-0.004875503,354.7552,359.9909,8.096388,-518.5142,0.27,0
213.6891,1,-1.69434,2.900731,-68.85417,-0.004882673,355.7406,359.9909,8.379916,-531.8553,0.25,0
213.8015,1,-1.704369,2.900731,-68.25809,-0.004881233,356.7715,359.9909,8.660876,-532.8785,0.25,0
213.9103,1,-1.703073,2.900731,-67.64252,-0.004882371,357.863,359.9909,8.932887,-532.0117,0.25,0
214.0214,1,-1.689616,2.900731,-67.00814,-0.004873063,358.9874,359.9909,9.199569,-531.9026,0.24,0
214.1297,1,-1.663105,2.900731,-66.35568,-0.004879906,0.1120262,359.9909,9.459448,-531.9869,0.24,0
214.2388,1,-1.622367,2.900731,-65.68567,-0.004873912,1.286227,359.9909,9.721262,-531.9996,0.24,0
214.347,1,-1.56684,2.900731,-64.99834,-0.004879313,2.431614,359.9909,9.980937,-521.714,0.24,0
214.4562,1,-1.496351,2.900731,-64.29412,-0.00487758,3.560061,359.9909,10.24302,-518.9753,0.24,0
214.565,1,-1.410551,2.900731,-63.57326,-0.004875033,4.599229,359.9909,10.50424,-485.24,0.24,0
214.6735,1,-1.314457,2.900731,-62.837,-0.00487626,5.31063,359.9909,10.67746,-455.3363,0.1,0
214.7803,1,-1.208403,2.900731,-62.0932,-0.004871057,5.982687,359.9909,10.78431,-447.0139,0.1,0
214.8843,1,-1.094911,2.900731,-61.34407,-0.004875897,6.49863,359.9909,10.83919,-431.1681,0.02,0
214.9873,1,-0.9745431,2.900731,-60.59387,-0.004882047,7.005432,359.9909,10.8598,-430.4205,0.02,0
215.0905,1,-0.8485966,2.900731,-59.84425,-0.004873043,7.421624,359.9909,10.6745,-415.073,0,0
215.1932,1,-0.7236978,2.900731,-59.12855,-0.004876026,7.774398,359.9909,9.9745,-413.7405,0,0
215.2962,1,-0.6038454,2.900731,-58.46181,-0.004875129,8.023476,359.9909,9.274497,-390.4599,0,0
215.4044,1,-0.4915682,2.900731,-57.84359,-0.004878093,8.152003,359.9909,8.574494,-380.9886,0,0
215.5126,1,-0.3871421,2.900731,-57.27381,-0.004875626,8.228392,359.9909,7.874493,-367.2887,0,0
215.6154,1,-0.2918297,2.900731,-56.75223,-0.004873176,8.222095,359.9909,7.174493,-359.1244,0,0
215.7232,1,-0.2057459,2.900731,-56.27883,-0.004880145,8.16855,359.9909,6.474494,-338.3812,0,0
215.8325,1,-0.1301897,2.900731,-55.85342,-0.004877886,8.001245,359.9909,5.774495,-321.9429,0,0
215.942,1,-0.064338,2.900731,-55.47604,-0.00487813,7.839949,359.9909,5.074495,-313.647,0,0
216.0519,1,-0.007351108,2.900731,-55.14031,-0.004877762,7.631424,359.9909,4.805924,-299.8207,0.05,0
216.1613,1,0.04796997,2.900731,-54.80696,-0.004879613,7.422026,359.9909,4.860614,-299.088,0.05,0
216.2708,1,0.1028584,2.900731,-54.46832,-0.004877047,7.204697,359.9909,5.035349,-297.3842,0.3,0
216.3794,1,0.1594504,2.900731,-54.1113,-0.004872224,6.990645,359.9909,5.361158,-295.5362,0.3,0
216.4945,1,0.2261591,2.900731,-53.67551,-0.004877643,6.685133,359.9909,5.747544,-288.3634,0.39,0
216.5958,1,0.2868051,2.900731,-53.26556,-0.004874992,6.402663,359.9909,6.142427,-287.2823,0.39,0
216.7019,1,0.3490122,2.900731,-52.82662,-0.004872206,6.054605,359.9909,6.626559,-280.5784,0.56,0
216.8111,1,0.4136126,2.900731,-52.34941,-0.004879186,5.672488,359.9909,7.23802,-280.2084,0.56,0
216.9218,1,0.4794503,2.900731,-51.82879,-0.0048774,5.160787,359.9909,7.860694,-262.7514,0.58,0
217.0317,1,0.5453129,2.900731,-51.26402,-0.004875032,4.587053,359.9909,8.498113,-260.8455,0.58,0
217.1406,1,0.6094042,2.900731,-50.65471,-0.004879701,3.893877,359.9909,9.129762,-240.7142,0.58,0
217.2436,1,0.6689801,2.900731,-50.0022,-0.004873365,3.114691,359.9909,9.700256,-233.4616,0.55,0
217.3512,1,0.7207982,2.900731,-49.30765,-0.004874294,2.129783,359.9909,10.29232,-208.2442,0.55,0
217.4581,1,0.7602214,2.900731,-48.57184,-0.004874978,0.930388,359.9909,10.83688,-197.4491,0.49,0
217.5641,1,0.7852339,2.900731,-47.79848,-0.004874313,359.6777,359.9909,11.35665,-195.2633,0.49,0
217.6727,1,0.791641,2.900731,-46.98905,-0.004877176,358.2071,359.9909,11.86017,-181.0307,0.43,0
217.7816,1,0.7773185,2.900731,-46.14701,-0.004878328,356.7538,359.9909,12.32808,-180.3163,0.43,0
217.8842,1,0.7394364,2.900731,-45.27349,-0.004880373,355.2506,359.9909,12.72022,-189.6468,0.27,0
217.993,1,0.6771787,2.900731,-44.37753,-0.004875284,353.7291,359.9909,13.01386,-190.4797,0.27,0
218.1035,1,0.5904686,2.900731,-43.46275,-0.004873761,352.3165,359.9909,13.31239,-216.3744,0.27,0
218.2138,1,0.4809144,2.900731,-42.53373,-0.00488149,350.9694,359.9909,13.46677,-219.9144,0.14,0
218.3139,1,0.3680357,2.900731,-41.73123,-0.004875859,349.7529,359.9909,13.60699,-210.1906,0.14,0
218.4243,1,0.2114847,2.900731,-40.78874,-0.004874528,348.2278,359.9909,13.75464,-204.3751,0.13,0
218.5343,1,0.02686019,2.900731,-39.84098,-0.004876227,346.5748,359.9909,13.89774,-198.3658,0.13,0
218.6439,1,-0.1876675,2.900731,-38.8893,-0.004875623,344.8764,359.9909,14.0338,-189.6228,0.12,0
218.7527,1,-0.4326969,2.900731,-37.93531,-0.004875948,343.2101,359.9909,14.1644,-189.3068,0.12,0
218.8578,1,-0.707133,2.900731,-36.98003,-0.004877469,341.5817,359.9909,14.29048,-196.8652,0.12,0
218.9686,1,-1.011174,2.900731,-36.02423,-0.004878238,339.9637,359.9909,14.42339,-197.4861,0.12,0
219.0856,1,-1.336664,2.900738,-35.06493,-0.004875204,339.1189,359.9909,14.56379,-304.5572,0.12,0
219.1956,1,-1.67247,2.90074,-34.09832,-0.004875143,338.6281,359.9909,14.70682,-314.5662,0.13,0
219.3112,1,-2.014959,2.90074,-33.12255,-0.004879063,338.7043,359.9909,14.85712,-406.3416,0.13,0
219.4115,1,-2.298329,2.90074,-32.27287,-0.004879801,339.5345,359.9909,14.99554,-441.679,0.14,0
219.5235,1,-2.615752,2.900746,-31.26638,-0.004877508,340.6725,359.9909,15.15238,-487.772,0.14,0
219.6389,1,-2.905026,2.900748,-30.23923,-0.0048762,342.4813,359.9909,15.31389,-518.6047,0.14,0
219.7549,1,-3.164036,2.900748,-29.19232,-0.004878353,344.3128,359.9909,15.4763,-525.1617,0.14,0
219.8555,1,-3.355437,2.900748,-28.27828,-0.004875887,346.3214,359.9909,15.62389,-556.0153,0.16,0
219.9715,1,-3.539796,2.900748,-27.19255,-0.004881787,348.6895,359.9909,15.80954,-557.9655,0.16,0
220.0717,1,-3.658454,2.900748,-26.24523,-0.004877101,351.1327,359.9909,15.96979,-594.921,0.16,0
220.191,1,-3.745245,2.900748,-25.12259,-0.004871993,354.0423,359.9909,16.16071,-598.5396,0.16,0
220.2962,1,-3.777054,2.900748,-23.98457,-0.00487574,356.8918,359.9909,16.32907,-604.8259,0.16,0
220.4094,1,-3.749246,2.900748,-22.83563,-0.004879734,359.9185,359.9909,16.42122,-609.1785,0.05,0
220.5249,1,-3.660209,2.900748,-21.68528,-0.004876416,2.916864,359.9909,16.47896,-593.2631,0.05,0
220.6419,1,-3.514414,2.900748,-20.53732,-0.004877799,5.713124,359.9909,16.51272,-582.3649,0.02,0
220.7548,1,-3.313188,2.900748,-19.39599,-0.004879151,8.466037,359.9909,16.5353,-580.5303,0.02,0
220.8678,1,-3.05869,2.900748,-18.26382,-0.004880097,11.12503,359.9909,16.55791,-577.9842,0.02,0
220.9796,1,-2.751405,2.900748,-17.14318,-0.004876661,13.77437,359.9909,16.58027,-577.9016,0.02,0
221.0886,1,-2.401937,2.900748,-16.03402,-0.004875123,15.64248,359.9909,16.60206,-503.9255,0.02,0
221.1949,1,-2.022713,2.900748,-14.93337,-0.004877759,17.2035,359.9909,16.62333,-494.6561,0.02,0
221.3046,1,-1.618616,2.900748,-13.84037,-0.004883652,18.36971,359.9909,16.64526,-450.8847,0.02,0
221.4131,1,-1.19579,2.900748,-12.75304,-0.004873022,19.36456,359.9909,16.66696,-445.6334,0.02,0
221.5149,1,-0.7595536,2.900748,-11.66988,-0.004875578,19.85765,359.9909,16.68732,-397.9867,0.02,0
221.6185,1,-0.3166099,2.900748,-10.58799,-0.004874364,20.20524,359.9909,16.70803,-390.9207,0.02,0
221.7232,1,0.1325293,2.900748,-9.507191,-0.004878146,20.4348,359.9909,16.72898,-366.6805,0.02,0
221.8318,1,0.5740963,2.900748,-8.422415,-0.004877106,19.89051,359.9909,16.75071,-315.3972,0.02,0
221.9342,1,1.006291,2.900748,-7.33225,-0.004879025,19.3804,359.9909,16.77119,-313.3567,0.02,0
222.039,1,1.421444,2.900748,-6.234527,-0.004876366,18.19828,359.9909,16.79215,-229.6148,0.02,0
222.1454,1,1.798818,2.900748,-5.133171,-0.004874246,16.39033,359.9909,16.29814,-205.8326,0,0
222.2537,1,2.128229,2.900748,-4.06451,-0.004880665,14.55682,359.9909,15.59814,-185.8785,0,0
222.3556,1,2.403448,2.900748,-3.031564,-0.004878439,12.35987,359.9909,14.89814,-143.7042,0,0
222.4616,1,2.626162,2.900748,-2.036185,-0.004876546,10.1516,359.9909,14.19813,-141.5533,0,0
222.5688,1,2.800436,2.900937,-1.080907,359.9745,7.813081,359.9788,13.49813,-107.4317,0,0
222.6771,1,2.92397,2.900748,-0.1677061,-0.004878134,5.23195,359.9909,12.79813,-74.27619,0,0
222.7773,1,3.000807,2.900748,0.7016881,-0.004878703,2.716568,359.9909,12.09813,-73.13346,0,0
222.8827,1,3.041398,2.900748,1.524821,-0.004875321,0.6206235,359.9909,11.39812,-113.8934,0,0
222.9883,1,3.054134,2.900748,2.300037,-0.004877171,358.7614,359.9909,10.69812,-119.6349,0,0
223.0908,1,3.044126,2.900748,3.026473,-0.004878828,357.115,359.9909,9.998117,-132.8285,0,0
223.1989,1,3.016615,2.900748,3.70355,-0.004876972,355.6272,359.9909,9.298115,-139.585,0,0
223.3085,1,2.975144,2.900748,4.3309,-0.004879682,354.2343,359.9909,8.598112,-139.7958,0,0
223.4136,1,2.924843,2.900748,4.908652,-0.004873347,353.1038,359.9909,7.89811,-170.4015,0,0
223.5231,1,2.866803,2.900748,5.459607,-0.004876033,352.0553,359.9909,7.963786,-174.7901,0.06,0
223.6389,1,2.798195,2.900748,6.014024,-0.004877522,351.0152,359.9909,8.033299,-188.6306,0.06,0
223.7495,1,2.720107,2.900748,6.571988,-0.004877483,350.07,359.9909,8.099604,-196.4673,0.06,0
223.86,1,2.631673,2.900748,7.133109,-0.004875694,349.0655,359.9909,8.165915,-196.6956,0.06,0
223.971,1,2.535209,2.900748,7.697927,-0.004876008,348.3141,359.9909,8.236813,-239.8728,0.09,0
224.0849,1,2.431165,2.900748,8.26763,-0.004876245,347.6241,359.9909,8.339305,-244.7002,0.09,0
224.1977,1,2.319296,2.900748,8.843158,-0.004875771,346.9786,359.9909,8.440784,-259.1443,0.09,0
224.3078,1,2.199904,2.900748,9.426411,-0.004876199,346.3877,359.9909,8.615449,-261.9294,0.17,0
224.418,1,2.071704,2.900748,10.02105,-0.004879688,345.784,359.9909,8.802729,-262.3755,0.17,0
224.5281,1,1.934441,2.900748,10.62708,-0.004882774,345.1766,359.9909,8.989882,-264.5963,0.17,0
224.644,1,1.787658,2.900748,11.24445,-0.00487762,344.5567,359.9909,9.186969,-264.6982,0.17,0
224.7538,1,1.630783,2.900748,11.87312,-0.004878772,343.9078,359.9909,9.373533,-266.9613,0.17,0
224.863,1,1.46398,2.900748,12.51294,-0.004878004,343.2902,359.9909,9.559296,-267.3888,0.17,0
224.976,1,1.286608,2.900748,13.16363,-0.004878336,342.6563,359.9909,9.751303,-272.9375,0.17,0
225.0878,1,1.10129,2.900748,13.82606,-0.004883241,342.2657,359.9909,9.922165,-303.8531,0.13,0
225.1886,1,0.9364656,2.900748,14.40115,-0.004879348,341.9253,359.9909,10.05325,-305.1607,0.13,0
225.2987,1,0.7390803,2.900748,15.08079,-0.004875802,341.7576,359.9909,10.19631,-358.9234,0.13,0
225.4104,1,0.5416148,2.900748,15.76959,-0.004873782,341.8852,359.9909,10.26077,-377.223,0.03,0
225.5293,1,0.3455383,2.900748,16.46185,-0.004876674,342.1012,359.9909,10.29646,-409.6598,0.03,0
225.6423,1,0.158727,2.900748,17.15639,-0.004878196,342.828,359.9909,10.01526,-451.0836,0,0
225.7579,1,-0.01030635,2.900748,17.81571,-0.00488275,343.4841,359.9909,9.315256,-452.3787,0,0
225.8613,1,-0.1367618,2.900748,18.34549,-0.004876921,344.3305,359.9909,8.715254,-509.5114,0,0
225.9711,1,-0.2638772,2.900748,18.92156,-0.004877283,345.3017,359.9909,8.015251,-514.4836,0,0
226.0836,1,-0.3717315,2.900748,19.45159,-0.004874813,346.2276,359.9909,7.315252,-539.9323,0,0
226.2003,1,-0.4598519,2.900748,19.93564,-0.00488225,347.278,359.9909,6.615252,-561.4507,0,0
226.31,1,-0.5314764,2.900748,20.37275,-0.004879152,348.2406,359.9909,5.915253,-567.354,0,0
226.422,1,-0.5873363,2.900748,20.76276,-0.004879208,349.2557,359.9909,5.215254,-608.7161,0,0
226.5352,1,-0.6301264,2.900748,21.10501,-0.004880918,350.1778,359.9909,4.515254,-610.5646,0,0
226.6524,1,-0.6622462,2.900748,21.39907,-0.004880813,350.9856,359.9909,3.815255,-617.7057,0,0
226.7653,1,-0.6871381,2.900748,21.66296,-0.004876065,351.7453,359.9909,3.844263,-618.9713,0.13,0
226.8788,1,-0.7095273,2.900748,21.9363,-0.004876149,352.5,359.9909,3.991871,-621.7518,0.13,0
226.9976,1,-0.7286018,2.900748,22.22121,-0.004877107,353.3302,359.9909,4.202048,-626.0837,0.21,0
227.1114,1,-0.7441989,2.900682,22.52275,0.003965493,354.2175,359.9921,4.44095,-626.198,0.21,0
227.222,1,-0.7560658,2.900748,22.8414,-0.004875747,355.1052,359.9909,4.679365,-624.7969,0.25,0
227.3237,1,-0.7624913,2.900748,23.12902,-0.004877131,355.917,359.9909,4.933521,-624.7029,0.25,0
227.4317,1,-0.764784,2.900748,23.48325,-0.004879308,356.916,359.9909,5.203669,-623.9003,0.25,0
227.5449,1,-0.7610368,2.900748,23.85708,-0.004878103,357.9187,359.9909,5.502645,-623.6073,0.27,0
227.6471,1,-0.7503303,2.900748,24.25082,-0.004879265,358.9449,359.9909,5.778515,-620.2994,0.27,0
227.7506,1,-0.7345021,2.900748,24.60486,-0.004876932,359.8914,359.9909,6.060038,-603.0931,0.28,0
227.8595,1,-0.7074998,2.900748,25.03812,-0.004881363,1.029455,359.9909,6.364854,-602.1221,0.28,0
227.9691,1,-0.6717915,2.901252,25.4923,359.9152,2.044978,359.9756,6.671671,-567.1299,0.28,0
228.0775,1,-0.6275643,2.900748,25.96667,-0.004881779,2.950501,359.9909,6.975186,-543.7701,0.28,0
228.1874,1,-0.5742139,2.900748,26.4615,-0.004877352,3.825916,359.9909,7.282908,-543.0151,0.28,0
228.2903,1,-0.5124522,2.900748,26.97663,-0.004877622,4.531032,359.9909,7.571061,-491.5554,0.28,0
228.3956,1,-0.4424804,2.900748,27.5112,-0.004871681,5.19711,359.9909,7.844984,-487.0249,0.26,0
228.5017,1,-0.3638099,2.900748,28.06379,-0.004879206,5.853549,359.9909,8.120611,-466.5455,0.26,0
228.6106,1,-0.2800144,2.900748,28.63419,-0.004886563,6.200415,359.9909,8.355103,-421.7237,0.16,0
228.7141,1,-0.1909055,2.900748,29.21742,-0.004880971,6.531468,359.9909,8.520612,-419.9475,0.16,0
228.821,1,-0.1000378,2.900748,29.81189,-0.004878943,6.512003,359.9909,8.691665,-336.7956,0.16,0
228.9281,1,-0.01083146,2.900748,30.41701,-0.004874363,6.292067,359.9909,8.79145,-323.856,0.07,0
229.0287,1,0.07687649,2.900748,31.02801,-0.004878175,6.075658,359.9909,8.861879,-316.9589,0.07,0
229.1352,1,0.1594043,2.900748,31.64483,-0.004880735,5.560755,359.9909,8.956674,-277.9734,0.14,0
229.2433,1,0.2374068,2.900748,32.27105,-0.004874947,5.021572,359.9909,9.10801,-275.9473,0.14,0
229.3461,1,0.3086623,2.900748,32.90828,-0.004878194,4.274538,359.9909,9.251976,-229.035,0.14,0
229.4523,1,0.370522,2.900748,33.55686,-0.004880704,3.392549,359.9909,9.400649,-222.2905,0.14,0
229.5597,1,0.4229004,2.900748,34.21671,-0.004877374,2.470923,359.9909,9.551011,-217.7971,0.14,0
229.6668,1,0.4647703,2.900748,34.88781,-0.0048765,1.501017,359.9909,9.700915,-215.6697,0.14,0
229.7737,1,0.4955876,2.900748,35.56997,-0.004871368,0.4903754,359.9909,9.850517,-211.6482,0.14,0
229.8836,1,0.5140057,2.900748,36.26284,-0.004875225,359.3931,359.9909,10.00436,-202.847,0.14,0
229.9915,1,0.5196467,2.900748,36.96646,-0.004874628,358.3425,359.9909,10.15543,-202.5077,0.14,0
230.0916,1,0.5118693,2.900748,37.68052,-0.0048778,357.2933,359.9909,10.29564,-214.1126,0.14,0
230.197,1,0.4915789,2.900748,38.40458,-0.00488051,356.2793,359.9909,10.4361,-219.3212,0.13,0
230.3015,1,0.4585649,2.900748,39.13776,-0.004878398,355.2959,359.9909,10.57207,-220.5536,0.13,0
230.4058,1,0.4126126,2.900748,39.87967,-0.004880947,354.3205,359.9909,10.70761,-222.7932,0.13,0
230.5119,1,0.3530002,2.900748,40.63,-0.004878054,353.2919,359.9909,10.84559,-222.8974,0.13,0
230.6194,1,0.2792969,2.900748,41.3889,-0.004873734,352.2828,359.9909,10.9853,-227.7803,0.13,0
230.728,1,0.1911176,2.900748,42.15583,-0.004877456,351.2632,359.9909,11.11563,-228.3847,0.12,0
230.837,1,0.08830241,2.900748,42.93021,-0.004882989,350.2785,359.9909,11.24641,-244.2643,0.12,0
230.9464,1,-0.02427338,2.900748,43.71246,-0.004873666,349.6407,359.9909,11.35796,-278.6302,0.08,0
231.0558,1,-0.1462994,2.900748,44.50007,-0.004880872,349.0341,359.9909,11.4454,-271.8911,0.08,0
231.1643,1,-0.2826928,2.900748,45.29115,-0.004876066,348.0501,359.9909,11.53023,-239.4024,0.07,0
231.2681,1,-0.4337257,2.900748,46.08531,-0.004884252,347.063,359.9909,11.60287,-237.9395,0.07,0
231.3771,1,-0.5996731,2.900748,46.8819,-0.004876195,346.0551,359.9909,11.67921,-235.8014,0.07,0
231.4846,1,-0.7810884,2.900748,47.68041,-0.004880315,345.0277,359.9909,11.74709,-234.2537,0.06,0
231.5934,1,-0.9779711,2.900748,48.47994,-0.004878846,343.9816,359.9909,11.81242,-234.2011,0.06,0
231.7036,1,-1.190168,2.900748,49.28036,-0.004875286,342.9746,359.9909,11.87852,-240.554,0.06,0
231.8142,1,-1.417591,2.900748,50.08136,-0.004870335,341.9583,359.9909,11.94489,-240.9903,0.06,0
231.9233,1,-1.658229,2.900748,50.88352,-0.00487913,341.1605,359.9909,12.01033,-272.972,0.06,0
232.0314,1,-1.909461,2.900748,51.68729,-0.004876819,340.4723,359.9909,12.07518,-277.5786,0.06,0
232.1399,1,-2.166385,2.900748,52.49447,-0.004881813,340.2771,359.9909,12.14027,-350.8671,0.06,0
232.2486,1,-2.423488,2.900748,53.30482,-0.004876316,340.2771,359.9909,12.15114,-359.7752,0.01,0
232.3597,1,-2.679647,2.900791,54.11642,359.9836,340.4116,359.9926,12.16226,-386.584,0.01,0
232.4749,1,-2.931219,2.900748,54.93061,-0.004875277,340.7393,359.9909,12.18329,-397.7349,0.02,0
232.5844,1,-3.176802,2.900748,55.74848,-0.004878532,341.2948,359.9909,12.2052,-442.6284,0.02,0
232.6926,1,-3.408928,2.900748,56.57328,-0.004876853,342.2594,359.9909,12.27437,-471.738,0.08,0
232.8048,1,-3.627461,2.900748,57.408,-0.004878038,343.3593,359.9909,12.36408,-494.2059,0.08,0
232.9176,1,-3.827557,2.900748,58.25426,-0.004874729,344.7001,359.9909,12.46644,-509.0798,0.1,0
233.0303,1,-4.008723,2.900748,59.11267,-0.004874247,346.1165,359.9909,12.57915,-520.7917,0.1,0
233.1322,1,-4.145165,2.900748,59.85884,-0.004879701,347.5633,359.9909,12.68104,-539.1925,0.1,0
233.2428,1,-4.28214,2.900748,60.74048,-0.004877121,349.2144,359.9909,12.79165,-540.0817,0.1,0
233.354,1,-4.39566,2.900748,61.63319,-0.004877522,350.7782,359.9909,12.9048,-525.1462,0.11,0
233.4633,1,-4.486,2.900748,62.5369,-0.004879202,352.3694,359.9909,13.02503,-523.5392,0.11,0
233.5747,1,-4.553195,2.900748,63.45112,-0.004880855,353.9021,359.9909,13.14755,-522.1593,0.11,0
233.6861,1,-4.596079,2.900748,64.37578,-0.00487689,355.4456,359.9909,13.28124,-521.9061,0.12,0
233.7986,1,-4.614895,2.900748,65.31062,-0.004876918,356.9072,359.9909,13.41625,-507.2437,0.12,0
233.9095,1,-4.610872,2.900747,66.25478,-0.004878552,358.2984,359.9909,13.53986,-504.3711,0.11,0
234.0161,1,-4.584126,2.900748,67.20701,-0.004877214,359.6374,359.9909,13.65719,-500.7589,0.11,0
234.1233,1,-4.535191,2.900748,68.16654,-0.004876211,0.9840173,359.9909,13.77506,-499.0554,0.11,0
234.2306,1,-4.463365,2.900748,69.13298,-0.004877641,2.314812,359.9909,13.89307,-498.478,0.11,0
234.3398,1,-4.36809,2.900748,70.10573,-0.004876126,3.677339,359.9909,14.01325,-497.9195,0.11,0
234.4489,1,-4.248888,2.900748,71.08424,-0.004875285,5.051346,359.9909,14.13327,-496.2301,0.11,0
234.559,1,-4.107568,2.900748,72.06799,-0.004875171,6.27754,359.9909,14.2494,-482.9508,0.1,0
234.6615,1,-3.94473,2.900748,73.0561,-0.004880877,7.427983,359.9909,14.35186,-482.3181,0.1,0
234.7663,1,-3.770429,2.900748,74.04909,-0.004878955,7.832903,359.9909,14.43355,-395.5383,0.02,0
234.8689,1,-3.591579,2.900748,75.04434,-0.004880247,8.104372,359.9909,14.45407,-388.4159,0.02,0
234.9696,1,-3.413224,2.900748,76.04072,-0.004875396,7.882568,359.9909,14.47422,-318.5547,0.02,0
235.0771,1,-3.249325,2.900748,77.01877,-0.004877899,7.295411,359.9909,13.77421,-300.1392,0,0
235.1865,1,-3.10461,2.900749,77.95016,-0.004885815,6.561753,359.9909,13.07421,-276.9353,0,0
235.2894,1,-2.979564,2.900749,78.83492,-0.004880257,5.825251,359.9909,12.37421,-272.5448,0,0
235.3955,1,-2.873515,2.900749,79.67272,-0.004883203,4.99141,359.9909,11.6742,-249.1255,0,0
235.5049,1,-2.786489,2.90041,80.46405,0.01492566,3.954463,359.9841,10.9742,-237.7425,0,0
235.6069,1,-2.717567,2.900061,81.20707,0.05772304,3.114169,359.9701,10.2742,-235.0889,0,0
235.7115,1,-2.664742,2.90041,81.90281,0.01492905,2.213759,359.9841,9.574197,-230.7022,0,0
235.8204,1,-2.625333,2.90041,82.55011,0.01492475,1.36035,359.9841,8.874194,-230.5043,0,0
235.9305,1,-2.596631,2.90041,83.14905,0.01492353,0.6540754,359.9841,8.174191,-238.4584,0,0
236.0333,1,-2.577066,2.90041,83.69934,0.0149214,359.9938,359.9841,7.474192,-239.3716,0,0
236.1401,1,-2.564769,2.900411,84.2009,0.01492676,359.3955,359.9841,6.774192,-239.1631,0,0
236.2466,1,-2.558134,2.90035,84.65354,0.02457984,358.856,359.9917,6.074193,-239.1019,0,0
236.3549,1,-2.556057,2.90041,85.0574,0.01492313,358.3596,359.9841,5.374194,-239.4263,0,0
236.4634,1,-2.556891,2.90041,85.41225,0.01492682,357.9349,359.9841,4.674194,-239.498,0,0
236.5702,1,-2.559532,2.900411,85.71815,0.01492475,357.5975,359.9841,3.974195,-245.6195,0,0
236.6836,1,-2.563602,2.90041,86.00781,0.0149232,357.2891,359.9841,3.174196,-249.4941,0,0
236.7906,1,-2.566943,2.900411,86.20885,0.01492449,357.1292,359.9841,2.474196,-300.7766,0,0
236.9037,1,-2.569462,2.90041,86.37196,0.0149238,357.0673,359.9841,2.322049,-321.3745,0.06,0
237.0137,1,-2.572197,2.90041,86.53641,0.01492367,357.0032,359.9841,2.388045,-330.9946,0.06,0
237.1208,1,-2.574206,2.90041,86.70607,0.01492631,357.0556,359.9841,2.503864,-388.2996,0.17,0
237.2354,1,-2.576169,2.90041,86.88714,0.01492608,357.1128,359.9841,2.698638,-398.2128,0.17,0
237.3428,1,-2.577424,2.90041,87.08181,0.01492792,357.2501,359.9841,2.905221,-426.2535,0.22,0
237.4563,1,-2.578309,2.90041,87.29281,0.0149283,357.3933,359.9841,3.154832,-431.0349,0.22,0
237.5672,1,-2.578173,2.90041,87.52122,0.01492279,357.6042,359.9841,3.403422,-447.5756,0.25,0
237.6682,1,-2.577327,2.90041,87.73178,0.01492185,357.7968,359.9841,3.655888,-448.279,0.25,0
237.7736,1,-2.57543,2.90041,87.99591,0.0149253,358.0196,359.9841,3.919402,-434.5759,0.25,0
237.8817,1,-2.572748,2.90041,88.2793,0.01492618,358.21,359.9841,4.208609,-431.5829,0.27,0
237.9929,1,-2.56867,2.90041,88.58285,0.01492062,358.4301,359.9841,4.508724,-436.2134,0.27,0
238.1001,1,-2.562751,2.90041,88.90781,0.01492398,358.6923,359.9841,4.819459,-437.3663,0.29,0
238.2147,1,-2.55479,2.90041,89.25547,0.01493199,358.9728,359.9841,5.151998,-439.1589,0.29,0
238.3298,1,-2.54435,2.90041,89.62625,0.01492771,359.2776,359.9841,5.495197,-439.8828,0.3,0
238.4398,1,-2.531106,2.90041,90.0202,0.01492715,359.603,359.9841,5.825285,-443.429,0.3,0
238.5431,1,-2.514563,2.90041,90.43658,0.01492472,359.962,359.9841,6.135116,-445.6145,0.3,0
238.6478,1,-2.494332,2.900411,90.87515,0.01492725,0.3460909,359.9841,6.449136,-452.9834,0.3,0
238.7494,1,-2.472904,2.90041,91.26948,0.01492956,0.7613795,359.9841,6.754107,-458.2744,0.3,0
238.8528,1,-2.447368,2.90041,91.68191,0.01492595,1.19515,359.9841,7.064238,-458.4943,0.3,0
238.9615,1,-2.4119,2.90041,92.18499,0.01492593,1.73884,359.9841,7.390429,-462.9648,0.3,0
239.0721,1,-2.369914,2.90041,92.71078,0.01492863,2.297092,359.9841,7.722051,-463.4877,0.3,0
239.1826,1,-2.320513,2.90041,93.25976,0.01492557,2.873867,359.9841,8.053534,-464.2179,0.3,0
239.2947,1,-2.262954,2.90041,93.83143,0.01492527,3.488423,359.9841,8.389848,-464.4928,0.3,0
239.4059,1,-2.19651,2.90041,94.42573,0.01492967,4.131999,359.9841,8.723587,-464.2734,0.3,0
239.5214,1,-2.120471,2.90041,95.04253,0.0149285,4.793871,359.9841,9.069956,-464.1044,0.3,0
239.6299,1,-2.03386,2.90041,95.68165,0.01493197,5.507938,359.9841,9.395581,-463.9089,0.3,0
239.7386,1,-1.936455,2.90041,96.34261,0.01492639,6.194573,359.9841,9.721657,-463.6114,0.3,0
239.8483,1,-1.827313,2.90041,97.02482,0.01492352,6.913815,359.9841,10.05085,-463.6125,0.3,0
239.9583,1,-1.7053,2.90041,97.7286,0.01492571,7.660186,359.9841,10.38081,-463.696,0.3,0
240.071,1,-1.569423,2.90041,98.45369,0.01492485,8.447379,359.9841,10.71885,-463.6999,0.3,0
240.1878,1,-1.41859,2.90041,99.19997,0.0149324,9.276513,359.9841,11.06931,-464.3294,0.3,0
240.2972,1,-1.251527,2.90041,99.96744,0.01492276,10.1454,359.9841,11.39744,-464.3983,0.3,0
240.4081,1,-1.067668,2.90041,100.755,0.01493261,11.03411,359.9841,11.73004,-470.7447,0.3,0
240.5193,1,-0.865021,2.90041,101.5621,0.01492754,11.99346,359.9841,12.06373,-472.0674,0.3,0
240.6256,1,-0.6429728,2.90041,102.3879,0.01492448,12.95884,359.9841,12.3827,-476.1314,0.3,0
240.7377,1,-0.4002808,2.90041,103.2312,0.01492972,13.97674,359.9841,12.7189,-476.6874,0.3,0
240.8411,1,-0.1349735,2.90041,104.0918,0.01492731,15.11931,359.9841,13.0291,-484.0479,0.3,0
240.9474,1,0.1539593,2.90041,104.9679,0.01492261,16.25932,359.9841,13.33575,-489.8859,0.28,0
241.0618,1,0.4699416,2.90041,105.8579,0.01492559,17.58649,359.9841,13.65605,-502.8391,0.28,0
241.171,1,0.8184551,2.90041,106.7595,0.01493179,19.18494,359.9841,13.95224,-522.4607,0.26,0
241.2807,1,1.19902,2.90041,107.6694,0.01492592,20.75323,359.9841,14.23761,-532.858,0.26,0
241.3857,1,1.619824,2.90041,108.5832,0.01492791,22.85992,359.9841,14.49324,-571.5748,0.21,0
241.4924,1,2.083502,2.90041,109.4952,0.01492738,25.16665,359.9841,14.71726,-577.533,0.21,0
241.6067,1,2.597017,2.90041,110.3992,0.01492605,27.91838,359.9841,14.93352,-610.2155,0.16,0
241.7165,1,3.160845,2.90041,111.2887,0.01492223,30.67117,359.9841,15.10919,-611.5707,0.16,0
241.8301,1,3.773724,2.90041,112.1603,0.01492692,33.49049,359.9841,15.29092,-603.6922,0.16,0
241.9412,1,4.434144,2.90041,113.0121,0.01492714,36.17347,359.9841,15.46877,-603.2104,0.16,0
242.0481,1,5.140416,2.90041,113.8425,0.01492435,38.63887,359.9841,15.62144,-582.8092,0.1,0
242.1588,1,5.887391,2.90041,114.6486,0.01492348,41.10392,359.9841,15.73217,-581.2352,0.1,0
242.2756,1,6.668968,2.90041,115.4316,0.0149213,43.12646,359.9841,15.83077,-527.4893,0.05,0
242.3881,1,7.480416,2.90041,116.1912,0.01493075,45.10131,359.9841,15.88699,-528.85,0.05,0
242.5014,1,8.323823,2.900515,116.9216,-0.002027524,47.37854,359.9938,15.9453,-555.1002,0.06,0
242.6142,1,9.199704,2.90041,117.6199,0.0149266,49.72769,359.9841,16.01298,-556.1793,0.06,0
242.7258,1,10.10981,2.90041,118.2814,0.01492737,52.42489,359.9841,16.08188,-609.4779,0.07,0
242.8319,1,11.05792,2.90041,118.897,0.01492721,55.49305,359.9841,16.1562,-615.5335,0.07,0
242.937,1,12.04524,2.90041,119.459,0.01492641,59.05662,359.9841,16.22973,-687.6254,0.07,0
243.0483,1,13.07497,2.90041,119.9523,0.01492564,63.10956,359.9841,16.30765,-697.3735,0.07,0
243.1594,1,14.14728,2.90041,120.3622,0.0149292,67.98589,359.9841,16.38542,-762.5548,0.07,0
243.2664,1,15.25651,2.90041,120.6776,0.01492261,72.93678,359.9841,16.44567,-770.1957,0.05,0
243.3733,1,16.39296,2.90041,120.8954,0.01492441,78.05167,359.9841,16.49911,-784.3682,0.05,0
243.4828,1,17.54943,2.90041,121.0023,0.01492766,83.72288,359.9841,16.55388,-809.249,0.05,0
243.5913,1,18.71461,2.900411,120.9941,0.01492667,89.39101,359.9841,16.6081,-807.3827,0.05,0
243.6974,1,19.87733,2.900411,120.876,0.01492946,94.75217,359.9841,16.66116,-789.8527,0.05,0
243.7995,1,21.02855,2.90041,120.6564,0.01493289,99.77179,359.9841,16.71222,-788.9271,0.05,0
243.9011,1,22.16089,2.90041,120.3422,0.01492432,104.0142,359.9841,16.76302,-688.0959,0.05,0
244.0071,1,23.27658,2.900415,119.9655,0.01492512,107.2663,359.9841,16.816,-658.1412,0.05,0
244.1182,1,24.52666,2.900482,119.4557,0.0149231,110.6177,359.9841,16.87157,-582.4016,0.05,0
244.2187,1,25.60529,2.90055,118.9677,0.01492479,112.6217,359.9841,16.90755,-544.4836,0.03,0
244.3233,1,26.66721,2.90059,118.4389,0.01492234,114.7743,359.9841,16.93894,-536.2422,0.03,0
244.4346,1,27.86634,2.900619,117.8029,0.01492034,116.129,359.9841,16.97233,-475.1235,0.03,0
244.5462,1,29.05232,2.900621,117.1371,0.01492822,117.497,359.9841,17.00581,-472.2585,0.03,0
244.6568,1,30.22625,2.900621,116.4454,0.01492404,118.6145,359.9841,17.03898,-449.5686,0.03,0
244.7681,1,31.38934,2.900621,115.7306,0.01492411,119.6882,359.9841,17.07237,-448.0331,0.03,0
244.8794,1,32.54379,2.900621,114.9975,0.01492866,120.3841,359.9841,17.10578,-410.7581,0.03,0
244.9902,1,33.66879,2.90062,114.2678,0.01492684,120.9439,359.9841,16.30577,-406.7916,0,0
245.1015,1,34.73624,2.900621,113.5678,0.01493024,120.9617,359.9841,15.50577,-336.6395,0,0
245.2131,1,35.75559,2.900621,112.9121,0.01493199,120.4795,359.9841,14.70577,-315.9306,0,0
245.3237,1,36.7269,2.900621,112.3002,0.0149318,119.8689,359.9841,13.90577,-289.6111,0,0
245.4349,1,37.65227,2.90062,111.7361,0.0149302,119.0527,359.9841,13.10576,-276.1824,0,0
245.5463,1,38.53053,2.900621,111.2178,0.01492931,118.2257,359.9841,12.30576,-263.3396,0,0
245.657,1,39.36171,2.900587,110.7462,0.01624522,117.2858,359.9688,11.50576,-251.2931,0,0
245.7684,1,40.14418,2.900764,110.3182,-0.00386387,116.4204,359.9748,10.70575,-247.5943,0,0
245.8805,1,40.88289,2.900621,109.9318,0.01492521,115.3711,359.9841,10.31714,-221.7747,0.02,0
245.9902,1,41.62106,2.900621,109.5628,0.01492568,114.3299,359.9841,10.33907,-215.6342,0.02,0
246.1015,1,42.36957,2.900621,109.2109,0.01492663,112.9176,359.9841,10.39482,-172.9214,0.1,0
246.2126,1,43.1332,2.900621,108.8749,0.01492801,111.4869,359.9841,10.50589,-170.9412,0.1,0
246.326,1,43.91507,2.900621,108.56,0.01492394,109.6069,359.9841,10.61645,-118.6782,0.09,0
246.4383,1,44.715,2.900621,108.2688,0.01492798,107.6843,359.9841,10.71752,-115.4661,0.09,0
246.5495,1,45.53295,2.900621,108.0062,0.01492581,105.4217,359.9841,10.81765,-73.71915,0.09,0
246.6608,1,46.36855,2.900621,107.7748,0.0149331,103.0976,359.9841,10.91778,-70.9595,0.09,0
246.772,1,47.22121,2.900621,107.5794,0.0149292,100.4437,359.9841,11.01788,-24.03742,0.09,0
246.8838,1,48.09039,2.900621,107.4258,0.01492897,97.5691,359.9841,11.11845,-15.69753,0.09,0
246.9947,1,48.9741,2.90062,107.3148,0.01492843,94.6985,359.9841,11.21829,-14.48874,0.09,0
247.106,1,49.87035,2.900621,107.2494,0.01492753,91.69508,359.9841,11.32407,-6.570055,0.1,0
247.2172,1,50.77752,2.900621,107.2309,0.01492642,88.66782,359.9841,11.43526,-6.185559,0.1,0
247.3282,1,51.69318,2.90062,107.261,0.01492884,85.60842,359.9841,11.54076,-6.008173,0.09,0
247.4394,1,52.61401,2.900621,107.3407,0.01492782,82.52535,359.9841,11.64087,-5.868872,0.09,0
247.5505,1,53.53699,2.900621,107.4714,0.01492461,79.39408,359.9841,11.73675,-4.848042,0.08,0
247.6614,1,54.45863,2.900621,107.6537,0.01493051,76.24861,359.9841,11.82543,-4.800977,0.08,0
247.7728,1,55.37551,2.900621,107.8889,0.01492639,73.03092,359.9841,11.9076,1.131122,0.03,0
247.8839,1,56.28193,2.900621,108.1771,0.01492478,69.7717,359.9841,11.94092,1.785004,0.03,0
247.986,1,57.06192,2.90062,108.4732,0.01493586,66.74578,359.9841,11.97158,4.275552,0.03,0
248.0991,1,57.9159,2.900621,108.8524,0.01492982,63.48909,359.9841,11.27586,4.885604,0,0
248.2103,1,58.69196,2.90062,109.2493,0.01492508,60.48058,359.9841,10.47586,4.112255,0,0
248.3207,1,59.39167,2.900621,109.653,0.0149278,57.69618,359.9841,9.675854,3.711711,0,0
248.4322,1,60.01811,2.900621,110.0545,0.01492479,55.15252,359.9841,8.875851,2.544279,0,0
248.5428,1,60.57479,2.90062,110.4454,0.01492301,52.85254,359.9841,8.075848,1.436081,0,0
248.6534,1,61.06501,2.900621,110.8191,0.0149255,50.73966,359.9841,7.275848,0.4212054,0,0
248.7655,1,61.49255,2.900621,111.1693,0.01493076,48.86061,359.9841,6.475849,-1.722063,0,0
248.8783,1,61.8608,2.90062,111.4906,0.01492964,47.18694,359.9841,5.67585,-1.798546,0,0
248.9841,1,62.13647,2.900621,111.7453,0.0149232,45.80841,359.9841,4.975851,-1.615089,0,0
249.0861,1,62.37133,2.900621,111.972,0.0149234,44.64656,359.9841,4.275851,-1.600456,0,0
249.1994,1,62.59255,2.900621,112.1937,0.01492079,43.57011,359.9841,3.591467,-1.600011,0.11,0
249.3051,1,62.76853,2.900621,112.3769,0.01492558,42.63625,359.9841,3.70772,-1.60001,0.11,0
249.4066,1,62.9472,2.900621,112.5688,0.01492477,41.71248,359.9841,3.819343,-1.66701,0.11,0
249.5122,1,63.12827,2.900621,112.7704,0.01492544,40.70465,359.9841,3.972215,-1.698916,0.15,0
249.6126,1,63.31328,2.900621,112.9831,0.01492562,39.72664,359.9841,4.1228,-1.699986,0.15,0
249.7195,1,63.50097,2.900621,113.2074,0.01492405,38.6424,359.9841,4.296305,-0.9584291,0.24,0
249.82,1,63.69383,2.90062,113.4465,0.01492419,37.55735,359.9841,4.53761,-0.9018352,0.24,0
249.928,1,63.89215,2.900621,113.7033,0.01493091,36.3429,359.9841,4.796811,-0.6901565,0.24,0
250.0288,1,64.09584,2.900621,113.9782,0.01492809,35.13991,359.9841,5.038706,-0.5082716,0.24,0
250.1365,1,64.30301,2.900621,114.2722,0.01493072,33.79015,359.9841,5.297253,-0.5001884,0.24,0
250.2437,1,64.51321,2.900627,114.5856,0.01492739,32.39804,359.9841,5.549839,-5.694136,0.21,0
250.3507,1,64.725,2.900627,114.9176,0.01492319,31.02155,359.9841,5.774619,-6.089908,0.21,0
250.4593,1,64.93596,2.900627,115.2688,0.01492305,29.52682,359.9841,6.00264,-25.33492,0.21,0
250.567,1,65.14673,2.900627,115.6379,0.01492305,28.11591,359.9841,6.174684,-53.11275,0.1,0
250.6761,1,65.35336,2.900627,116.02,0.01492862,26.73445,359.9841,6.283771,-54.17725,0.1,0
250.7786,1,65.55775,2.900627,116.4121,0.01492434,25.76842,359.9841,6.38626,-151.4958,0.1,0
250.8794,1,65.73006,2.900627,116.7542,0.01492903,24.95959,359.9841,6.40642,-166.2875,0.02,0
250.9882,1,65.92656,2.900627,117.1572,0.01492722,24.12057,359.9841,6.42818,-166.7901,0.02,0
251.0917,1,66.11688,2.900627,117.5649,0.01492833,23.19784,359.9841,6.448883,-157.0624,0.02,0
251.2024,1,66.29225,2.900627,117.9572,0.01492165,22.28646,359.9841,5.748883,-156.219,0,0
251.3112,1,66.44311,2.900627,118.3068,0.01492459,21.56032,359.9841,5.048884,-181.5819,0,0
251.4201,1,66.57184,2.900627,118.6129,0.01492678,21.02053,359.9841,4.348885,-200.4752,0,0
251.5289,1,66.67934,2.900627,118.8747,0.01492875,20.56298,359.9841,3.648885,-213.0392,0,0
251.6409,1,66.76865,2.900627,119.0913,0.01492494,20.41885,359.9841,2.948886,-296.0828,0,0
251.7505,1,66.83891,2.900627,119.2628,0.01492359,20.30606,359.9841,2.248887,-299.7207,0,0
251.8616,1,66.89076,2.900628,119.389,0.01492554,20.27321,359.9841,1.548887,-357.0324,0,0
251.9669,1,66.9242,2.900636,119.4698,0.01492805,20.2808,359.9841,0.8488865,-368.7429,0,0
252.0764,1,66.93891,2.900636,119.5053,0.01493095,20.28439,359.9841,0.1488864,-386.0211,0,0
252.1834,1,66.93975,2.900636,119.5072,0.01492189,20.28689,359.9841,0.02717262,-453.9833,0.08,0
252.2926,1,66.9415,2.900636,119.5114,0.01493214,20.29152,359.9841,0.1145335,-457.2281,0.08,0
252.4032,1,66.94569,2.900681,119.5213,0.008126184,20.30579,359.9871,0.2030237,-504.2076,0.08,0
252.5162,1,66.95415,2.900636,119.541,0.01492671,20.34044,359.9841,0.4402851,-513.8768,0.21,0
252.626,1,66.96912,2.900636,119.5759,0.01491913,20.40506,359.9841,0.6709312,-531.1498,0.21,0
252.7323,1,66.99076,2.900636,119.6261,0.01493085,20.50017,359.9841,0.9306014,-538.2664,0.26,0
252.8413,1,67.02021,2.900636,119.694,0.0149251,20.6331,359.9841,1.214009,-542.3118,0.26,0
252.9496,1,67.05815,2.900636,119.7806,0.01492932,20.81266,359.9841,1.550584,-545.3946,0.35,0
253.0642,1,67.10688,2.900636,119.8909,0.0149222,21.0403,359.9841,1.951586,-549.3751,0.35,0
253.1723,1,67.16724,2.900636,120.0253,0.01492157,21.34554,359.9841,2.330029,-564.9689,0.35,0
253.2765,1,67.23945,2.900636,120.1836,0.01493139,21.70689,359.9841,2.694669,-565.6811,0.35,0
253.3864,1,67.32417,2.900636,120.3656,0.01492662,22.14953,359.9841,3.079074,-577.5017,0.35,0
253.4966,1,67.42213,2.900636,120.5713,0.01492894,22.66413,359.9841,3.464901,-579.1597,0.35,0
253.6126,1,67.53401,2.900636,120.8005,0.01492306,23.24927,359.9841,3.871021,-580.2754,0.35,0
253.7237,1,67.66074,2.900636,121.0531,0.01492645,23.90233,359.9841,4.259815,-580.3973,0.35,0
253.8355,1,67.8038,2.900636,121.3286,0.01492783,24.70118,359.9841,4.651144,-603.2703,0.35,0
253.9474,1,67.96381,2.900636,121.6258,0.0149298,25.57474,359.9841,5.014102,-607.5974,0.32,0
254.0602,1,68.14151,2.900636,121.942,0.01492769,26.61413,359.9841,5.37489,-648.1172,0.32,0
254.167,1,68.33881,2.900636,122.2756,0.01492315,27.82519,359.9841,5.701788,-662.6446,0.3,0
254.2746,1,68.55563,2.900636,122.6241,0.01492987,29.16175,359.9841,6.024478,-684.5356,0.3,0
254.3816,1,68.7941,2.900636,122.9852,0.01492568,30.6864,359.9841,6.324207,-704.5615,0.27,0
254.4903,1,69.05403,2.900636,123.3564,0.0149233,32.28355,359.9841,6.617763,-713.7098,0.27,0
254.5997,1,69.34026,2.900636,123.7344,0.0149238,34.32859,359.9841,6.901619,-757.5415,0.2,0
254.7102,1,69.65105,2.900636,124.1156,0.01492415,36.45361,359.9841,7.122715,-759.5575,0.2,0
254.8254,1,69.9883,2.900636,124.495,0.01492348,38.91035,359.9841,7.327062,-810.452,0.07,0
254.9347,1,70.34935,2.900636,124.8656,0.01492708,41.48804,359.9841,7.403594,-816.3552,0.07,0
255.0456,1,70.73114,2.900636,125.2229,0.01492612,44.14857,359.9841,7.47922,-819.5862,0.06,0
255.1569,1,71.13322,2.900636,125.5651,0.01492541,46.8563,359.9841,7.54597,-819.7955,0.06,0
255.2682,1,71.5547,2.900636,125.8907,0.01492552,49.57111,359.9841,7.612745,-818.8986,0.06,0
255.3769,1,71.99564,2.900636,126.1981,0.01492605,52.40229,359.9841,7.67801,-818.8024,0.06,0
255.485,1,72.45367,2.900636,126.4876,0.01492385,55.0744,359.9841,7.742874,-817.9119,0.06,0
255.5919,1,72.92798,2.900636,126.7574,0.01492012,57.79216,359.9841,7.779098,-817.8029,0.03,0
255.705,1,73.48543,2.900636,127.0422,0.01492589,60.56701,359.9841,7.813006,-817.0134,0.03,0
255.8089,1,73.98732,2.900636,127.2678,0.01492971,63.17819,359.9841,7.844167,-816.8069,0.03,0
255.9171,1,74.50135,2.900636,127.4705,0.01492503,65.89356,359.9841,7.876637,-812.014,0.03,0
256.0264,1,75.02632,2.900636,127.6499,0.01492359,68.6032,359.9841,7.909436,-811.0261,0.03,0
256.1271,1,75.56051,2.900636,127.8069,0.01492278,71.05865,359.9841,7.939626,-802.9786,0.03,0
256.2336,1,76.10374,2.900636,127.9397,0.01492504,73.66264,359.9841,7.977786,-796.5351,0.04,0
256.3421,1,76.65532,2.900636,128.0483,0.01492716,76.31198,359.9841,8.021203,-795.6401,0.04,0
256.4507,1,77.21386,2.900636,128.1339,0.01492438,78.77225,359.9841,8.089149,-790.3716,0.11,0
256.5627,1,77.86434,2.900636,128.2018,0.01492693,81.61938,359.9841,8.212257,-784.2709,0.11,0
256.6689,1,78.44308,2.900636,128.2398,0.01492897,83.79518,359.9841,8.304575,-744.0125,0.04,0
256.7799,1,79.11114,2.900636,128.255,0.01492809,86.33781,359.9841,8.348992,-741.8456,0.04,0
256.8935,1,79.77919,2.900636,128.2476,0.01492775,88.35038,359.9841,8.077166,-674.3051,0,0
256.999,1,80.32458,2.900636,128.2237,0.01492977,90.06413,359.9841,7.377166,-670.2081,0,0
257.1104,1,80.88663,2.900687,128.1863,0.01492598,91.36016,359.9841,6.577167,-588.6624,0,0
257.2213,1,81.38395,2.900736,128.145,0.01492554,92.32723,359.9841,5.777168,-574.252,0,0
257.3323,1,81.81673,2.900739,128.1035,0.01492918,93.01163,359.9841,4.977169,-509.4399,0,0
257.444,1,82.18535,2.90074,128.0659,0.01492698,93.44274,359.9841,4.177169,-490.0955,0,0
257.5547,1,82.49001,2.90074,128.0331,0.01492812,93.72783,359.9841,3.37717,-433.1245,0,0
257.6662,1,82.73091,2.90074,128.008,0.01492475,93.76139,359.9841,2.577171,-377.2808,0,0
257.7772,1,82.90813,2.90074,127.9895,0.01492542,93.77628,359.9841,1.777171,-357.6672,0,0
257.8882,1,83.02839,2.900689,127.9773,0.01931714,93.72421,-0.005426601,1.427136,-318.4805,0.09,0
257.9995,1,83.14546,2.90074,127.9656,0.01492536,93.68414,359.9841,1.527258,-314.9572,0.09,0
258.1107,1,83.27116,2.90074,127.9534,0.01492452,93.61201,359.9841,1.694645,-296.5789,0.25,0
258.2216,1,83.4157,2.90074,127.9394,0.01492732,93.52856,359.9841,1.971895,-295.718,0.25,0
258.3327,1,83.58235,2.90074,127.9237,0.01492761,93.42612,359.9841,2.255086,-291.0169,0.29,0
258.4438,1,83.77316,2.90074,127.9061,0.01492407,93.30677,359.9841,2.577536,-290.5115,0.29,0
258.5554,1,83.98969,2.90074,127.8867,0.01492587,93.15876,359.9841,2.900922,-281.6792,0.29,0
258.6658,1,84.23338,2.90074,127.8656,0.01492629,92.98287,359.9841,3.269632,-280.1383,0.34,0
258.7778,1,84.5072,2.900741,127.8429,0.01492836,92.7766,359.9841,3.650434,-272.982,0.34,0
258.8885,1,84.81157,2.900574,127.819,0.03257123,92.52698,359.9844,4.043501,-269.3065,0.36,0
259,1,85.14806,2.90074,127.7943,0.01492311,92.22682,359.9841,4.444898,-253.91,0.36,0
259.1119,1,85.51665,2.90074,127.77,0.01492691,91.82476,359.9841,4.847843,-239.0629,0.36,0
259.2233,1,85.91741,2.90074,127.7469,0.01492284,91.35312,359.9841,5.248879,-217.2404,0.36,0
259.3369,1,86.35018,2.900741,127.7284,0.01492009,90.58876,359.9841,5.623344,-171.3727,0.28,0
259.4371,1,86.7515,2.90074,127.7164,0.01492405,89.87273,359.9841,5.903771,-169.8456,0.28,0
259.5499,1,87.2337,2.90074,127.7126,0.01492599,88.63342,359.9841,6.188614,-78.26146,0.17,0
259.6609,1,87.73425,2.90074,127.7204,0.01492473,87.29574,359.9841,6.377285,-72.52428,0.17,0
259.7715,1,88.24937,2.90074,127.7421,0.01492019,85.77048,359.9841,6.565392,-31.01715,0.17,0
259.8831,1,88.77858,2.90074,127.7801,0.01493107,84.09096,359.9841,6.754981,-23.5779,0.17,0
259.992,1,89.32139,2.90074,127.8351,0.0149275,82.38736,359.9841,6.940279,-22.48313,0.17,0
260.1017,1,89.87694,2.90074,127.9083,0.01492914,80.63574,359.9841,7.126596,-22.30457,0.17,0
260.2142,1,90.44444,2.90074,128.0025,0.01492517,78.68026,359.9841,7.318004,8.217925,0.17,0
260.3257,1,91.02313,2.90074,128.1211,0.01492583,76.54704,359.9841,7.517376,16.97604,0.18,0
260.4366,1,91.61221,2.90074,128.266,0.01492623,74.25123,359.9841,7.716981,50.03407,0.18,0
260.5481,1,92.2102,2.90074,128.4422,0.0149307,71.68689,359.9841,7.96631,67.31156,0.25,0
260.6592,1,92.81979,2.90074,128.6528,0.01492737,68.99495,359.9841,8.243955,68.92298,0.25,0
260.7704,1,93.43929,2.90074,128.9005,0.0149302,66.20491,359.9841,8.526226,71.40711,0.26,0
260.882,1,94.0665,2.90074,129.1879,0.0149268,63.31131,359.9841,8.8162,75.27358,0.26,0
260.9922,1,94.69785,2.90074,129.5187,0.01492537,60.23895,359.9841,9.091619,83.48103,0.24,0
261.1044,1,95.32866,2.90074,129.8946,0.01492393,57.04845,359.9841,9.361081,85.96602,0.24,0
261.2155,1,95.95371,2.90074,130.319,0.01492519,53.61557,359.9841,9.62339,102.8054,0.23,0
261.326,1,96.56818,2.90074,130.793,0.01493297,50.08906,359.9841,9.877761,103.5835,0.23,0
261.4372,1,97.1673,2.90074,131.3177,0.01492536,46.46223,359.9841,10.15537,104.2552,0.31,0
261.5487,1,97.74921,2.90074,131.8978,0.01492516,42.70878,359.9841,10.50129,104.2991,0.31,0
261.6596,1,98.30962,2.90074,132.5356,0.01492541,38.84827,359.9841,10.83788,104.21,0.26,0
261.7701,1,98.84034,2.90074,133.23,0.01492302,34.87639,359.9841,11.12537,104.2002,0.26,0
261.8814,1,99.33372,2.90074,133.979,0.01492537,30.804,359.9841,11.41465,104.2845,0.26,0
261.9926,1,99.78135,2.900741,134.7792,0.01492309,26.59863,359.9841,11.61491,104.2996,0.18,0
262.1052,1,100.1754,2.90074,135.6247,0.0149305,22.30905,359.9841,11.81741,104.3,0.18,0
262.2096,1,100.468,2.90074,136.4004,0.0149291,18.27567,359.9841,11.97407,104.3,0.15,0
262.3212,1,100.7425,2.900741,137.3205,0.01492349,13.88323,359.9841,12.1415,102.4135,0.15,0
262.434,1,100.9481,2.90074,138.271,0.01492391,9.440157,359.9841,12.23135,98.53583,0.01,0
262.5388,1,101.0643,2.90074,139.1163,0.01492533,5.3366,359.9841,12.24182,95.67902,0.01,0
262.6515,1,101.1279,2.900745,140.0844,0.01492799,1.016141,359.9841,11.84737,89.71207,0,0
262.7566,1,101.1247,2.900745,140.8898,0.01492709,357.4012,359.9841,11.14737,89.50516,0,0
262.8593,1,101.0708,2.900745,141.6445,0.0149275,353.7691,359.9841,10.55307,79.39285,0.04,0
262.9657,1,100.9773,2.900745,142.3759,0.01492748,350.5225,359.9841,10.59565,77.8437,0.04,0
263.0704,1,100.8392,2.900745,143.1033,0.01492395,347.1775,359.9841,10.63751,45.51963,0.04,0
263.1792,1,100.6616,2.900745,143.8258,0.01492681,344.0091,359.9841,10.69988,37.52057,0.06,0
263.2879,1,100.4469,2.900745,144.5431,0.01492567,341.2169,359.9841,10.7651,-35.32199,0.06,0
263.397,1,100.2029,2.900745,145.2567,0.01492588,338.8811,359.9841,10.85431,-61.63895,0.09,0
263.5075,1,99.92799,2.900745,145.9662,0.01492797,336.6254,359.9841,10.95374,-97.61034,0.09,0
263.618,1,99.63016,2.900745,146.6761,0.0149318,335.0472,359.9841,11.11703,-160.1909,0.17,0
263.7286,1,99.30828,2.900745,147.3896,0.01492766,333.5422,359.9841,11.30502,-189.0157,0.17,0
263.8426,1,98.96889,2.900745,148.11,0.01492326,332.5869,359.9841,11.49883,-239.4356,0.17,0
263.9538,1,98.61099,2.900745,148.8363,0.01492648,331.5819,359.9841,11.68798,-249.7664,0.17,0
264.0594,1,98.23745,2.900745,149.5697,0.01492669,330.8259,359.9841,11.8647,-266.1705,0.15,0
264.1659,1,97.84908,2.900745,150.3086,0.01492327,330.0662,359.9841,12.02438,-266.8829,0.15,0
264.2755,1,97.44758,2.900745,151.0534,0.01492652,329.5242,359.9841,12.18876,-305.5639,0.15,0
264.3768,1,97.09481,2.900745,151.6979,0.0149241,329.1599,359.9841,12.34079,-312.6535,0.15,0
264.4858,1,96.67319,2.900745,152.4571,0.0149261,328.8097,359.9841,12.50429,-330.1395,0.15,0
264.5973,1,96.24371,2.900745,153.226,0.01493119,328.6584,359.9841,12.69559,-342.5295,0.18,0
264.712,1,95.80676,2.900745,154.0071,0.01492729,328.7244,359.9841,12.90214,-392.1469,0.18,0
264.822,1,95.37191,2.900745,154.8054,0.01492515,329.3625,359.9841,13.06833,-426.6157,0.14,0
264.9307,1,94.94159,2.900745,155.6183,0.01492626,330.1632,359.9841,13.22052,-469.1521,0.14,0
265.0395,1,94.53175,2.900768,156.4462,0.01492607,331.7737,359.9841,12.88115,-529.9054,0,0
265.148,1,94.16325,2.900789,157.2476,0.01492232,333.4049,359.9841,12.18114,-559.2018,0,0
265.2579,1,93.84547,2.900788,158.0183,0.01492809,335.6278,359.9841,11.48114,-618.8517,0,0
265.3691,1,93.57479,2.900789,158.7546,0.01492533,337.7623,359.9841,10.78114,-621.154,0,0
265.4709,1,93.37988,2.900789,159.3575,0.01492045,339.8238,359.9841,10.18114,-663.6133,0,0
265.5772,1,93.19267,2.900789,160.0255,0.01492409,342.1737,359.9841,9.481133,-667.4962,0,0
265.6823,1,93.04403,2.900789,160.6529,0.01492596,344.4774,359.9841,8.78113,-741.9754,0,0
265.7899,1,92.93481,2.900789,161.2387,0.01492744,347.0001,359.9841,8.081127,-759.4016,0,0
265.9058,1,92.85728,2.900789,161.78,0.01492465,349.2835,359.9841,7.381128,-745.6471,0,0
266.0151,1,92.80585,2.900789,162.2749,0.01493186,351.4038,359.9841,6.681129,-740.643,0,0
266.129,1,92.77454,2.900789,162.7221,0.01492603,353.2538,359.9841,5.981129,-750.3627,0,0
266.2392,1,92.75967,2.900789,163.1369,0.01492712,355.044,359.9841,5.910174,-753.5143,0.03,0
266.346,1,92.7567,2.900795,163.5532,0.01492447,356.7226,359.9841,5.94221,-742.9203,0.03,0
266.4549,1,92.76575,2.900807,163.9725,0.01492773,358.3964,359.9841,6.026496,-738.3376,0.1,0
266.5619,1,92.78695,2.900808,164.3987,0.01492702,0.02077327,359.9841,6.133531,-704.1073,0.1,0
266.666,1,92.816,2.900808,164.8314,0.0149264,1.231335,359.9841,6.237658,-643.4146,0.1,0
266.7745,1,92.85502,2.900808,165.2706,0.01492617,2.494161,359.9841,6.346177,-640.6611,0.1,0
266.8751,1,92.90179,2.900808,165.7162,0.01492081,3.478347,359.9841,6.446778,-579.0336,0.1,0
266.9807,1,92.95634,2.900808,166.1696,0.01492546,4.404747,359.9841,6.612861,-563.388,0.18,0
267.0873,1,93.01984,2.900808,166.6347,0.0149313,5.375182,359.9841,6.804835,-569.4152,0.18,0
267.1874,1,93.09326,2.901069,167.1117,359.9803,6.345746,359.9897,6.984959,-579.3809,0.18,0
267.2928,1,93.17815,2.900808,167.6,0.01492509,7.429842,359.9841,7.174664,-579.8873,0.18,0
267.4011,1,93.27415,2.900808,168.0995,0.01492007,8.498543,359.9841,7.369543,-578.6511,0.18,0
267.5156,1,93.39935,2.900808,168.684,0.01492473,9.77325,359.9841,7.575652,-578.4053,0.18,0
267.6233,1,93.52307,2.900808,169.2068,0.01492563,10.94044,359.9841,7.769503,-572.2939,0.18,0
267.7329,1,93.6597,2.900808,169.7399,0.01492744,12.04598,359.9841,7.966877,-566.4952,0.18,0
267.8336,1,93.8107,2.900808,170.2834,0.01492526,13.19232,359.9841,8.148084,-566.3054,0.18,0
267.937,1,93.97509,2.900807,170.8364,0.01492228,14.21712,359.9841,8.33417,-520.8469,0.18,0
268.0418,1,94.148,2.900808,171.3999,0.0149226,14.84937,359.9841,8.529174,-480.685,0.19,0
268.1528,1,94.35915,2.900808,172.0572,0.01493151,15.62617,359.9841,8.740066,-479.1305,0.19,0
268.2534,1,94.55102,2.900808,172.6443,0.01492707,15.90677,359.9841,8.931165,-405.4382,0.19,0
268.3565,1,94.74905,2.900808,173.2431,0.01491971,16.14026,359.9841,9.096169,-398.412,0.16,0
268.462,1,94.95267,2.900808,173.8517,0.01492621,16.34201,359.9841,9.264967,-387.2433,0.16,0
268.5755,1,95.19002,2.900808,174.5591,0.01493028,16.4106,359.9841,9.375455,-370.8276,0.06,0
268.6895,1,95.43023,2.900808,175.2721,0.01493193,16.48303,359.9841,9.443847,-370.3091,0.06,0
268.793,1,95.63997,2.900808,175.9009,0.01492569,16.30486,359.9841,9.506005,-329.1381,0.06,0
268.9049,1,95.87782,2.900808,176.6239,0.01492709,16.0699,359.9841,9.528385,-325.577,0.02,0
269.0163,1,96.11195,2.900808,177.3498,0.01492648,15.68424,359.9841,9.550663,-288.5671,0.02,0
269.1312,1,96.33351,2.900808,178.0652,0.01492489,15.06194,359.9841,8.956288,-269.8647,0,0
269.2342,1,96.50645,2.900808,178.6455,0.0149262,14.52212,359.9841,8.256286,-262.7085,0,0
269.3449,1,96.68023,2.900808,179.2531,0.01492718,13.87523,359.9841,7.456285,-248.7287,0,0
269.4583,1,96.83067,2.900808,179.8009,0.01492624,13.30877,359.9841,6.656286,-248.2095,0,0
269.5589,1,96.94425,2.900808,180.2307,0.01492669,12.83194,359.9841,5.956287,-243.6529,0,0
269.67,1,97.05507,2.900808,180.6649,0.0149229,12.34987,359.9841,5.156288,-242.4314,0,0
269.7814,1,97.14728,2.900808,181.0378,0.01492589,11.95168,359.9841,4.356288,-237.3747,0,0
269.885,1,97.21229,2.900808,181.3139,0.01492286,11.51042,359.9841,3.656289,-201.1921,0,0
269.9958,1,97.27116,2.900808,181.5714,0.01492265,11.12444,359.9841,2.85629,-199.0461,0,0
270.1073,1,97.31459,2.900808,181.7669,0.01492609,10.82712,359.9841,2.056291,-190.9794,0,0
270.2217,1,97.34634,2.900808,181.9135,0.01491942,10.59236,359.9841,1.944619,-183.3179,0.26,0
270.3334,1,97.38049,2.900808,182.0756,0.01493046,10.31308,359.9841,2.235012,-181.8186,0.26,0
270.4379,1,97.4134,2.900808,182.2364,0.01492319,10.00855,359.9841,2.51669,-172.2645,0.29,0
270.5489,1,97.45495,2.900808,182.4446,0.01493479,9.643512,359.9841,2.838489,-171.7118,0.29,0
270.6604,1,97.4999,2.900756,182.6784,0.021784,9.233643,359.9771,3.16194,-164.4105,0.29,0
270.7729,1,97.54783,2.900808,182.9393,0.01492576,8.747293,359.9841,3.538918,-162.2536,0.35,0
270.8734,1,97.59223,2.900808,183.1935,0.01492996,8.263622,359.9841,3.890655,-162.2014,0.35,0
270.9848,1,97.64529,2.900808,183.5136,0.01492581,7.683608,359.9841,4.280802,-162.2,0.35,0
271.0957,1,97.69978,2.900808,183.8657,0.01492241,7.041982,359.9841,4.69109,-162.2,0.37,0
271.2066,1,97.75481,2.900808,184.2509,0.01492434,6.338955,359.9841,5.101439,-162.0472,0.37,0
271.3181,1,97.80924,2.900808,184.6696,0.01492452,5.583,359.9841,5.522357,-162.0012,0.38,0
271.4291,1,97.86178,2.900808,185.1224,0.01493017,4.760369,359.9841,5.943978,-160.6679,0.38,0
271.5399,1,97.9108,2.900808,185.6097,0.01492746,3.85657,359.9841,6.365208,-159.3431,0.38,0
271.6516,1,97.95497,2.900808,186.1311,0.01492546,2.916048,359.9841,6.789385,-159.3008,0.38,0
271.7625,1,97.99238,2.900808,186.6869,0.01492716,1.896206,359.9841,7.208274,-159.3936,0.37,0
271.8735,1,98.02131,2.900808,187.2764,0.01492386,0.8194651,359.9841,7.618976,-159.3999,0.37,0
271.9849,1,98.03988,2.900808,187.8992,0.01492993,359.686,359.9841,8.031116,-159.4,0.37,0
272.0962,1,98.0461,2.900808,188.5545,0.01492946,358.4873,359.9841,8.417922,-159.4,0.34,0
272.2069,1,98.03802,2.900808,189.24,0.01492922,357.2363,359.9841,8.794167,-159.4,0.34,0
272.3183,1,98.01372,2.900808,189.9553,0.01492643,355.9369,359.9841,9.168636,-159.4,0.33,0
272.4293,1,97.97112,2.900808,190.6993,0.01492526,354.5749,359.9841,9.534924,-159.4,0.33,0
272.5401,1,97.90817,2.900808,191.4713,0.01492416,353.1564,359.9841,9.900822,-159.31,0.33,0
272.6522,1,97.82294,2.900808,192.2701,0.01492829,351.7,359.9841,10.25938,-159.3002,0.32,0
272.7529,1,97.72768,2.900808,192.9905,0.01492756,350.3263,359.9841,10.58176,-159.3,0.32,0
272.8662,1,97.59313,2.900808,193.8378,0.01492354,348.7136,359.9841,10.93163,-159.3,0.29,0
272.9777,1,97.43025,2.900808,194.7073,0.0149258,347.0953,359.9841,11.25511,-159.3,0.29,0
273.0879,1,97.23748,2.900808,195.5969,0.01492922,345.4583,359.9841,11.57461,-159.3846,0.29,0
273.1987,1,97.01252,2.900808,196.5052,0.01493122,343.7446,359.9841,11.89603,-159.3996,0.29,0
273.3101,1,96.75343,2.900808,197.4312,0.0149287,341.9883,359.9841,12.21906,-159.4769,0.29,0
273.4151,1,96.49579,2.900808,198.2546,0.01492652,340.3018,359.9841,12.51723,-159.4993,0.28,0
273.5284,1,96.16418,2.900808,199.2097,0.01492552,338.4279,359.9841,12.8344,-159.5,0.28,0
273.6405,1,95.7922,2.900808,200.1767,0.01493172,336.5161,359.9841,13.15109,-159.5,0.29,0
273.7519,1,95.37818,2.900808,201.1545,0.0149323,334.5802,359.9841,13.47436,-159.5,0.29,0
273.8634,1,94.92001,2.900808,202.1408,0.01492148,332.5853,359.9841,13.79763,-159.5,0.29,0
273.9739,1,94.41599,2.900808,203.1335,0.01492408,330.5555,359.9841,14.11816,-159.5,0.29,0
274.0856,1,93.86452,2.900808,204.1302,0.01492778,328.4874,359.9841,14.4419,-159.423,0.29,0
274.1971,1,93.2636,2.900808,205.1273,0.0149255,326.3462,359.9841,14.74026,-159.4006,0.26,0
274.3087,1,92.61288,2.900808,206.1207,0.01492654,324.1677,359.9841,15.03048,-159.4,0.26,0
274.4195,1,91.91181,2.900808,207.107,0.01492367,321.9778,359.9841,15.27441,-159.4,0.18,0
274.5323,1,91.16236,2.900808,208.0787,0.01492586,319.7005,359.9841,15.47743,-159.4,0.18,0
274.6361,1,90.46494,2.900808,208.9127,0.014929,317.5672,359.9841,15.64221,-159.4,0.14,0
274.7502,1,89.62413,2.9008,209.8444,0.01559177,315.2596,359.9827,15.80194,-159.4,0.14,0
274.8585,1,88.84908,2.900808,210.6371,0.01492528,313.0119,359.9841,15.95348,-159.4,0.14,0
274.9719,1,87.91764,2.900808,211.5148,0.01492571,310.5984,359.9841,16.11223,-159.4,0.14,0
275.0777,1,87.06519,2.900963,212.2573,-0.004979661,308.4775,359.9681,16.26036,-158.6958,0.14,0
275.192,1,86.04662,2.900808,213.0715,0.01492711,305.9055,359.9841,16.42051,-158.6019,0.14,0
275.3007,1,85.11578,2.900808,213.7496,0.01492148,303.2319,359.9841,16.57262,-117.4953,0.14,0
275.4046,1,84.14195,2.900808,214.3836,0.0149282,300.2964,359.9841,16.71802,-103.1008,0.14,0
275.5127,1,83.1253,2.900808,214.9671,0.014923,296.9075,359.9841,16.86939,-58.57429,0.14,0
275.6183,1,82.06171,2.900808,215.4825,0.01492588,292.8044,359.9841,17.01734,-20.7407,0.14,0
275.726,1,80.95398,2.900808,215.923,0.01492903,288.5455,359.9841,17.16798,-19.33127,0.14,0
275.8344,1,79.80663,2.900808,216.2825,0.01492962,284.1985,359.9841,17.31985,4.990869,0.14,0
275.9354,1,78.62383,2.900734,216.5496,0.03529713,279.585,359.9782,17.46123,6.744314,0.14,0
276.0431,1,77.41307,2.900844,216.7234,0.01492656,275.0344,359.9841,17.61026,3.733715,0.13,0
276.153,1,76.18227,2.900851,216.7961,0.0149317,270.0858,359.9841,17.7532,-0.8652382,0.13,0
276.2615,1,74.93902,2.900862,216.7781,0.007301165,266.0193,359.8676,17.89422,-36.638,0.13,0
276.3743,1,73.69085,2.900866,216.6653,0.01492417,261.6263,359.9841,18.04087,-38.46412,0.13,0
276.4886,1,72.44222,2.900883,216.4726,0.01493258,258.4232,359.9841,17.94344,-122.9624,0,0
276.5978,1,71.23531,2.90095,216.2224,0.01492454,255.4875,359.9841,17.24344,-127.9844,0,0
276.7072,1,70.08791,2.90095,215.9297,0.01492514,253.1739,359.9841,16.54344,-200.4245,0,0
276.8199,1,68.99635,2.90095,215.6164,0.01492605,251.5029,359.9841,15.84343,-214.0859,0,0
276.9374,1,67.96012,2.900952,215.2884,0.0149279,250.1044,359.9841,15.14343,-247.2785,0,0
277.0476,1,66.97732,2.900954,214.9543,0.01492857,248.8934,359.9841,14.44343,-250.3292,0,0
277.1638,1,66.04691,2.900954,214.6183,0.01493098,247.8929,359.9841,13.74343,-271.183,0,0
277.2651,1,65.29007,2.900954,214.3326,0.01492011,247.1286,359.9841,13.14342,-274.872,0,0
277.3652,1,64.56995,2.900954,214.0512,0.01492922,246.536,359.9841,12.54342,-303.36,0,0
277.4836,1,63.77202,2.900954,213.7385,0.01492512,246.4777,359.9841,11.84342,-352.243,0,0
277.5975,1,63.02001,2.900954,213.4431,0.01492138,246.4218,359.9841,11.14342,-360.772,0,0
277.6988,1,62.41024,2.900954,213.2071,0.01492325,246.7079,359.9841,10.54341,-397.7927,0,0
277.8116,1,61.73997,2.900954,212.9516,0.01492709,247.0146,359.9841,9.84341,-400.0551,0,0
277.9316,1,61.11321,2.900954,212.7192,0.01492808,247.5438,359.9841,9.143408,-444.6202,0,0
278.045,1,60.52993,2.900954,212.5104,0.01492521,248.1285,359.9841,8.443405,-456.6308,0,0
278.1496,1,60.06387,2.900954,212.352,0.01492371,248.896,359.9841,7.843404,-499.2384,0,0
278.2649,1,59.56097,2.900954,212.1886,0.01492781,249.7181,359.9841,7.143404,-501.5584,0,0
278.3835,1,59.10144,2.900954,212.05,0.01492699,250.802,359.9841,6.547405,-577.8148,0.02,0
278.4958,1,58.65845,2.900954,211.9263,0.01492471,251.9124,359.9841,6.569882,-581.7211,0.02,0
278.5966,1,58.27527,2.900954,211.8278,0.01492374,252.9866,359.9841,6.590038,-612.1486,0.02,0
278.7009,1,57.88469,2.900954,211.7358,0.01492595,254.1249,359.9841,6.788243,-617.4363,0.19,0
278.8095,1,57.41296,2.900954,211.6356,0.01492715,255.5136,359.9841,6.994489,-632.2598,0.19,0
278.9185,1,56.92399,2.900954,211.5442,0.0149265,256.9384,359.9841,7.210887,-637.353,0.2,0
279.032,1,56.41783,2.900954,211.4627,0.01492595,258.4196,359.9841,7.437855,-634.7831,0.2,0
279.1339,1,55.96898,2.901024,211.403,0.006223377,259.8497,359.9795,7.64161,-633.9314,0.2,0
279.2498,1,55.42891,2.900954,211.3447,0.0149254,261.4272,359.9841,7.873596,-629.6066,0.2,0
279.3509,1,54.95173,2.900954,211.3058,0.01492459,262.825,359.9841,8.075647,-622.9362,0.2,0
279.4568,1,54.37945,2.900954,211.2731,0.01493002,264.3687,359.9841,8.287503,-622.1649,0.2,0
279.5608,1,53.87608,2.900954,211.2576,0.01492582,265.7821,359.9841,8.495474,-621.244,0.2,0
279.6755,1,53.27328,2.900954,211.2558,0.0149314,267.5024,359.9841,8.725005,-618.3624,0.2,0
279.7945,1,52.65419,2.900954,211.2724,0.01492887,269.2336,359.9841,8.962942,-613.6277,0.2,0
279.8995,1,52.0202,2.900954,211.3075,0.01492213,270.9153,359.9841,9.172986,-612.9045,0.2,0
280.0099,1,51.37229,2.900954,211.3617,0.01492774,272.5878,359.9841,9.393794,-608.2258,0.2,0
280.1265,1,50.71049,2.900954,211.4375,0.0149299,274.3029,359.9841,9.626837,-607.8503,0.2,0
280.2336,1,50.03598,2.900954,211.5355,0.014924,276.1078,359.9841,9.841124,-607.23,0.2,0
280.3439,1,49.34946,2.900954,211.6566,0.01492486,277.8596,359.9841,10.06174,-607.2006,0.2,0
280.4523,1,48.65184,2.900954,211.8014,0.01492931,279.5814,359.9841,10.27844,-594.1741,0.2,0
280.5602,1,47.94403,2.900954,211.9703,0.01492625,281.3246,359.9841,10.4944,-593.2233,0.2,0
280.6705,1,47.22709,2.900954,212.1638,0.01492826,283.0592,359.9841,10.71486,-589.0964,0.2,0
280.7804,1,46.50176,2.900954,212.3828,0.01492497,284.7462,359.9841,10.93474,-588.6116,0.2,0
280.8906,1,45.76899,2.900956,212.6292,0.0149257,286.4994,359.9841,11.15513,-575.7032,0.2,0
280.9923,1,45.02952,2.900975,212.9016,0.01492967,288.1943,359.9841,11.35847,-573.2834,0.2,0
281.0987,1,44.28427,2.900975,213.1992,0.01492841,289.7195,359.9841,11.57137,-528.0931,0.2,0
281.2073,1,43.53733,2.901143,213.5092,0.014927,290.465,359.9841,11.25416,-460.4868,0,0
281.3162,1,42.8325,2.901391,213.8121,0.01492338,291.0756,359.9841,10.55416,-403.4333,0,0
281.4239,1,42.17192,2.901526,214.0924,0.01493059,290.8577,359.9841,9.854155,-332.2326,0,0
281.524,1,41.5553,2.901551,214.3507,0.01492829,290.5984,359.9841,9.154152,-306.8261,0,0
281.6292,1,40.98136,2.90155,214.5835,0.01493053,290.0081,359.9841,8.454149,-264.4992,0,0
281.7372,1,40.45068,2.90155,214.7924,0.01492833,289.4379,359.9841,7.754148,-255.5942,0,0
281.851,1,39.89753,2.90155,215.0027,0.01492876,288.7807,359.9841,6.954149,-240.0326,0,0
281.9561,1,39.46076,2.901551,215.1633,0.01492704,288.2332,359.9841,6.254149,-239.5129,0,0
282.0618,1,39.06831,2.90155,215.3022,0.01492493,287.5959,359.9841,5.55415,-200.0429,0,0
282.1768,1,38.67475,2.90155,215.4364,0.01492899,286.9745,359.9841,4.754151,-196.8608,0,0
282.28,1,38.37875,2.90155,215.533,0.01492803,286.3828,359.9841,4.054152,-166.0641,0,0
282.39,1,38.12847,2.90155,215.6117,0.01491821,285.8558,359.9841,3.354152,-163.3627,0,0
282.4916,1,37.92434,2.901551,215.6741,0.01492451,285.4335,359.9841,2.654153,-140.9659,0,0
282.5984,1,37.76657,2.90155,215.7207,0.01492721,285.0562,359.9841,1.954153,-131.3117,0,0
282.7009,1,37.65553,2.90155,215.7528,0.0149205,284.7953,359.9841,1.254153,-118.8258,0,0
282.8058,1,37.58752,2.90155,215.772,0.01492553,284.6079,359.9841,0.9579858,-95.65783,0.24,0
282.9131,1,37.5156,2.90155,215.792,0.01492512,284.4039,359.9841,1.215395,-92.51755,0.24,0
283.0247,1,37.41236,2.90155,215.8203,0.01492811,284.1217,359.9841,1.546425,-75.39616,0.39,0
283.1306,1,37.29564,2.90155,215.8514,0.01492781,283.7735,359.9841,1.959562,-73.94098,0.39,0
283.2416,1,37.12942,2.90155,215.8946,0.01492948,283.3086,359.9841,2.433954,-68.64968,0.54,0
283.345,1,36.94733,2.90155,215.9401,0.01492718,282.7737,359.9841,2.992305,-68.4067,0.54,0
283.4491,1,36.72771,2.90155,215.9926,0.01492918,282.1193,359.9841,3.557,-68.92614,0.55,0
283.5526,1,36.46989,2.90155,216.0513,0.0149268,281.4043,359.9841,4.126227,-68.99778,0.55,0
283.6641,1,36.12661,2.90155,216.1237,0.01492984,280.4083,359.9841,4.739324,-68.91518,0.55,0
283.7715,1,35.78346,2.90155,216.1895,0.01492593,279.3681,359.9841,5.329994,-68.9004,0.55,0
283.8725,1,35.40056,2.90155,216.2563,0.0149285,278.278,359.9841,5.885459,-68.74249,0.55,0
283.9737,1,34.97697,2.90155,216.3211,0.01492625,277.0595,359.9841,6.442045,-68.70152,0.55,0
284.0777,1,34.51302,2.90155,216.3816,0.01492552,275.728,359.9841,7.014169,-68.70005,0.55,0
284.1794,1,34.01039,2.90155,216.4358,0.01492914,274.355,359.9841,7.551061,-68.70002,0.52,0
284.284,1,33.46767,2.90155,216.4786,0.01492378,272.7358,359.9841,8.095287,-69.72622,0.52,0
284.3899,1,32.88694,2.90155,216.5087,0.01492809,271.0452,359.9841,8.636559,-76.43098,0.5,0
284.4905,1,32.26906,2.90155,216.5238,0.01492953,269.4092,359.9841,9.139595,-76.78891,0.5,0
284.5939,1,31.61419,2.90155,216.5203,0.01492938,267.7385,359.9841,9.656542,-109.7191,0.5,0
284.6986,1,30.92345,2.90155,216.498,0.01492447,266.0905,359.9841,10.18014,-115.5225,0.5,0
284.8069,1,30.19649,2.90155,216.4544,0.01492733,264.4999,359.9841,10.72146,-159.0933,0.5,0
284.918,1,29.43352,2.90155,216.3902,0.01492508,263.0287,359.9841,11.24532,-168.953,0.46,0
285.0287,1,28.63672,2.90155,216.3026,0.01492572,261.6042,359.9841,11.75459,-210.3869,0.46,0
285.138,1,27.80646,2.90155,216.1976,0.01493123,260.6025,359.9841,12.22695,-241.4828,0.42,0
285.2479,1,26.94623,2.90155,216.0733,0.01492717,259.548,359.9841,12.68848,-234.936,0.42,0
285.3569,1,26.05727,2.90155,215.9251,0.01492774,258.2822,359.9841,13.14179,-222.0002,0.41,0
285.4651,1,25.14103,2.901559,215.7514,0.01492757,256.9865,359.9841,13.58515,-213.5226,0.41,0
285.5719,1,24.2012,2.90156,215.5419,0.01492564,255.063,359.9841,14.01433,-161.7521,0.38,0
285.6792,1,23.24104,2.901559,215.2931,0.01492573,253.0621,359.9841,14.42204,-159.0648,0.38,0
285.7874,1,22.26693,2.901559,214.9912,0.01493041,250.0678,359.9841,14.82862,-59.52405,0.35,0
285.898,1,21.28708,2.901559,214.6221,0.01493001,246.6543,359.9841,15.21576,-47.19094,0.35,0
286.0124,1,20.30518,2.901559,214.1861,0.0149259,243.4172,359.9841,15.61617,-82.9205,0.35,0
286.1217,1,19.32453,2.901559,213.685,0.01492376,240.1274,359.9841,15.99055,-86.61054,0.34,0
286.2335,1,18.34845,2.901559,213.1188,0.01492971,237.287,359.9841,16.37076,-147.5656,0.34,0
286.3475,1,17.36955,2.901593,212.5038,0.01493044,235.3196,359.9841,16.75834,-199.3395,0.34,0
286.448,1,16.53002,2.901611,211.9374,0.01492939,233.5352,359.9841,17.09994,-181.6743,0.34,0
286.5617,1,15.52866,2.901611,211.261,0.01492133,233.9413,359.9841,17.46124,-38.89587,0.29,0
286.6781,1,14.50183,2.901611,210.5786,0.01492696,234.3732,359.9841,17.79878,-32.90139,0.29,0
286.7803,1,13.5965,2.901612,209.9964,0.01492882,235.4014,359.9841,18.09529,-88.90603,0.29,0
286.8823,1,12.66505,2.901612,209.4227,0.01492453,236.4881,359.9841,18.39095,-93.94239,0.29,0
286.9838,1,11.70633,2.901611,208.8596,0.01492557,237.7471,359.9841,18.6854,-110.8868,0.29,0
287.0857,1,10.71743,2.901612,208.313,0.01492727,239.2983,359.9841,18.98097,-121.3693,0.29,0
287.186,1,9.698427,2.901611,207.7853,0.01492824,240.9542,359.9841,19.27175,-157.6236,0.29,0
287.2864,1,8.639042,2.901611,207.2983,0.01492626,243.8504,359.9841,19.55808,-223.1186,0.28,0
287.4011,1,7.355178,2.901611,206.7893,0.01493093,247.1134,359.9841,19.87922,-226.5388,0.28,0
287.5102,1,6.016373,2.901611,206.3661,0.0149242,251.6792,359.9841,20.18189,-307.1326,0.27,0
287.6241,1,4.626094,2.901611,206.0502,0.01492945,256.455,359.9841,20.48949,-312.8868,0.27,0
287.725,1,3.398012,2.901614,205.8781,0.01492466,261.1485,359.9841,20.76197,-328.6751,0.27,0
287.8394,1,1.933636,2.90164,205.7986,0.01493069,266.3109,359.9841,21.07064,-330.1702,0.27,0
287.9567,1,0.4464778,2.901642,205.8485,0.01492837,270.9686,359.9841,21.38748,-266.5729,0.27,0
288.0598,1,-1.053339,2.901642,206.0025,0.0149244,274.8475,359.9841,21.64529,-254.3023,0.25,0
288.1733,1,-2.558708,2.901643,206.2532,0.01492474,278.032,359.9841,21.92898,-167.7812,0.25,0
288.282,1,-4.070564,2.901642,206.5651,0.01492504,280.1671,359.9841,22.16874,-138.4509,0.21,0
288.3914,1,-5.586188,2.901667,206.9337,0.01492307,281.8933,359.9841,22.39845,-73.80585,0.21,0
288.4999,1,-7.112044,2.901668,207.324,0.01492675,282.3931,359.9841,22.61995,-33.02802,0.2,0
288.6096,1,-8.649405,2.901668,207.7319,0.01492254,282.8961,359.9841,22.83935,-26.51068,0.2,0
288.7173,1,-10.20087,2.901669,208.1443,0.0149244,282.7054,359.9841,23.05868,10.08572,0.21,0
288.824,1,-11.76868,2.901669,208.5555,0.01492613,282.5129,359.9841,23.28276,16.4157,0.21,0
288.9338,1,-13.35519,2.901668,208.9532,0.01492496,281.6671,359.9841,23.51338,52.51299,0.21,0
289.0367,1,-14.96322,2.901668,209.3296,0.01492841,280.782,359.9841,23.72932,54.25079,0.21,0
289.1445,1,-16.59414,2.901669,209.6727,0.01492387,279.1081,359.9841,23.95264,114.6707,0.19,0
289.2508,1,-18.25072,2.901669,209.9592,0.01492794,277.0466,359.9841,24.15462,123.7435,0.19,0
289.3577,1,-19.93091,2.901669,210.1804,0.01492789,274.327,359.9841,24.3576,180.3255,0.19,0
289.466,1,-21.63064,2.901669,210.3032,0.01492977,270.8064,359.9841,24.40528,203.2063,0.02,0
289.5737,1,-23.33643,2.901669,210.3234,0.01492657,267.3058,359.9841,24.42683,222.9198,0.02,0
289.6884,1,-25.26239,2.901668,210.2069,0.01493341,262.9487,359.9841,23.72949,229.545,0,0
289.7952,1,-26.88517,2.901668,209.9928,0.01492802,259.2346,359.9841,23.02949,220.6871,0,0
289.902,1,-28.44412,2.901669,209.6896,0.014926,255.8399,359.9841,22.32948,212.4073,0,0
290.0121,1,-29.93554,2.901669,209.3093,0.01492784,252.4621,359.9841,21.62948,206.36,0,0
290.1177,1,-31.36439,2.901668,208.8716,0.01492585,250.0572,359.9841,21.2614,159.9644,0.07,0
290.2268,1,-32.76941,2.901668,208.38,0.01492949,247.7921,359.9841,21.33772,146.2538,0.07,0
290.3376,1,-34.16846,2.901668,207.8525,0.01492721,246.9445,359.9841,21.41811,59.71207,0.09,0
290.4479,1,-35.56527,2.901575,207.3016,0.0299188,246.1018,359.9763,21.51742,55.68599,0.09,0
290.5601,1,-36.96112,2.901668,206.7288,0.01492863,245.3669,359.9841,21.61833,45.73286,0.09,0
290.6686,1,-38.35637,2.901658,206.1369,0.01856892,244.7056,359.9658,21.71603,44.62778,0.09,0
290.7755,1,-39.75076,2.901668,205.5258,0.01493084,243.9896,359.9841,21.81218,46.45429,0.09,0
290.8854,1,-41.1436,2.901668,204.8944,0.01492432,243.2761,359.9841,21.91114,46.59673,0.09,0
290.9954,1,-42.53463,2.901668,204.2425,0.0149253,242.5566,359.9841,22.01008,46.68201,0.09,0
291.1064,1,-43.92347,2.901668,203.5699,0.01492603,241.821,359.9841,22.10998,46.69956,0.09,0
291.2189,1,-45.31045,2.901668,202.8773,0.01492526,241.1671,359.9841,22.21129,39.43551,0.09,0
291.3344,1,-46.69622,2.901669,202.1668,0.01492696,240.549,359.9841,22.31518,38.61603,0.09,0
291.4424,1,-48.08457,2.901669,201.4446,0.0149292,240.5222,359.9841,22.41656,-14.34531,0.12,0
291.5536,1,-49.48558,2.901668,200.7281,0.01492427,240.9198,359.9841,22.55,-25.03727,0.12,0
291.6713,1,-50.90161,2.901668,200.0202,0.01492745,241.534,359.9841,22.6912,-40.19113,0.12,0
291.7817,1,-52.33496,2.901668,199.3254,0.01492717,242.2376,359.9841,22.82366,-41.56833,0.12,0
291.8933,1,-53.78065,2.901668,198.6358,0.01492885,242.2443,359.9841,22.95764,17.21688,0.12,0
292.003,1,-55.22872,2.901668,197.9305,0.01492382,241.7706,359.9841,23.08918,29.09098,0.12,0
292.1117,1,-56.67296,2.901668,197.1987,0.01492893,240.4091,359.9841,23.21969,106.2894,0.12,0
292.2217,1,-58.098,2.901668,196.4128,0.01493169,238.3786,359.9841,23.34064,122.7728,0.11,0
292.3347,1,-59.50043,2.901668,195.5708,0.01491657,236.2092,359.9841,23.46499,129.3648,0.11,0
292.4363,1,-60.68109,2.901668,194.8017,0.01492587,234.2572,359.9841,23.57677,130.7511,0.11,0
292.5471,1,-62.03166,2.901669,193.8503,0.01492918,232.0279,359.9841,23.69859,116.8936,0.11,0
292.6621,1,-63.35925,2.901668,192.8515,0.01493357,230.3939,359.9841,23.8251,96.0344,0.11,0
292.7648,1,-64.47931,2.901668,191.9604,0.01492679,229.071,359.9841,23.93807,65.95393,0.11,0
292.8802,1,-65.78315,2.901668,190.9023,0.01492857,228.7037,359.9841,24.07114,22.98316,0.12,0
292.9923,1,-67.08798,2.901669,189.8303,0.01492041,228.4721,359.9841,24.20566,-0.8490868,0.12,0
293.0932,1,-68.21912,2.901669,188.9137,0.01492782,229.0414,359.9841,24.32683,-33.56922,0.12,0
293.2069,1,-69.55655,2.901668,187.8522,0.0149289,229.6464,359.9841,24.46319,-35.17058,0.12,0
293.3109,1,-70.72474,2.901668,186.957,0.01493365,230.8304,359.9841,24.58805,-77.98126,0.12,0
293.4276,1,-72.12134,2.901669,185.9419,0.01493144,232.3874,359.9841,24.72811,-81.63395,0.12,0
293.5298,1,-73.35123,2.901668,185.1037,0.0149247,234.4043,359.9841,24.85067,-137.4292,0.12,0
293.631,1,-74.62269,2.901668,184.3153,0.01492749,236.8676,359.9841,24.97214,-154.9409,0.12,0
293.7501,1,-76.15864,2.901668,183.4668,0.01492564,240.1435,359.9841,25.11502,-186.7402,0.12,0
293.8633,1,-77.75525,2.901668,182.7147,0.01492319,243.9098,359.9841,25.25086,-196.1716,0.12,0
293.9633,1,-79.16721,2.901672,182.1505,0.01493086,247.0445,359.9841,25.37088,-184.5102,0.12,0
294.0822,1,-80.85664,2.901684,181.5814,0.01492186,250.3993,359.9841,25.51363,-175.6055,0.12,0
294.1935,1,-82.58517,2.901684,181.1077,0.01492727,253.5427,359.9841,25.64713,-149.0314,0.12,0
294.308,1,-84.34209,2.901684,180.7104,0.01492553,255.9906,359.9841,25.77794,-131.0774,0.11,0
294.4224,1,-86.12337,2.901684,180.3883,0.01492557,258.4888,359.9841,25.90385,-117.7641,0.11,0
294.535,1,-87.91891,2.901684,180.1068,0.01492341,259.2226,359.9841,26.0277,-43.46911,0.11,0
294.6459,1,-89.72567,2.901958,179.8481,0.02606566,259.9194,359.9854,26.14965,-25.31725,0.11,0
294.7538,1,-91.53939,2.901962,179.5803,0.02606752,259.1935,359.9854,26.25986,35.23905,0.09,0
294.8689,1,-93.35688,2.901962,179.2886,0.02606471,258.4579,359.9854,26.36344,49.17569,0.09,0
294.9689,1,-94.91161,2.901962,178.9941,0.02606805,256.4745,359.9854,26.45713,116.5923,0.1,0
295.0788,1,-96.71825,2.901962,178.5815,0.02606485,254.1939,359.9854,26.56701,129.9837,0.1,0
295.1887,1,-98.50797,2.901962,178.0752,0.02606561,250.8303,359.9854,26.67684,166.299,0.1,0
295.2977,1,-100.2738,2.901962,177.4661,0.02605917,247.6823,359.9854,26.78586,167.8654,0.1,0
295.4102,1,-102.0096,2.901962,176.7553,0.02606243,244.4489,359.9854,26.89844,166.1535,0.1,0
295.5234,1,-103.709,2.901962,175.9434,0.02606337,241.0796,359.9854,27.01158,165.8079,0.1,0
295.6352,1,-105.3771,2.901962,175.0496,0.02606409,239.0702,359.9854,27.12514,93.56129,0.11,0
295.7393,1,-106.7908,2.901983,174.2402,0.02605724,237.5421,359.9854,27.23962,85.82813,0.11,0
295.8531,1,-108.4292,2.902009,173.2584,0.02606345,237.171,359.9854,27.3648,-32.19274,0.11,0
295.9698,1,-110.0974,2.902009,172.3067,0.02606338,238.6552,359.9854,27.4932,-71.25484,0.11,0
296.0724,1,-111.5552,2.902009,171.5259,0.0260636,240.374,359.9854,27.60608,-117.4457,0.11,0
296.1871,1,-113.3052,2.902009,170.6924,0.0260627,243.4229,359.9854,27.72398,-144.6988,0.1,0
296.3,1,-115.1044,2.902009,169.9498,0.0260655,246.6006,359.9854,27.83689,-164.652,0.1,0
296.4033,1,-116.6875,2.902009,169.4021,0.02606733,249.8259,359.9854,27.94016,-178.0645,0.1,0
296.5168,1,-118.5775,2.902009,168.8757,0.02606137,253.6383,359.9854,28.0536,-192.8683,0.1,0
296.6173,1,-120.2373,2.902009,168.5606,0.02606609,258.8649,359.9854,28.14908,-275.6916,0.09,0
296.7338,1,-122.2074,2.902009,168.3865,0.02606098,265.0066,359.9854,28.254,-281.0076,0.09,0
296.834,1,-123.908,2.902009,168.3889,0.02606186,269.2821,359.9854,28.34414,-226.5323,0.09,0
296.9469,1,-125.8925,2.902009,168.5432,0.02606839,274.0099,359.9854,28.44572,-221.2124,0.09,0
297.0565,1,-127.8655,2.902009,168.8531,0.02606764,278.1167,359.9854,28.54439,-191.7213,0.09,0
297.1623,1,-129.8205,2.901911,169.292,0.04097359,281.8179,359.9782,28.63963,-185.2943,0.09,0
297.272,1,-131.7531,2.902009,169.8436,0.02606176,284.5197,359.9854,28.73836,-108.5567,0.09,0
297.3729,1,-133.6734,2.902009,170.4572,0.02606034,286.1154,359.9854,28.84647,-82.02797,0.11,0
297.4788,1,-135.5844,2.902009,171.1239,0.02606714,287.4118,359.9854,28.96299,-51.6971,0.11,0
297.5864,1,-137.4949,2.902195,171.8147,0.007549403,287.884,359.9764,29.0813,-24.57881,0.11,0
297.6923,1,-139.407,2.902009,172.5242,0.02606658,288.382,359.9854,29.19779,-26.18714,0.11,0
297.8016,1,-141.3196,2.902009,173.256,0.02606192,289.0368,359.9854,29.31809,-31.77577,0.11,0
297.9039,1,-143.2315,2.902009,174.0123,0.02606207,289.649,359.9854,29.43056,-34.84801,0.11,0
298.008,1,-145.1387,2.902009,174.803,0.0260673,290.7353,359.9854,29.54509,-53.5991,0.11,0
298.1145,1,-147.0381,2.902009,175.6319,0.02606489,291.8557,359.9854,29.66226,-54.67314,0.11,0
298.2298,1,-149.2015,2.902009,176.6187,0.02606405,292.5866,359.9854,29.7891,-29.43265,0.11,0
298.3304,1,-151.0933,2.901948,177.5048,0.02915231,293.1232,359.9937,29.89978,-27.07783,0.11,0
298.4336,1,-152.9919,2.902009,178.3929,0.02605913,292.551,359.9854,30.02142,38.46401,0.17,0
298.5347,1,-154.9133,2.902009,179.2546,0.026064,291.6429,359.9854,30.19326,47.39766,0.17,0
298.6379,1,-156.8607,2.902009,180.0882,0.02606304,290.6656,359.9854,30.36871,46.79298,0.17,0
298.7461,1,-158.8258,2.902009,180.8916,0.02606099,289.7032,359.9854,30.04768,45.93081,0,0
298.8477,1,-160.7649,2.902009,181.6485,0.02606594,288.8195,359.9854,29.34768,48.06186,0,0
298.9513,1,-162.6725,2.902009,182.3496,0.0260632,287.5763,359.9854,28.64767,62.43637,0,0
299.0534,1,-164.5477,2.902009,182.9956,0.02606325,286.4072,359.9854,27.94767,63.27525,0,0
299.1561,1,-166.39,2.902009,183.5848,0.02605656,285.1056,359.9854,27.24767,72.31905,0,0
299.2577,1,-168.1982,2.902009,184.1184,0.02606626,283.809,359.9854,26.54767,73.94426,0,0
299.3626,1,-169.9711,2.902009,184.5968,0.02606334,282.5034,359.9854,25.84766,73.0992,0,0
299.4696,1,-171.7063,2.902009,185.0249,0.0260628,281.223,359.9854,25.14766,72.61613,0,0
299.5746,1,-173.4024,2.902009,185.4066,0.02606098,280.229,359.9854,24.44766,53.0658,0,0
299.6883,1,-175.288,2.902009,185.805,0.02606209,279.4992,359.9854,23.64766,39.66643,0,0
299.7953,1,-176.8903,2.902014,186.1242,0.02606466,278.904,359.9854,22.94765,24.01139,0,0
299.8978,1,-178.4443,2.90203,186.4407,0.02606368,279.536,359.9854,22.24765,-36.91707,0,0
300.0057,1,-179.9468,2.902031,186.7636,0.02606136,280.1458,359.9854,21.54765,-40.32001,0,0
300.1119,1,-181.395,2.902031,187.1078,0.02606291,281.7104,359.9854,20.84764,-112.8553,0,0
300.2199,1,-182.7849,2.902031,187.4832,0.02606768,283.4463,359.9854,20.14764,-118.559,0,0
300.3291,1,-184.1174,2.902031,187.8803,0.02606525,284.7998,359.9854,19.44764,-95.76319,0,0
300.4391,1,-185.394,2.902031,188.2919,0.02606246,286.0807,359.9854,18.74764,-94.13697,0,0
300.5496,1,-186.6147,2.902031,188.7163,0.02606335,287.3964,359.9854,18.04763,-114.0356,0,0
300.6535,1,-187.7779,2.902031,189.1563,0.02606431,288.9052,359.9854,17.34763,-120.5756,0,0
300.7637,1,-188.8838,2.902031,189.6078,0.02606837,290.3781,359.9854,16.64763,-123.6892,0,0
300.8787,1,-189.9323,2.902031,190.0691,0.02606316,291.8911,359.9854,15.94763,-128.7417,0,0
300.9879,1,-190.9243,2.902031,190.5363,0.02606275,293.3174,359.9854,15.24762,-140.0285,0,0
301.1027,1,-191.9858,2.902031,191.0821,0.02606225,295.4923,359.9854,14.44762,-185.2208,0,0
301.208,1,-192.8513,2.902031,191.5664,0.0260628,297.3205,359.9854,13.74762,-191.8689,0,0
301.3152,1,-193.6565,2.902031,192.0576,0.02606438,299.4981,359.9854,13.04762,-228.4432,0,0
301.4198,1,-194.402,2.902031,192.5509,0.02605884,301.5216,359.9854,12.34761,-230.3492,0,0
301.5227,1,-195.09,2.902031,193.0415,0.0260632,303.491,359.9854,11.64761,-238.1009,0,0
301.6297,1,-195.722,2.902031,193.5251,0.02606497,305.366,359.9854,10.94761,-238.7824,0,0
301.7379,1,-196.3002,2.902031,193.9979,0.02606281,307.118,359.9854,10.2476,-227.7139,0,0
301.8468,1,-196.8275,2.902031,194.4548,0.02606225,308.7331,359.9854,9.547602,-226.2373,0,0
301.9572,1,-197.306,2.90204,194.8925,0.02467813,310.2338,359.9907,8.847599,-225.6866,0,0
302.0668,1,-197.738,2.902031,195.3082,0.026058,311.6182,359.9854,8.147596,-225.5051,0,0
302.1761,1,-198.1256,2.902031,195.6989,0.02606845,312.8796,359.9854,7.447597,-221.816,0,0
302.2854,1,-198.4756,2.902031,196.0665,0.02606594,314.008,359.9854,7.167132,-219.2812,0.03,0
302.3918,1,-198.8157,2.902031,196.438,0.0260631,315.1177,359.9854,7.199052,-213.3921,0.03,0
302.4983,1,-199.1514,2.902031,196.8164,0.02606658,316.0576,359.9854,7.256024,-203.5165,0.08,0
302.5997,1,-199.4836,2.902008,197.2044,0.02934466,317.0306,-0.003955113,7.33712,-201.3076,0.08,0
302.702,1,-199.8129,2.902031,197.6029,0.02606417,318.0304,359.9854,7.428261,-194.1142,0.1,0
302.8071,1,-200.14,2.902031,198.0121,0.0260683,318.9838,359.9854,7.533382,-191.6953,0.1,0
302.9077,1,-200.4648,2.902031,198.4324,0.02606135,319.9217,359.9854,7.640325,-183.6877,0.12,0
303.0095,1,-200.7875,2.902031,198.8646,0.02606536,320.8848,359.9854,7.762355,-183.2141,0.12,0
303.1102,1,-201.1084,2.902031,199.3086,0.0260637,321.8087,359.9854,7.883238,-181.3785,0.12,0
303.2166,1,-201.4269,2.902031,199.7662,0.02606018,322.8205,359.9854,8.032135,-181.2047,0.14,0
303.3252,1,-201.7433,2.902031,200.2374,0.0260605,323.8089,359.9854,8.184279,-169.3466,0.14,0
303.4285,1,-202.0582,2.902031,200.722,0.02606367,324.7102,359.9854,8.328926,-164.7651,0.14,0
303.5326,1,-202.3707,2.902031,201.2205,0.0260597,325.5996,359.9854,8.474589,-144.9519,0.14,0
303.641,1,-202.6841,2.902031,201.7299,0.02606463,326.175,359.9854,8.626316,-102.8393,0.14,0
303.7517,1,-203.0422,2.902031,202.3267,0.02606699,326.8383,359.9854,8.781431,-96.56148,0.14,0
303.8658,1,-203.403,2.902031,202.9364,0.02606607,327.2168,359.9854,8.941066,-60.24706,0.14,0
303.9666,1,-203.7206,2.902031,203.4809,0.0260675,327.5581,359.9854,9.082188,-58.7453,0.14,0
304.0696,1,-204.0413,2.902031,204.0352,0.02606563,327.7469,359.9854,9.226464,-24.89112,0.14,0
304.1808,1,-204.4127,2.902031,204.6795,0.02606448,327.8792,359.9854,9.382111,-20.01482,0.14,0
304.2921,1,-204.7891,2.902031,205.3352,0.02605823,327.9638,359.9854,9.537906,-7.18912,0.14,0
304.4031,1,-205.1718,2.902031,206.0016,0.02606192,327.9668,359.9854,9.693375,-0.5891035,0.14,0
304.5143,1,-205.5612,2.902031,206.6785,0.02606536,327.8926,359.9854,9.848971,21.01056,0.14,0
304.6253,1,-205.9606,2.902031,207.3638,0.02607118,327.5929,359.9854,10.00441,41.92561,0.14,0
304.7364,1,-206.3701,2.902031,208.0574,0.0260624,327.2389,359.9854,10.1599,57.8203,0.14,0
304.8475,1,-206.7938,2.902031,208.756,0.02606714,326.5603,359.9854,10.27667,91.24081,0.07,0
304.9588,1,-207.2296,2.902031,209.4558,0.02606506,325.8781,359.9854,10.35458,92.47547,0.07,0
305.0699,1,-207.6799,2.902031,210.1532,0.02606343,324.8821,359.9854,10.4184,141.1335,0.02,0
305.1809,1,-208.1457,2.902031,210.8443,0.02606252,323.782,359.9854,10.4406,146.3798,0.02,0
305.2926,1,-208.6281,2.902031,211.5257,0.02606946,322.4077,359.9854,10.46149,188.7997,0.01,0
305.4033,1,-209.129,2.902031,212.1953,0.026065,320.9355,359.9854,10.47256,193.2961,0.01,0
305.5145,1,-209.6472,2.902031,212.8527,0.02606238,319.4907,359.9854,10.48369,189.1828,0.01,0
305.6257,1,-210.1821,2.902031,213.4976,0.02606267,318.0616,359.9854,10.49481,187.9325,0.01,0
305.7367,1,-210.7338,2.902031,214.1295,0.02606343,316.596,359.9854,10.50591,197.9223,0.01,0
305.8475,1,-211.3042,2.902031,214.7455,0.02606373,314.9091,359.9854,10.51699,219.9595,0.01,0
305.9494,1,-211.8192,2.902046,215.2704,0.02606509,313.3594,359.9854,10.52718,220.7769,0.01,0
306.0635,1,-212.4291,2.902046,215.8492,0.02606583,311.1212,359.9854,10.53859,295.7701,0.01,0
306.1751,1,-213.0637,2.902046,216.402,0.02606312,308.7278,359.9854,10.54975,303.3317,0.01,0
306.2852,1,-213.7243,2.902046,216.9243,0.02606555,305.8173,359.9854,10.56076,396.2512,0.01,0
306.396,1,-214.3983,2.902046,217.3938,0.02606362,302.492,359.9854,9.862157,424.2585,0,0
306.5078,1,-215.0451,2.902046,217.79,0.02606436,299.228,359.9854,9.062154,447.4473,0,0
306.6186,1,-215.6573,2.902046,218.1182,0.02606418,296.1163,359.9854,8.262151,458.8705,0,0
306.7293,1,-216.2282,2.902046,218.3868,0.02606014,293.2839,359.9854,7.462151,460.3842,0,0
306.8403,1,-216.7524,2.902046,218.6032,0.02606297,290.6883,359.9854,6.662151,463.0013,0,0
306.9524,1,-217.2254,2.902046,218.7754,0.0260642,288.4075,359.9854,5.862152,461.956,0,0
307.058,1,-217.5946,2.902046,218.8947,0.02606297,286.615,359.9854,5.162153,459.5114,0,0
307.1689,1,-217.9635,2.902046,219.0005,0.02606367,284.7949,359.9854,4.362154,459.4022,0,0
307.2805,1,-218.2733,2.902046,219.0803,0.02606163,283.3361,359.9854,3.562154,460.2436,0,0
307.3915,1,-218.5228,2.902046,219.1387,0.02606774,282.1936,359.9854,2.762155,460.2988,0,0
307.5051,1,-218.7109,2.902046,219.1789,0.02606396,281.3026,359.9854,1.962156,460.5726,0,0
307.6104,1,-218.8247,2.902046,219.2014,0.02606712,280.7312,359.9854,1.262156,460.5993,0,0
307.7242,1,-218.8961,2.902046,219.2151,0.02605849,280.4014,359.9854,0.4621554,460.4447,0,0
307.8364,1,-218.924,2.902046,219.2204,0.02605873,280.2714,359.9854,0.4397506,460.4011,0.21,0
307.947,1,-218.9664,2.902046,219.2283,0.0260607,280.0771,359.9854,0.6719084,460.4,0.21,0
308.0595,1,-219.0289,2.902046,219.2396,0.0260602,279.7906,359.9854,0.992964,460.4,0.33,0
308.1718,1,-219.1196,2.902046,219.2554,0.02606134,279.3673,359.9854,1.36348,460.4,0.33,0
308.2776,1,-219.2247,2.902046,219.2725,0.02606117,278.8417,359.9854,1.752035,460.4,0.4,0
308.3903,1,-219.3782,2.902046,219.2964,0.02606374,278.1391,359.9854,2.203109,460.4,0.4,0
308.5023,1,-219.5677,2.902046,219.3232,0.02606349,277.2605,359.9854,2.655452,460.4,0.41,0
308.6136,1,-219.7937,2.902046,219.3513,0.02606062,276.2245,359.9854,3.111783,460.4,0.41,0
308.7263,1,-220.0565,2.902046,219.379,0.02606165,275.0308,359.9854,3.573738,460.4,0.41,0
308.8321,1,-220.3181,2.902046,219.4003,0.02607267,273.7526,359.9854,4.007258,460.4,0.41,0
308.9439,1,-220.6531,2.902046,219.4198,0.02605948,272.2003,359.9854,4.465794,460.4,0.41,0
309.0567,1,-221.0253,2.902046,219.4312,0.02606439,270.5101,359.9854,4.928401,460.4,0.41,0
309.1678,1,-221.4342,2.902046,219.4313,0.02606194,268.6644,359.9854,5.383623,460.3155,0.41,0
309.2816,1,-221.8795,2.902046,219.416,0.02606254,266.6078,359.9854,5.850516,460.3003,0.41,0
309.3875,1,-222.3,2.902046,219.3857,0.02606243,264.5591,359.9854,6.28459,460.2215,0.41,0
309.4999,1,-222.808,2.902046,219.3303,0.02606255,262.1989,359.9854,6.538415,460.2005,0.2,0
309.6061,1,-223.2652,2.902046,219.2625,0.0260644,260.0629,359.9854,6.750809,458.7573,0.2,0
309.707,1,-223.7315,2.902046,219.173,0.02606742,257.7135,359.9854,6.866097,458.221,0.1,0
309.8146,1,-224.2012,2.902046,219.0646,0.02606766,255.4628,359.9854,6.973631,458.2593,0.1,0
309.9174,1,-224.6728,2.902046,218.9336,0.02605885,253.0182,359.9854,7.06916,458.2984,0.09,0
310.027,1,-225.1447,2.902046,218.7807,0.02606207,250.5177,359.9854,7.167753,458.3538,0.09,0
310.1356,1,-225.6155,2.902046,218.6054,0.02606204,247.9914,359.9854,7.239666,458.3985,0.05,0
310.2449,1,-226.0823,2.902046,218.4086,0.02606183,245.5594,359.9854,7.294305,458.4411,0.05,0
310.3484,1,-226.543,2.902046,218.1891,0.02606388,243.0043,359.9854,7.34607,458.4975,0.05,0
310.4581,1,-226.9966,2.902046,217.9471,0.0260598,240.3921,359.9854,7.400911,458.5332,0.05,0
310.568,1,-227.442,2.902046,217.6828,0.02606113,237.7602,359.9854,7.455875,458.5976,0.05,0
310.6835,1,-227.8779,2.902051,217.396,0.02606457,235.1072,359.9854,7.513628,458.2353,0.05,0
310.7948,1,-228.2998,2.902119,217.0881,0.0260651,232.3221,359.9854,7.243893,456.7619,0,0
310.9124,1,-228.6777,2.902133,216.7852,0.02606374,229.8113,359.9854,6.543893,451.3079,0,0
311.0261,1,-229.0059,2.902133,216.4989,0.02606407,227.6033,359.9854,5.843894,429.4442,0,0
311.1265,1,-229.2505,2.902133,216.2708,0.02605853,225.9138,359.9854,5.243895,422.9411,0,0
311.2365,1,-229.4982,2.902133,216.0305,0.02606715,224.5282,359.9854,4.543895,378.0006,0,0
311.341,1,-229.7062,2.90214,215.8196,0.02606125,223.384,359.9854,3.843896,375.8571,0,0
311.4495,1,-229.8784,2.902007,215.642,0.04492536,222.7115,0.01013038,3.143897,251.7831,0,0
311.5648,1,-230.0154,2.902181,215.4979,0.02606318,222.2005,359.9854,2.443897,236.2097,0,0
311.6732,1,-230.1184,2.902182,215.389,0.02606493,221.9038,359.9854,1.743898,167.6077,0,0
311.7838,1,-230.1877,2.902182,215.3156,0.02606118,221.742,359.9854,1.043897,159.4906,0,0
311.8932,1,-230.2233,2.902182,215.2777,0.02606565,221.6656,359.9854,0.3438973,127.7891,0,0
312.0072,1,-230.2286,2.902182,215.272,0.02606015,221.6568,359.9854,0,116.2789,0,0
312.1182,1,-230.2286,2.902182,215.272,0.02606413,221.6571,359.9854,0,78.19627,0,0
312.228,1,-230.231,2.902182,215.2695,0.02606984,221.655,359.9854,0.1437153,62.64727,0.16,0
312.3438,1,-230.2417,2.902182,215.2583,0.0260606,221.6451,359.9854,0.3289346,48.21546,0.16,0
312.4515,1,-230.2618,2.902182,215.2374,0.02606388,221.6487,359.9854,0.5821056,-8.026028,0.33,0
312.5638,1,-230.2978,2.902182,215.1999,0.02605985,221.6562,359.9854,0.9525741,-19.11508,0.33,0
312.6777,1,-230.3523,2.902182,215.1434,0.02606139,221.6853,359.9854,1.353182,-34.68863,0.37,0
312.7921,1,-230.4268,2.902182,215.0663,0.02606245,221.7279,359.9854,1.776399,-46.16769,0.37,0
312.9019,1,-230.5217,2.902181,214.9687,0.02606227,221.8124,359.9854,2.218848,-61.0665,0.44,0
313.0114,1,-230.6396,2.902181,214.8477,0.02606172,221.917,359.9854,2.700595,-64.60232,0.44,0
313.1197,1,-230.7818,2.902182,214.7028,0.02606041,222.0828,359.9854,3.190304,-76.73373,0.48,0
313.2302,1,-230.9498,2.902182,214.5327,0.02606057,222.2712,359.9854,3.720808,-77.28835,0.48,0
313.3398,1,-231.1449,2.902182,214.3366,0.02606549,222.5002,359.9854,4.250823,-82.74718,0.51,0
313.4534,1,-231.3684,2.902182,214.114,0.02606529,222.7681,359.9854,4.83067,-83.38662,0.51,0
313.5674,1,-231.6222,2.902182,213.8641,0.02605655,223.0965,359.9854,5.41161,-88.34944,0.51,0
313.6839,1,-231.9067,2.902182,213.5873,0.02606531,223.4617,359.9854,6.017578,-89.28132,0.52,0
313.7943,1,-232.223,2.902181,213.284,0.02606542,223.896,359.9854,6.59163,-94.97507,0.52,0
313.9049,1,-232.5716,2.902182,212.955,0.02606374,224.3802,359.9854,7.167002,-98.78411,0.52,0
314.0152,1,-232.9527,2.902182,212.6018,0.02606092,224.8992,359.9854,7.740337,-101.8895,0.52,0
314.1212,1,-233.3659,2.902182,212.2263,0.02606689,225.5016,359.9854,8.277313,-107.6468,0.49,0
314.2278,1,-233.8108,2.902182,211.8306,0.02606199,226.1334,359.9854,8.799742,-109.9587,0.49,0
314.3383,1,-234.2891,2.902182,211.4169,0.02606311,226.9419,359.9854,9.33594,-126.7836,0.48,0
314.4455,1,-234.8021,2.902182,210.9862,0.02606008,227.7958,359.9854,9.850492,-130.3132,0.48,0
314.5553,1,-235.3517,2.902182,210.5419,0.02606286,228.8808,359.9854,10.37753,-149.5659,0.48,0
314.6634,1,-235.9386,2.902289,210.0855,0.01047536,229.9991,359.9776,10.89662,-154.0006,0.48,0
314.7647,1,-236.5635,2.902182,209.6215,0.02606315,231.2702,359.9854,11.38285,-178.7762,0.48,0
314.869,1,-237.2286,2.902182,209.153,0.02606101,232.7573,359.9854,11.88345,-180.3566,0.48,0
314.981,1,-237.9368,2.902182,208.6833,0.02605989,234.4347,359.9854,12.42125,-196.7262,0.48,0
315.09,1,-238.6908,2.902181,208.2162,0.02606872,236.231,359.9854,12.94415,-197.7754,0.48,0
315.1969,1,-239.4908,2.902182,207.7547,0.0260614,238.07,359.9854,13.45732,-199.297,0.48,0
315.3064,1,-240.3372,2.902182,207.3028,0.02606265,240.0207,359.9854,13.98291,-199.4951,0.48,0
315.4133,1,-241.2318,2.902182,206.8644,0.02606752,242.0505,359.9854,14.49595,-203.9322,0.48,0
315.5229,1,-242.1728,2.902182,206.4453,0.02606393,244.1872,359.9854,14.89774,-206.134,0.32,0
315.6302,1,-243.1525,2.902182,206.0532,0.02605699,246.4179,359.9854,15.24127,-211.9051,0.32,0
315.7384,1,-244.1665,2.902181,205.6955,0.02606101,248.8903,359.9854,15.15445,-223.6175,0,0
315.8428,1,-245.1624,2.902182,205.39,0.02606455,251.1693,359.9854,14.45444,-224.0879,0,0
315.9483,1,-246.1244,2.902181,205.1439,0.02605895,253.9533,359.9854,13.75444,-287.4676,0,0
316.0588,1,-247.05,2.902182,204.9576,0.0260588,256.8558,359.9854,13.05444,-292.5844,0,0
316.1657,1,-247.9366,2.902182,204.8314,0.0260633,260.1173,359.9854,12.35444,-361.5702,0,0
316.2715,1,-248.7802,2.902182,204.7611,0.02606277,263.3025,359.9854,11.65443,-366.8589,0,0
316.3786,1,-249.5778,2.902182,204.7439,0.02606344,266.8374,359.9854,10.95443,-426.7683,0,0
316.4866,1,-250.3259,2.902182,204.7755,0.02606644,270.35,359.9854,10.25443,-434.4983,0,0
316.5963,1,-251.022,2.902182,204.8452,0.02606452,273.5369,359.9854,9.554425,-417.7705,0,0
316.704,1,-251.6649,2.902182,204.9428,0.02606088,276.384,359.9854,8.854423,-411.2981,0,0
316.8065,1,-252.2543,2.902182,205.0596,0.02606241,278.823,359.9854,8.15442,-404.9337,0,0
316.9129,1,-252.7905,2.901961,205.1895,0.05241773,281.0686,359.9725,7.45442,-393.6829,0,0
317.0192,1,-253.2742,2.902182,205.3266,0.02606636,283.1372,359.9854,6.754421,-393.2113,0,0
317.1283,1,-253.7065,2.902182,205.4628,0.02605889,284.8097,359.9854,6.054421,-347.4293,0,0
317.2298,1,-254.0887,2.902182,205.5936,0.02606462,286.1465,359.9854,5.354422,-344.2006,0,0
317.3342,1,-254.422,2.902182,205.7151,0.02606589,287.2187,359.9854,4.654423,-287.339,0,0
317.4435,1,-254.7075,2.902181,205.8241,0.02606446,288.0883,359.9854,3.954423,-279.2053,0,0
317.5437,1,-254.9459,2.902182,205.9184,0.02606158,288.7549,359.9854,3.254424,-277.7151,0,0
317.6502,1,-255.1589,2.902181,206.006,0.02624202,289.4056,359.9874,3.318301,-277.5059,0.06,0
317.7588,1,-255.375,2.902182,206.0973,0.02605917,290.0351,359.9854,3.383449,-275.0571,0.06,0
317.8678,1,-255.6271,2.902182,206.2073,0.02606531,290.7481,359.9854,3.498094,-274.2239,0.11,0
317.9714,1,-255.854,2.902182,206.3096,0.02606041,291.4066,359.9854,3.612118,-270.0785,0.11,0
318.0754,1,-256.0878,2.902182,206.4183,0.0260653,292.0961,359.9854,3.802588,-269.0344,0.23,0
318.1763,1,-256.3346,2.902182,206.5363,0.02606828,292.776,359.9854,4.034594,-269.0302,0.23,0
318.2796,1,-256.5953,2.902182,206.6656,0.02606453,293.5604,359.9854,4.301193,-269.1906,0.3,0
318.3885,1,-256.8722,2.902182,206.8078,0.02606527,294.415,359.9854,4.627742,-269.1998,0.3,0
318.4992,1,-257.2102,2.902182,206.9868,0.02606254,295.2985,359.9854,4.960026,-250.5806,0.3,0
318.6064,1,-257.5234,2.902181,207.1593,0.02606268,296.1988,359.9854,5.28165,-249.3313,0.3,0
318.7076,1,-257.8532,2.902182,207.3467,0.0260597,297.0169,359.9854,5.585082,-223.7195,0.3,0
318.8089,1,-258.1993,2.902182,207.5495,0.02606273,297.8362,359.9854,5.889075,-212.4464,0.3,0
318.9128,1,-258.5603,2.902182,207.7675,0.02606039,298.6425,359.9854,6.200617,-205.7128,0.3,0
319.0234,1,-258.9914,2.902182,208.0372,0.02605821,299.6236,359.9854,6.532677,-201.1408,0.3,0
319.1376,1,-259.4408,2.902182,208.3279,0.02606619,300.545,359.9854,6.87521,-178.0219,0.3,0
319.2427,1,-259.8477,2.902182,208.5989,0.02605806,301.3038,359.9854,7.061877,-157.8851,0.13,0
319.3553,1,-260.3188,2.902182,208.9209,0.02606079,302.056,359.9854,7.208259,-126.0762,0.13,0
319.4623,1,-260.7348,2.902182,209.2075,0.0260659,302.3421,359.9854,6.983182,-60.54102,0,0
319.5732,1,-261.1707,2.902182,209.5105,0.02606224,302.5936,359.9854,6.183183,-45.46362,0,0
319.6842,1,-261.5537,2.902182,209.7771,0.02606089,302.6667,359.9854,5.383184,-18.61049,0,0
319.7956,1,-261.884,2.902182,210.0075,0.0260657,302.7301,359.9854,4.583185,-17.61962,0,0
319.9065,1,-262.1626,2.902225,210.1998,0.02605862,302.5404,359.9854,3.783185,80.52635,0,0
320.0176,1,-262.3894,2.902258,210.3543,0.02606433,302.3154,359.9854,2.983186,91.15734,0,0
320.1291,1,-262.5641,2.902258,210.4716,0.02606642,302.053,359.9854,2.183187,169.543,0,0
320.2399,1,-262.6864,2.902258,210.5521,0.02606325,301.7952,359.9854,1.383187,192.7884,0,0
320.351,1,-262.7556,2.902258,210.5973,0.02606437,301.6467,359.9854,0.5831867,207.9459,0,0
320.4625,1,-262.7724,2.90228,210.608,0.018435,301.5939,359.9765,0,222.2469,0,0
320.5734,1,-262.7723,2.902258,210.6081,0.02605971,301.6068,359.9854,0,222.6914,0,0
320.6845,1,-262.7723,2.902258,210.6081,0.0260649,301.6073,359.9854,0.008236594,302.0055,0.06,0
320.7961,1,-262.7749,2.902258,210.6097,0.02606266,301.5988,359.9854,0.07517656,307.2874,0.06,0
320.9066,1,-262.7819,2.902258,210.6142,0.02606044,301.5724,359.9854,0.1415258,343.045,0.06,0
321.0214,1,-262.8067,2.902258,210.6299,0.02606673,301.4727,359.9854,0.6693081,349.4635,0.46,0
321.1224,1,-262.858,2.902258,210.662,0.0260673,301.2576,359.9854,1.134137,365.8572,0.46,0
321.234,1,-262.9565,2.902258,210.7229,0.02606706,300.8457,359.9854,1.891976,370.1906,0.71,0
321.3451,1,-263.1092,2.902258,210.8156,0.02606121,300.2041,359.9854,2.680857,379.7263,0.71,0
321.4566,1,-263.324,2.902258,210.9419,0.02606697,299.2916,359.9854,3.725377,384.7577,0.97,0
321.5655,1,-263.6148,2.902258,211.1061,0.0260641,298.0886,359.9854,4.781248,385.1241,0.97,0
321.6769,1,-263.985,2.902258,211.3034,0.02606783,296.5412,359.9854,5.870396,385.1981,0.98,0
321.789,1,-264.439,2.902258,211.5285,0.02606224,294.6734,359.9854,6.968523,385.2,0.98,0
321.9,1,-264.98,2.902258,211.7737,0.02606897,292.4982,359.9854,8.056268,385.2,0.98,0
322.0107,1,-265.6093,2.902258,212.0286,0.02606264,290.0025,359.9854,9.083468,385.2,0.92,0
322.1227,1,-266.3265,2.902258,212.2817,0.02606243,287.21,359.9854,10.11333,386.5032,0.92,0
322.2333,1,-267.1321,2.902258,212.5201,0.02606966,284.109,359.9854,11.02113,387.1804,0.76,0
322.3446,1,-268.0166,2.902224,212.7284,0.03395567,280.6866,359.9888,11.86655,397.0728,0.76,0
322.4564,1,-268.9783,2.902258,212.8906,0.02606015,276.88,359.9854,12.67474,406.6987,0.7,0
322.5671,1,-270.0112,2.902258,212.993,0.02606463,272.8319,359.9854,13.44928,408.8979,0.7,0
322.678,1,-271.1101,2.902258,213.0184,0.02606283,268.2971,359.9854,14.19655,424.0778,0.63,0
322.7896,1,-272.2647,2.902258,212.9522,0.02606557,263.577,359.9854,14.89948,425.444,0.63,0
322.9001,1,-273.4643,2.902258,212.7796,0.02606534,258.5282,359.9854,15.57115,430.4605,0.57,0
323.0117,1,-274.6937,2.902258,212.4881,0.0260682,253.2248,359.9854,16.20671,430.6952,0.57,0
323.1193,1,-275.782,2.902258,212.1172,0.02606176,247.9738,359.9854,16.81415,430.5142,0.53,0
323.2324,1,-277.0241,2.902258,211.5605,0.02606246,242.2027,359.9854,17.41386,430.5003,0.53,0
323.3394,1,-278.0911,2.902258,210.9454,0.02605837,236.5363,359.9854,17.98067,430.4324,0.53,0
323.4511,1,-279.2703,2.902258,210.0972,0.02606456,230.4268,359.9854,18.4967,430.4008,0.42,0
323.5632,1,-280.3802,2.902258,209.1019,0.02606595,224.1624,359.9854,18.96731,430.71,0.42,0
323.6759,1,-281.3973,2.902258,207.9626,0.02606785,217.6913,359.9854,19.342,431.3763,0.19,0
323.7824,1,-282.1804,2.902258,206.857,0.0260613,211.4914,359.9854,19.54442,431.3994,0.19,0
323.8841,1,-282.8491,2.902258,205.6628,0.02606383,205.4252,359.9854,19.73765,440.5529,0.19,0
323.9908,1,-283.3866,2.902258,204.3927,0.02605916,198.9125,359.9854,19.84438,442.9288,0.1,0
324.0933,1,-283.7796,2.902258,203.0626,0.02606829,192.5849,359.9854,19.94685,441.23,0.1,0
324.2018,1,-284.0202,2.902292,201.6899,0.02606027,185.9348,359.9854,20.04601,440.4247,0.09,0
324.3094,1,-284.1048,2.902339,200.292,0.02606114,179.4452,359.9854,20.14283,428.7744,0.09,0
324.4218,1,-284.0299,2.902351,198.8867,0.02606748,172.8718,359.9854,20.24399,420.731,0.09,0
324.5327,1,-283.7916,2.902383,197.4924,0.02606327,166.3109,359.9854,20.34377,409.3642,0.09,0
324.6444,1,-283.4197,2.902458,196.1193,0.02606364,161.1989,359.9854,20.44432,337.6091,0.09,0
324.7476,1,-282.9977,2.902537,194.9682,0.02606006,156.6295,359.9854,20.56818,334.4863,0.12,0
324.8604,1,-282.3937,2.902576,193.6611,0.02606327,151.9728,359.9854,20.70349,244.9662,0.12,0
324.9747,1,-281.7117,2.902576,192.3781,0.0260627,149.0152,359.9854,20.93962,191.3043,0.24,0
325.0796,1,-281.0667,2.902576,191.2948,0.02606605,146.5135,359.9854,21.19153,156.9277,0.24,0
325.1987,1,-280.2702,2.902576,190.045,0.02606652,144.8596,359.9854,20.91092,105.0762,0,0
325.3105,1,-279.4647,2.902597,188.8492,0.02606174,143.7434,359.9854,20.21092,39.77179,0,0
325.4112,1,-278.7936,2.902597,187.8572,0.02606552,143.7845,359.9854,19.61092,-1.422276,0,0
325.5137,1,-278.144,2.902597,186.894,0.02606186,143.9484,359.9854,19.01092,-23.03651,0,0
325.615,1,-277.5238,2.902597,185.954,0.02605868,144.5774,359.9854,18.41092,-51.31355,0,0
325.7202,1,-276.9336,2.902599,185.0374,0.02605912,145.2108,359.9854,17.81091,-52.6661,0,0
325.8223,1,-276.3776,2.902599,184.1413,0.02605893,146.2793,359.9854,17.21091,-94.78448,0,0
325.9283,1,-275.8582,2.902599,183.2652,0.02606189,147.3906,359.9854,16.61091,-98.59724,0,0
326.0446,1,-275.2966,2.902599,182.2699,0.02606043,148.7635,359.9854,15.91091,-132.3388,0,0
326.1497,1,-274.8634,2.902599,181.4342,0.026063,150.7393,359.9854,15.3109,-185.8544,0,0
326.266,1,-274.4136,2.902599,180.4826,0.02606477,152.9442,359.9854,14.6109,-203.9944,0,0
326.3713,1,-274.0851,2.902599,179.6821,0.0260614,155.8529,359.9854,14.2548,-292.5562,0.12,0
326.4862,1,-273.7555,2.902599,178.733,0.02606348,159.219,359.9854,14.39267,-297.3134,0.12,0
326.5916,1,-273.5201,2.902599,177.8961,0.02605961,162.5466,359.9854,14.51906,-340.4233,0.12,0
326.708,1,-273.3082,2.902621,176.8946,0.02606531,166.5852,359.9854,14.65884,-343.9362,0.12,0
326.8134,1,-273.1861,2.902621,176.0173,0.02606278,170.4316,359.9854,14.78535,-382.8475,0.12,0
326.9282,1,-273.1219,2.902621,174.9778,0.02606617,175.0954,359.9854,14.87712,-388.5811,0.08,0
327.0471,1,-273.1361,2.902621,173.9302,0.02606109,179.3241,359.9854,14.97225,-354.4352,0.08,0
327.1609,1,-273.2269,2.902621,172.881,0.02606265,183.4926,359.9854,15.02919,-351.362,0.05,0
327.2798,1,-273.3925,2.902621,171.8369,0.02606159,187.5888,359.9854,15.08064,-346.7201,0.01,0
327.3904,1,-273.6325,2.902621,170.8052,0.02606497,191.6739,359.9854,15.09169,-346.3094,0.01,0
327.5034,1,-273.943,2.902621,169.7917,0.02606189,195.5737,359.9854,15.10299,-340.9955,0.01,0
327.6219,1,-274.3222,2.902621,168.8012,0.02606976,199.5122,359.9854,15.11484,-336.7993,0.01,0
327.7344,1,-274.7692,2.902621,167.8383,0.02606273,203.4724,359.9854,15.12609,-327.0768,0.01,0
327.851,1,-275.2772,2.902621,166.9056,0.02606475,207.1121,359.9854,15.13776,-312.2283,0.01,0
327.9513,1,-275.7603,2.902621,166.1331,0.02606219,210.2884,359.9854,15.14778,-302.7203,0.01,0
328.0667,1,-276.3651,2.902621,165.2626,0.02606262,213.1712,359.9854,14.85439,-250.806,0,0
328.177,1,-276.9872,2.902645,164.4532,0.02606099,215.8179,359.9854,14.15439,-237.6075,0,0
328.287,1,-277.6024,2.902675,163.7018,0.02606237,217.372,359.9854,13.45439,-162.2995,0,0
328.3907,1,-278.2046,2.902705,163.0038,0.02605994,218.7904,359.9854,12.75438,-158.7955,0,0
328.4951,1,-278.7888,2.902745,162.3555,0.02606071,219.9207,359.9854,12.05438,-117.7037,0,0
328.604,1,-279.3489,2.902745,161.7518,0.0260627,220.7813,359.9854,11.35438,-105.6403,0,0
328.7125,1,-279.8835,2.902745,161.1915,0.02606674,221.5409,359.9854,10.65438,-102.0759,0,0
328.8266,1,-280.4611,2.902745,160.6024,0.02606487,222.3355,359.9854,9.854372,-99.9566,0,0
328.9303,1,-280.9358,2.902745,160.1305,0.02606783,222.9786,359.9854,9.154369,-99.90138,0,0
329.0351,1,-281.3804,2.902745,159.698,0.02605929,223.6042,359.9854,8.454367,-105.0623,0,0
329.1418,1,-281.7938,2.90247,159.3038,0.04659019,224.1599,359.9373,7.754365,-105.4889,0,0
329.2438,1,-282.1758,2.902745,158.9476,0.02606468,224.7215,359.9854,7.202652,-107.7129,0.34,0
329.3519,1,-282.5562,2.902745,158.5995,0.02606418,225.2798,359.9854,7.570165,-107.9928,0.34,0
329.4605,1,-282.9588,2.902745,158.2377,0.02606098,225.8098,359.9854,7.958646,-95.86186,0.48,0
329.5693,1,-283.3881,2.902748,157.8586,0.02606267,226.3501,359.9854,8.480914,-94.43573,0.48,0
329.6776,1,-283.8475,2.902801,157.4594,0.02606327,226.8002,359.9854,9.000431,-72.13431,0.48,0
329.779,1,-284.3376,2.902862,157.0395,0.02606598,227.2263,359.9854,9.522667,-67.84918,0.52,0
329.8831,1,-284.8596,2.902873,156.5976,0.02606092,227.5574,359.9854,10.06389,-38.73477,0.52,0
329.991,1,-285.4111,2.902873,156.1326,0.02606488,227.7245,359.9854,10.63428,-23.68255,0.53,0
330.1049,1,-286.0782,2.902873,155.5719,0.02606485,227.773,359.9854,11.23785,6.458532,0.53,0
330.2106,1,-286.6916,2.902874,155.0529,0.02606285,227.61,359.9854,11.79796,20.03806,0.53,0
330.3257,1,-287.4263,2.902874,154.4277,0.02606639,227.4292,359.9854,12.40773,20.49259,0.53,0
330.4296,1,-288.0969,2.902874,153.8495,0.02606226,227.0373,359.9854,12.94478,47.72519,0.48,0
330.5418,1,-288.8898,2.902874,153.1552,0.02606431,226.5618,359.9854,13.48347,50.05037,0.48,0
330.6547,1,-289.7045,2.902874,152.4208,0.02605996,225.6208,359.9854,14.0149,97.46796,0.41,0
330.7651,1,-290.5347,2.902874,151.6451,0.02606154,224.5985,359.9854,14.46781,100.4345,0.41,0
330.8758,1,-291.373,2.902873,150.8259,0.02606349,223.1134,359.9854,14.9215,154.6089,0.41,0
330.9877,1,-292.2076,2.902873,149.9576,0.02606957,221.321,359.9854,15.26832,164.2721,0.31,0
331.1017,1,-293.03,2.902873,149.0403,0.02605878,219.1721,359.9854,15.62192,198.9113,0.31,0
331.2058,1,-293.7277,2.902873,148.1938,0.02606236,216.9405,359.9854,15.75697,208.4809,0.1,0
331.3175,1,-294.4909,2.902873,147.1882,0.02606182,214.4116,359.9854,15.86868,232.3912,0.1,0
331.4214,1,-295.1137,2.902873,146.2678,0.02606453,211.2595,359.9854,15.95094,284.374,0.03,0
331.5322,1,-295.6842,2.902874,145.31,0.02606262,207.896,359.9854,15.98416,286.8489,0.03,0
331.6367,1,-296.1254,2.902874,144.4603,0.0260581,204.7358,359.9854,16.0155,310.459,0.03,0
331.7529,1,-296.566,2.902873,143.449,0.02606655,200.6045,359.9854,15.42045,324.5567,0,0
331.8542,1,-296.8736,2.902873,142.5952,0.02606408,197.1736,359.9854,14.82045,341.3051,0,0
331.9594,1,-297.115,2.902873,141.7578,0.02606602,193.5213,359.9854,14.22045,351.623,0,0
332.0618,1,-297.297,2.902873,140.9422,0.0260662,190.1195,359.9854,13.62045,351.9902,0,0
332.1647,1,-297.424,2.902873,140.1527,0.02606325,186.7468,359.9854,13.02044,362.0865,0,0
332.268,1,-297.5009,2.902873,139.3928,0.02605745,183.4855,359.9854,12.42044,362.9737,0,0
332.3733,1,-297.5335,2.902874,138.6656,0.02606578,180.3416,359.9854,11.82044,362.9995,0,0
332.4806,1,-297.5263,2.902873,137.9737,0.02606366,177.2857,359.9854,11.22044,365.4129,0,0
332.5874,1,-297.485,2.902873,137.3189,0.02606183,174.3747,359.9854,10.62043,365.5953,0,0
332.6942,1,-297.4152,2.902873,136.7027,0.02606761,171.609,359.9854,10.02043,367.4188,0,0
332.8022,1,-297.3215,2.902874,136.1248,0.02606217,168.943,359.9854,9.6349,369.9049,0.04,0
332.9107,1,-297.2027,2.902873,135.5599,0.02606018,166.3053,359.9854,9.678317,369.998,0.04,0
333.0183,1,-297.0576,2.902873,134.9985,0.02606559,163.6949,359.9854,9.721343,370.1246,0.04,0
333.1262,1,-296.886,2.902874,134.4416,0.02605635,161.0422,359.9854,9.791778,370.2935,0.09,0
333.2348,1,-296.6866,2.902873,133.8884,0.02606421,158.3386,359.9854,9.889525,370.2999,0.09,0
333.341,1,-296.4595,2.902873,133.3397,0.0260641,155.6692,359.9854,9.985096,371.3388,0.09,0
333.4441,1,-296.2054,2.902873,132.7961,0.02606077,153.0635,359.9854,10.10353,371.4951,0.12,0
333.5452,1,-295.9236,2.902873,132.2581,0.02605794,150.454,359.9854,10.22483,371.4999,0.12,0
333.6469,1,-295.6138,2.902873,131.7273,0.02606076,147.8009,359.9854,10.34692,371.5,0.12,0
333.7519,1,-295.2751,2.902873,131.2057,0.02606271,145.053,359.9854,10.47285,371.5,0.12,0
333.8575,1,-294.907,2.902873,130.695,0.02606729,142.262,359.9854,10.5996,371.5,0.12,0
333.963,1,-294.5097,2.902873,130.1974,0.02606239,139.424,359.9854,10.69413,371.5,0.06,0
334.0695,1,-294.085,2.902874,129.7172,0.02606526,136.5226,359.9854,10.75803,371.5,0.06,0
334.1783,1,-293.6345,2.902874,129.2554,0.02606351,133.7194,359.9854,10.81789,352.871,0.03,0
334.2859,1,-293.1604,2.90289,128.8139,0.02606157,130.9594,359.9854,10.85015,351.5333,0.03,0
334.395,1,-292.6639,2.902997,128.3948,0.02606554,128.1576,359.9854,10.88287,345.2892,0.03,0
334.5063,1,-292.1475,2.903042,127.9969,0.02606204,125.5916,359.9854,10.91626,317.773,0.03,0
334.6209,1,-291.6117,2.903047,127.6222,0.02606519,122.9507,359.9854,10.95066,316.6207,0.03,0
334.7365,1,-291.0598,2.903064,127.267,0.0260627,120.8003,359.9854,10.87961,233.1884,0,0
334.8513,1,-290.5145,2.903064,126.9387,0.0260658,119.0166,359.9854,10.27961,224.1791,0,0
334.9666,1,-289.9918,2.903064,126.6428,0.02606191,117.5581,359.9854,9.679608,180.9905,0,0
335.0852,1,-289.4942,2.903064,126.3755,0.02606426,116.2847,359.9854,9.079606,176.1835,0,0
335.204,1,-289.0225,2.903064,126.1364,0.02606125,114.9853,359.9854,8.479604,191.3095,0,0
335.3217,1,-288.578,2.903064,125.9234,0.02606223,113.7583,359.9854,7.879602,192.0871,0,0
335.4401,1,-288.1624,2.903064,125.7332,0.02606432,112.7677,359.9854,7.383603,168.1596,0.02,0
335.5582,1,-287.7568,2.903064,125.5556,0.02606364,111.82,359.9854,7.407228,166.9203,0.02,0
335.6781,1,-287.3475,2.903064,125.3824,0.02606696,111.0728,359.9854,7.44115,124.3304,0.07,0
335.7972,1,-286.9329,2.903064,125.2126,0.02606238,110.3697,359.9854,7.524512,122.2329,0.07,0
335.9162,1,-286.5117,2.903064,125.0458,0.02605928,109.696,359.9854,7.607825,108.9346,0.07,0
336.0343,1,-286.0833,2.903064,124.8809,0.02606434,109.0948,359.9854,7.739495,102.9305,0.12,0
336.1536,1,-285.6453,2.903064,124.7175,0.02606395,108.5039,359.9854,7.882628,94.11211,0.12,0
336.2724,1,-285.1957,2.903064,124.5543,0.02606677,107.9523,359.9854,8.13402,90.28065,0.23,0
336.3917,1,-284.7293,2.903064,124.3902,0.02606651,107.3826,359.9854,8.408476,89.23626,0.23,0
336.5112,1,-284.245,2.903064,124.2253,0.02606537,106.7974,359.9854,8.713152,88.80878,0.26,0
336.6249,1,-283.742,2.903064,124.0586,0.02606244,106.3158,359.9854,9.008925,64.3499,0.26,0
336.736,1,-283.2216,2.903064,123.8894,0.02606118,105.9349,359.9854,9.286493,58.44952,0.25,0
336.8501,1,-282.6846,2.903064,123.7167,0.02606459,105.774,359.9854,9.571733,2.8302,0.25,0
336.9662,1,-282.1337,2.90304,123.5377,0.03343214,105.85,-0.000340484,9.74581,-9.933048,0.13,0
337.0831,1,-281.5741,2.903087,123.3551,0.02606449,105.9228,359.9854,9.897776,-10.1962,0.13,0
337.2018,1,-281.0079,2.903087,123.1619,0.02606253,106.6793,359.9854,10.04016,-111.4189,0.07,0
337.3184,1,-280.4384,2.903087,122.9571,0.02606426,107.5653,359.9854,10.12181,-116.6104,0.07,0
337.4337,1,-279.8696,2.903087,122.7353,0.02605907,109.0858,359.9854,10.20072,-205.8632,0.06,0
337.5477,1,-279.3032,2.903087,122.4955,0.02606696,110.6834,359.9854,10.26912,-211.0013,0.06,0
337.6651,1,-278.742,2.903087,122.2325,0.02606117,112.8988,359.9854,10.33958,-301.2145,0.06,0
337.7813,1,-278.1897,2.903087,121.9419,0.02606094,115.4189,359.9854,10.39957,-310.7203,0.05,0
337.8988,1,-277.6483,2.903087,121.6242,0.02606246,118.143,359.9854,10.45832,-349.4308,0.05,0
338.0166,1,-277.1211,2.903087,121.2747,0.02606353,121.2132,359.9854,10.56617,-367.0145,0.1,0
338.1328,1,-276.6087,2.903087,120.8917,0.02606549,124.4952,359.9854,10.68231,-396.249,0.1,0
338.2506,1,-276.1148,2.903087,120.4734,0.02606374,127.9587,359.9854,10.81968,-402.6741,0.12,0
338.3685,1,-275.6417,2.903087,120.0191,0.02606085,131.557,359.9854,10.96124,-405.2533,0.12,0
338.4858,1,-275.1921,2.903087,119.53,0.02606014,135.1558,359.9854,11.10199,-406.3749,0.12,0
338.6036,1,-274.7694,2.903087,119.0066,0.02606282,138.8457,359.9854,11.24334,-406.3997,0.12,0
338.7231,1,-274.3771,2.903088,118.4493,0.02606488,142.6735,359.9854,11.38465,-415.562,0.11,0
338.8424,1,-274.0197,2.903087,117.8595,0.02606498,146.6034,359.9854,11.51591,-416.4846,0.11,0
338.9585,1,-273.7021,2.903087,117.2382,0.02606655,150.7984,359.9854,11.64363,-447.5297,0.11,0
339.0736,1,-273.4285,2.903087,116.5879,0.02606655,155.0613,359.9854,11.77026,-449.268,0.11,0
339.1923,1,-273.2026,2.903087,115.9114,0.02606446,159.4663,359.9854,11.90087,-455.1842,0.11,0
339.3103,1,-273.0291,2.903087,115.2113,0.02605851,164.009,359.9854,12.0306,-455.7893,0.11,0
339.4244,1,-272.9088,2.903087,114.4925,0.02606334,168.4345,359.9854,12.15619,-456.8453,0.11,0
339.5378,1,-272.8432,2.903087,113.7593,0.02606109,172.8725,359.9854,12.27134,-457.3858,0.1,0
339.6547,1,-272.8362,2.903087,113.0162,0.02606156,177.4821,359.9854,12.38827,-457.4925,0.1,0
339.7715,1,-272.89,2.903087,112.2679,0.02606675,182.1495,359.9854,12.50507,-457.5972,0.1,0
339.8862,1,-273.0049,2.903087,111.5196,0.0260612,186.781,359.9854,12.61976,-457.5999,0.1,0
340.0016,1,-273.1802,2.903087,110.776,0.02606047,191.2777,359.9854,12.7352,-425.3048,0.1,0
340.1156,1,-273.4105,2.903087,110.0409,0.02606699,195.4668,359.9854,12.83968,-417.9656,0.09,0
340.2213,1,-273.6937,2.903089,109.3183,0.02606121,199.454,359.9854,12.93487,-417.8036,0.09,0
340.3322,1,-274.021,2.90309,108.6088,0.02606173,202.6746,359.9854,13.0346,-305.9066,0.09,0
340.4425,1,-274.3824,2.90309,107.9121,0.02606164,205.448,359.9854,13.05668,-291.2509,0.02,0
340.5516,1,-274.7752,2.90309,107.2313,0.02605982,207.8738,359.9854,13.07849,-221.7,0.02,0
340.662,1,-275.1862,2.90309,106.5642,0.02606577,209.6142,359.9854,12.78962,-184.8828,0,0
340.7709,1,-275.5997,2.90309,105.9342,0.02606394,211.2045,359.9854,12.18962,-183.8217,0,0
340.8909,1,-276.0697,2.90309,105.2463,0.02606269,212.2335,359.9854,11.48962,-100.7422,0,0
340.9955,1,-276.4583,2.90309,104.6944,0.02606064,212.9878,359.9854,10.88961,-96.70779,0,0
341.1031,1,-276.8295,2.90309,104.1748,0.02606022,213.2839,359.9854,10.28961,-7.871939,0,0
341.2091,1,-277.1775,2.90309,103.6832,0.02605695,213.1657,359.9854,9.689609,16.54388,0,0
341.3142,1,-277.5037,2.903226,103.2201,0.008911162,213.0328,0.00154601,9.089606,17.2829,0,0
341.4222,1,-277.8068,2.90309,102.7854,0.0260614,212.716,359.9854,8.489604,90.71194,0,0
341.5284,1,-278.0822,2.90309,102.3756,0.02606132,211.9614,359.9854,7.889603,130.9164,0,0
341.6437,1,-278.3727,2.90309,101.9314,0.02606483,211.2054,359.9854,7.189603,147.0685,0,0
341.7509,1,-278.6266,2.90309,101.5224,0.02605928,210.0319,359.9854,6.489604,231.3521,0,0
341.8591,1,-278.8476,2.90309,101.1507,0.02606896,208.9918,359.9854,5.789605,235.6015,0,0
341.9644,1,-279.037,2.90309,100.8172,0.02605853,207.9446,359.9854,5.089605,289.9217,0,0
342.0797,1,-279.2033,2.90309,100.5076,0.02606412,206.7895,359.9854,5.067777,302.7232,0.08,0
342.1889,1,-279.3659,2.90309,100.1902,0.02606176,205.6591,359.9854,5.155149,303.2467,0.08,0
342.304,1,-279.5248,2.903089,99.86401,0.02606358,204.4914,359.9854,5.262882,303.6864,0.11,0
342.4135,1,-279.6801,2.90309,99.52706,0.02606641,203.2472,359.9854,5.383367,303.6997,0.11,0
342.5237,1,-279.8312,2.90309,99.17897,0.02606231,201.9718,359.9854,5.504542,321.267,0.11,0
342.6381,1,-279.9787,2.90309,98.81554,0.02606232,200.5957,359.9854,5.76766,322.4767,0.23,0
342.7405,1,-280.1025,2.90309,98.48697,0.02606344,199.2663,359.9854,6.003335,322.4995,0.23,0
342.8501,1,-280.2446,2.90309,98.0844,0.02606087,197.8536,359.9854,6.255332,320.8763,0.23,0
342.966,1,-280.3815,2.90309,97.66051,0.02606557,196.3171,359.9854,6.569773,320.2153,0.29,0
343.0753,1,-280.5129,2.90309,97.21156,0.0260611,194.6603,359.9854,6.886823,319.6844,0.29,0
343.1883,1,-280.6375,2.90309,96.73692,0.02606451,193.0005,359.9854,7.218959,318.9247,0.3,0
343.2903,1,-280.7367,2.90309,96.30878,0.02606258,191.4529,359.9854,7.524931,318.9007,0.3,0
343.4065,1,-280.8421,2.90309,95.78351,0.02605959,189.5865,359.9854,7.872084,299.7574,0.29,0
343.5099,1,-280.9228,2.90309,95.31183,0.02606173,188.0039,359.9854,8.171796,298.0507,0.29,0
343.6247,1,-281.0026,2.90309,94.73698,0.02606063,186.0447,359.9854,8.504852,302.508,0.29,0
343.7251,1,-281.0569,2.903089,94.22353,0.02606458,184.2777,359.9854,8.796032,305.2799,0.29,0
343.8283,1,-281.0956,2.90309,93.69101,0.0260627,182.3646,359.9854,9.095295,305.3969,0.29,0
343.9457,1,-281.1212,2.90309,93.04633,0.02606844,180.2817,359.9854,9.435701,298.0206,0.29,0
344.0565,1,-281.1229,2.90309,92.37809,0.02606688,178.1052,359.9854,9.757079,296.7315,0.29,0
344.1615,1,-281.1029,2.90309,91.78703,0.02605734,176.1375,359.9854,10.06137,277.5081,0.29,0
344.2781,1,-281.0618,2.90309,91.07523,0.02606659,174.5729,359.9854,10.38591,199.4125,0.25,0
344.3911,1,-280.9999,2.903026,90.34359,0.03262892,172.9832,-0.004320849,10.66824,196.7501,0.25,0
344.5086,1,-280.9229,2.90309,89.5926,0.02606637,172.1007,359.9854,10.96201,76.2829,0.25,0
344.6108,1,-280.8512,2.90309,88.933,0.02606397,171.6808,359.9854,11.19293,56.16886,0.22,0
344.7137,1,-280.7735,2.90309,88.26045,0.0260635,171.2785,359.9854,11.41926,55.51612,0.22,0
344.8168,1,-280.6881,2.90309,87.57537,0.02606698,170.7494,359.9854,11.64614,71.92575,0.22,0
344.9177,1,-280.5938,2.90309,86.87756,0.02606278,170.1784,359.9854,11.8781,73.35361,0.23,0
345.0186,1,-280.4911,2.90309,86.16679,0.02606083,169.6573,359.9854,12.11035,58.40099,0.23,0
345.1219,1,-280.3831,2.90309,85.44247,0.02606415,169.3757,359.9854,12.35502,36.41209,0.25,0
345.2346,1,-280.2497,2.90309,84.57954,0.02606912,169.0503,359.9854,12.63688,35.41877,0.25,0
345.3374,1,-280.1291,2.903086,83.82487,0.03007402,168.777,359.9799,12.89377,27.96625,0.25,0
345.4511,1,-279.983,2.903121,82.9259,0.02630456,168.6215,359.9854,13.17799,18.4924,0.25,0
345.5518,1,-279.8527,2.90309,82.13969,0.02605766,168.4508,359.9854,13.42972,18.20815,0.25,0
345.6537,1,-279.7219,2.90309,81.33777,0.02606466,168.6966,359.9854,13.68458,-39.74542,0.25,0
345.756,1,-279.5957,2.90309,80.51934,0.02606799,169.1415,359.9854,13.94868,-50.44004,0.26,0
345.8613,1,-279.474,2.90309,79.68414,0.02606326,169.6148,359.9854,14.22263,-50.79205,0.26,0
345.9641,1,-279.3647,2.90309,78.83028,0.02606136,170.7438,359.9854,14.48986,-124.0459,0.26,0
346.067,1,-279.2735,2.90309,77.95802,0.02606285,172.0544,359.9854,14.74695,-130.5046,0.25,0
346.1706,1,-279.2011,2.90309,77.06854,0.02606454,173.4523,359.9854,15.00594,-153.8487,0.25,0
346.2728,1,-279.1541,2.903101,76.16178,0.02092136,175.0914,359.9749,15.26162,-167.6445,0.25,0
346.3869,1,-279.1321,2.90309,75.0838,0.02606354,177.0518,359.9854,15.54672,-163.813,0.25,0
346.4897,1,-279.1393,2.90309,74.14345,0.02606545,178.5166,359.9854,15.80378,-141.701,0.25,0
346.5921,1,-279.1715,2.90309,73.18806,0.02606609,180.0418,359.9854,16.05992,-140.4366,0.25,0
346.6935,1,-279.2284,2.90309,72.21857,0.02606161,181.4461,359.9854,16.31343,-132.1264,0.25,0
346.7986,1,-279.3101,2.90309,71.23559,0.02606705,182.843,359.9854,16.57594,-129.4868,0.25,0
346.912,1,-279.4377,2.90309,70.07261,0.02606334,184.4769,359.9854,16.85959,-129.4015,0.25,0
347.025,1,-279.6008,2.90309,68.89375,0.02606724,186.0909,359.9854,17.14209,-129.4,0.25,0
347.1378,1,-279.7907,2.90309,67.69946,0.02606589,187.0842,359.9854,17.42242,-74.23344,0.24,0
347.2395,1,-279.9708,2.903089,66.66299,0.02606457,187.864,359.9854,17.66648,-70.80459,0.24,0
347.3451,1,-280.2017,2.90309,65.44013,0.02606221,188.8107,359.9854,17.91997,-75.99903,0.24,0
347.4544,1,-280.4572,2.903089,64.20329,0.02606506,189.8027,359.9854,18.1824,-77.8473,0.24,0
347.5648,1,-280.7363,2.90309,62.95267,0.02606247,190.551,359.9854,18.44721,-38.79029,0.24,0
347.6757,1,-281.0222,2.90309,61.68524,0.02606346,190.5867,359.9854,18.69103,-3.81293,0.19,0
347.7928,1,-281.3124,2.903089,60.4027,0.02605912,190.6236,359.9854,18.9135,-2.716907,0.19,0
347.8989,1,-281.6071,2.90309,59.10576,0.0260597,190.6787,359.9854,19.11518,-4.203364,0.19,0
348.0065,1,-281.906,2.903144,57.79553,0.02422005,190.7211,359.9933,19.3089,-4.394935,0.18,0
348.1143,1,-282.2091,2.90309,56.47229,0.02605972,190.7459,359.9854,19.50283,4.158064,0.18,0
348.222,1,-282.5093,2.90309,55.13462,0.02606071,190.4361,359.9854,19.69355,22.71217,0.17,0
348.3311,1,-282.8046,2.90309,53.7824,0.0260647,190.0888,359.9854,19.87902,23.48324,0.17,0
348.4376,1,-283.0896,2.90309,52.41546,0.0260625,189.3321,359.9854,20.06009,69.96706,0.17,0
348.5418,1,-283.3131,2.90309,51.22931,0.02606064,188.2885,359.9854,20.23061,79.69114,0.16,0
348.6482,1,-283.5488,2.90309,49.82914,0.02606097,186.9724,359.9854,20.40074,100.7659,0.16,0
348.7578,1,-283.7428,2.90309,48.4108,0.02606502,185.0404,359.9854,20.57617,131.4729,0.16,0
348.867,1,-283.8894,2.90309,46.97425,0.02606107,183.1099,359.9854,20.75078,132.5766,0.16,0
348.9793,1,-283.9856,2.90309,45.52108,0.02606264,181.0392,359.9854,20.93056,141.2977,0.16,0
349.091,1,-284.027,2.90309,44.05285,0.02606729,178.8582,359.9854,21.10928,142.278,0.16,0
349.2013,1,-284.0165,2.90309,42.5716,0.02606281,176.9632,359.9854,21.28564,123.9287,0.16,0
349.3033,1,-283.9593,2.90309,41.07917,0.02606452,175.194,359.9854,21.44896,119.3612,0.16,0
349.4152,1,-283.8565,2.90309,39.57742,0.02606655,173.438,359.9854,21.62788,117.5315,0.16,0
349.5226,1,-283.7054,2.903089,38.06744,0.02607168,171.5981,359.9854,21.79988,115.4784,0.16,0
349.6236,1,-283.536,2.90309,36.76762,0.02606457,169.9979,359.9854,21.96139,115.4022,0.16,0
349.7249,1,-283.3307,2.90309,35.46312,0.02606992,168.6154,359.9854,22.12352,90.33418,0.16,0
349.8329,1,-283.057,2.90309,33.93504,0.02606376,167.2852,359.9854,22.29631,82.43284,0.16,0
349.9435,1,-282.7456,2.90309,32.40145,0.02605937,165.9483,359.9854,22.47318,91.90308,0.16,0
350.0481,1,-282.4394,2.903091,31.0854,0.02554391,164.3233,359.9753,22.64055,108.3573,0.16,0
350.1609,1,-282.033,2.90309,29.54966,0.02606517,162.4731,359.9854,22.82102,109.0862,0.16,0
350.2615,1,-281.6432,2.90309,28.2341,0.02606063,160.9466,359.9854,22.98201,100.4273,0.16,0
350.3762,1,-281.1437,2.90309,26.70068,0.02606473,159.309,359.9854,23.16552,98.93169,0.16,0
350.4856,1,-280.5953,2.903089,25.17059,0.02606313,157.6265,359.9854,23.34055,96.69709,0.16,0
350.6037,1,-279.9994,2.90309,23.64478,0.02606623,156.0058,359.9854,23.52949,95.13672,0.16,0
350.7154,1,-279.3542,2.90309,22.12509,0.02606409,154.3361,359.9854,23.70826,94.01891,0.16,0
350.8157,1,-278.7625,2.90309,20.82823,0.02606672,152.9344,359.9854,23.86374,92.00761,0.13,0
350.917,1,-278.1348,2.903113,19.53893,0.02606582,151.455,359.9854,23.99534,91.90309,0.13,0
351.0325,1,-277.3584,2.903155,18.04585,0.02605927,149.8587,359.9854,24.14556,70.74982,0.13,0
351.1509,1,-276.4629,2.903216,16.6133,0.02606311,143.9428,359.9854,24.27008,-40.97988,0.05,0
351.2516,1,-275.5753,2.90325,15.46296,0.02606347,138.6626,359.9854,24.32042,-44.68987,0.05,0
351.3586,1,-274.5715,2.90325,14.41006,0.02606182,132.0877,359.9854,24.37394,36.83466,0.05,0
351.475,1,-273.2397,2.90327,13.34453,0.02606159,124.0649,359.9854,24.59509,48.57167,0.19,0
351.577,1,-271.9772,2.903286,12.5836,0.02606237,116.7119,359.9854,24.78873,53.85262,0.19,0
351.6875,1,-270.6125,2.903286,11.99305,0.02606565,108.8533,359.9854,25.12515,57.29458,0.42,0
351.7884,1,-269.1573,2.903286,11.58355,0.02606384,101.1535,359.9854,25.54897,57.39713,0.42,0
351.8993,1,-267.3789,2.903286,11.35269,0.02606229,91.97886,359.9854,26.02165,112.4397,0.46,0
352.0166,1,-265.5529,2.903286,11.43423,0.02606423,81.8801,359.9854,26.56112,116.1361,0.46,0
352.1288,1,-263.7358,2.90334,11.85112,0.02606818,71.33389,359.9854,27.07752,122.3299,0.46,0
352.2347,1,-262.2381,2.903486,12.48817,0.02606478,61.49807,359.9854,27.56458,124.4323,0.46,0
352.3392,1,-260.8471,2.903596,13.38777,0.02606324,51.75083,359.9854,28.04497,124.4984,0.46,0
352.4436,1,-259.6105,2.903681,14.53285,0.02605792,42.01861,359.9854,28.5252,53.50649,0.46,0
352.5522,1,-258.51,2.90376,15.85088,0.02606127,35.501,359.9854,28.88612,-43.17274,0.2,0
352.6606,1,-257.5572,2.903848,17.29798,0.02606452,28.86426,359.9854,29.10305,-46.72269,0.2,0
352.7691,1,-256.7491,2.903883,18.84712,0.02606271,23.85955,359.9854,29.29677,-133.9416,0.08,0
352.8755,1,-256.0608,2.903883,20.46272,0.02606296,19.40722,359.9854,29.38184,-145.3822,0.08,0
352.9834,1,-255.4896,2.903885,22.12951,0.02606512,15.63459,359.9854,29.46819,-197.4188,0.08,0
353.0861,1,-255.0069,2.903885,23.82946,0.02606127,12.63987,359.9854,29.52481,-211.6041,0.05,0
353.1988,1,-254.5477,2.903885,25.8435,0.02606282,9.501107,359.9854,29.58114,-221.3734,0.05,0
353.3091,1,-254.1676,2.903885,27.87934,0.02606172,7.849967,359.9854,29.63014,-279.0047,0.03,0
353.4164,1,-253.8449,2.903885,29.92787,0.02606354,6.239926,359.9854,29.66233,-281.6372,0.03,0
353.5251,1,-253.5682,2.903885,31.98612,0.02606382,5.484076,359.9854,29.69495,-350.7368,0.03,0
353.6333,1,-253.2837,2.903885,34.04647,0.02606106,5.876578,359.9854,29.72322,-377.9744,0.02,0
353.744,1,-252.9848,2.903885,36.10652,0.02606275,6.270904,359.9854,29.74536,-378.7846,0.02,0
353.8534,1,-252.6596,2.904032,38.16427,0.02796305,7.34959,359.9771,29.76726,-429.1002,0.02,0
353.9618,1,-252.2761,2.904034,40.21432,0.02796001,9.032087,359.9771,29.78893,-440,0.02,0
354.071,1,-251.8309,2.904049,42.25358,0.02795865,10.96369,359.9771,29.81077,-467.4404,0.02,0
354.1801,1,-251.28,2.904049,44.26306,0.0279604,14.46678,359.9771,29.42013,-523.8369,0,0
354.289,1,-250.6221,2.904048,46.19489,0.02795678,17.87537,359.9771,28.72013,-526.0519,0,0
354.3999,1,-249.8614,2.904049,48.03593,0.02795724,21.63822,359.9771,28.02013,-546.4095,0,0
354.511,1,-249.0015,2.904049,49.77833,0.02795819,25.42443,359.9771,27.32013,-547.7705,0,0
354.6208,1,-248.0488,2.904048,51.41561,0.02796298,29.59692,359.9771,26.62012,-586.0981,0,0
354.731,1,-246.9982,2.904049,52.93283,0.02795964,34.05846,359.9771,25.92012,-595.0668,0,0
354.8464,1,-245.8635,2.904048,54.3257,0.02796229,38.47779,359.9771,25.22012,-600.0562,0,0
354.9557,1,-244.654,2.904048,55.58728,0.02796289,43.15652,359.9771,24.52011,-619.2343,0,0
355.0594,1,-243.3864,2.903975,56.71775,0.03757443,47.48444,359.9828,23.82011,-620.0773,0,0
355.1645,1,-242.0737,2.904048,57.71711,0.02796343,52.13584,359.9771,23.12011,-639.9197,0,0
355.2675,1,-240.7247,2.904048,58.57864,0.02795841,56.76651,359.9771,22.42011,-653.5512,0,0
355.382,1,-239.3507,2.904049,59.30006,0.02796373,61.64171,359.9771,21.7201,-657.3956,0,0
355.483,1,-238.1611,2.903869,59.80263,0.05501075,66.07979,359.9801,21.1201,-677.2211,0,0
355.5916,1,-236.7727,2.904048,60.25821,0.0279644,71.17698,359.9771,20.4201,-678.4708,0,0
355.7,1,-235.4002,2.904048,60.58833,0.02796216,75.62427,359.9771,19.7201,-683.3411,0,0
355.8089,1,-234.0534,2.904049,60.79692,0.02796083,80.23098,359.9771,19.02009,-684.2752,0,0
355.9163,1,-232.743,2.904049,60.89233,0.0279638,84.85748,359.9771,18.32009,-685.5103,0,0
356.0261,1,-231.4785,2.904048,60.88744,0.02795916,89.0924,359.9771,17.62009,-688.0985,0,0
356.1436,1,-230.2668,2.904049,60.78862,0.02796071,93.47852,359.9771,16.92009,-688.4095,0,0
356.2546,1,-229.1142,2.904048,60.6072,0.02795994,97.76292,359.9771,16.22008,-689.2639,0,0
356.3684,1,-228.0256,2.904049,60.35524,0.02796182,101.6972,359.9771,15.52008,-689.2994,0,0
356.4684,1,-227.146,2.904048,60.08955,0.0279635,105.0873,359.9771,14.92008,-689.3,0,0
356.5716,1,-226.3171,2.904071,59.78553,0.02673261,108.3666,359.9673,14.32008,-689.4247,0,0
356.6722,1,-225.5402,2.904048,59.44889,0.02796576,111.5535,359.9771,13.72007,-689.4969,0,0
356.7742,1,-224.8149,2.904048,59.0868,0.02795719,114.5988,359.9771,13.12007,-689.4999,0,0
356.877,1,-224.1408,2.904149,58.7053,0.02796272,117.4784,359.9771,12.52007,-689.4153,0,0
356.9927,1,-223.4176,2.904292,58.24379,0.027965,120.6606,359.9771,11.82007,-689.4003,0,0
357.0937,1,-222.8503,2.904315,57.84,0.02796414,123.2714,359.9771,11.22006,-689.2813,0,0
357.1962,1,-222.3299,2.904315,57.43378,0.02796026,125.7128,359.9771,10.62006,-689.2032,0,0
357.3135,1,-221.7793,2.904315,56.96272,0.02795879,128.3988,359.9771,9.920059,-689.2001,0,0
357.4183,1,-221.3538,2.904315,56.56568,0.02796577,130.5825,359.9771,9.320057,-688.4254,0,0
357.5344,1,-220.9084,2.904315,56.11539,0.02796235,132.9579,359.9771,8.620054,-688.2048,0,0
357.6352,1,-220.5672,2.904315,55.74479,0.02796065,134.7715,359.9771,8.020052,-691.8914,0,0
357.746,1,-220.2138,2.904315,55.33377,0.02796146,136.753,359.9771,7.320053,-694.0367,0,0
357.8508,1,-219.9469,2.904315,55.00233,0.02796429,138.3685,359.9771,6.720053,-696.7279,0,0
357.9663,1,-219.6752,2.904315,54.64246,0.02796368,140.1601,359.9771,6.130219,-707.414,0.06,0
358.0714,1,-219.4604,2.904315,54.34044,0.02796177,141.6354,359.9771,6.193248,-707.7905,0.06,0
358.1718,1,-219.2517,2.904315,54.02969,0.0279621,143.1651,359.9771,6.253469,-714.7687,0.06,0
358.2782,1,-219.0486,2.904315,53.70855,0.02796569,144.7457,359.9771,6.391801,-715.8688,0.13,0
358.3796,1,-218.8509,2.904315,53.37449,0.02796212,146.4171,359.9771,6.523707,-731.2471,0.13,0
358.4803,1,-218.6588,2.904315,53.02798,0.02796333,148.0669,359.9771,6.667336,-735.8256,0.15,0
358.5919,1,-218.4425,2.904315,52.60698,0.02796064,150.0404,359.9771,6.834742,-739.6755,0.15,0
358.6941,1,-218.2654,2.904315,52.23088,0.02795932,151.8609,359.9771,7.0259,-745.7055,0.22,0
358.8107,1,-218.0683,2.904315,51.76996,0.02795915,154.1093,359.9771,7.282419,-745.7554,0.22,0
358.9159,1,-217.9092,2.904315,51.35474,0.02795854,156.1813,359.9771,7.524461,-745.4147,0.24,0
359.0191,1,-217.7598,2.904315,50.92027,0.02796326,158.237,359.9771,7.772215,-745.4004,0.24,0
359.1249,1,-217.6227,2.904315,50.46582,0.02796363,160.449,359.9771,8.026063,-745.4001,0.24,0
359.2296,1,-217.4992,2.904315,49.99193,0.02796537,162.6697,359.9771,8.277318,-745.4001,0.24,0
359.3296,1,-217.3911,2.904315,49.49873,0.02796609,164.9306,359.9771,8.517427,-745.4001,0.24,0
359.4336,1,-217.2992,2.904315,48.98786,0.02796065,167.1743,359.9771,8.766919,-745.4001,0.24,0
359.5488,1,-217.2162,2.904315,48.36932,0.0279579,169.94,359.9771,9.043468,-745.0787,0.24,0
359.651,1,-217.1684,2.904315,47.82068,0.0279568,172.4715,359.9771,9.268418,-744.6216,0.21,0
359.7531,1,-217.1429,2.904315,47.25775,0.02796022,174.9215,359.9771,9.482677,-744.6006,0.21,0
359.8592,1,-217.1418,2.904315,46.6812,0.0279617,177.3953,359.9771,9.694011,-725.8182,0.15,0
359.9636,1,-217.1666,2.904315,46.09406,0.0279611,179.9574,359.9771,9.850573,-724.3416,0.15,0
360.0689,1,-217.2183,2.904315,45.49911,0.02796396,182.5276,359.9771,10.00866,-714.5025,0.15,0
360.1741,1,-217.2961,2.904315,44.89945,0.02796418,185.0028,359.9771,10.09278,-711.6904,0.08,0
360.281,1,-217.4015,2.904315,44.29879,0.02796016,187.56,359.9771,10.17834,-706.165,0.08,0
360.3862,1,-217.5338,2.904315,43.69901,0.02796253,190.056,359.9771,10.22748,-704.6485,0.04,0
360.4894,1,-217.6925,2.904315,43.10303,0.02796437,192.5425,359.9771,10.26877,-709.558,0.04,0
360.5939,1,-217.879,2.904315,42.51241,0.02795868,195.1826,359.9771,10.31056,-716.4967,0.04,0
360.6968,1,-218.0919,2.904315,41.92854,0.02796137,197.6904,359.9771,10.34143,-716.792,0.03,0
360.8021,1,-218.3327,2.904315,41.35341,0.02796161,200.368,359.9771,10.37302,-716.6457,0.03,0
360.9072,1,-218.5999,2.904315,40.78809,0.02796598,202.9699,359.9771,10.40454,-716.6014,0.03,0
361.0142,1,-218.8945,2.904315,40.23422,0.02796305,205.6472,359.9771,10.43663,-716.8532,0.03,0
361.1216,1,-219.2161,2.904315,39.69332,0.02795764,208.4046,359.9771,10.46887,-716.9953,0.03,0
361.2299,1,-219.5642,2.904324,39.16674,0.02796131,211.1466,359.9771,10.50134,-713.8412,0.03,0
361.3398,1,-219.9373,2.90434,38.65536,0.02795794,213.8074,359.9771,10.5288,-709.6489,0.02,0
361.4517,1,-220.3361,2.904341,38.16167,0.02796312,216.582,359.9771,10.55117,-705.6687,0.02,0
361.5629,1,-220.7566,2.904342,37.68627,0.02796351,219.1636,359.9771,10.36588,-688.9144,0,0
361.6745,1,-221.1802,2.904341,37.2487,0.02796769,221.6818,359.9771,9.765878,-685.4087,0,0
361.787,1,-221.5949,2.904341,36.85352,0.02796274,223.9271,359.9771,9.165875,-671.7655,0,0
361.8966,1,-221.997,2.904342,36.49807,0.02795819,226.0044,359.9771,8.565873,-669.1241,0,0
362.0052,1,-222.3817,2.904341,36.17813,0.02796377,227.7069,359.9771,7.965871,-654.5381,0,0
362.1151,1,-222.7478,2.904348,35.89246,0.02532271,229.3669,359.9861,7.365872,-653.8157,0,0
362.2259,1,-223.0926,2.904342,35.63857,0.02796364,230.8934,359.9771,6.765872,-648.4302,0,0
362.3371,1,-223.414,2.904376,35.41393,0.02239616,232.2469,359.9826,6.165873,-645.6782,0,0
362.445,1,-223.7104,2.904342,35.21673,0.02795888,233.4838,359.9771,5.565874,-644.2314,0,0
362.5506,1,-223.98,2.904342,35.0447,0.02796149,234.5439,359.9771,4.965874,-642.4726,0,0
362.6572,1,-224.2219,2.904342,34.89632,0.02795807,235.4899,359.9771,4.365875,-642.4017,0,0
362.7648,1,-224.4349,2.904341,34.77002,0.027958,236.3015,359.9771,3.765875,-642.7715,0,0
362.87,1,-224.6184,2.904341,34.6647,0.02795718,237.0135,359.9771,3.165876,-642.7993,0,0
362.9772,1,-224.7715,2.904341,34.57902,0.02796191,237.5898,359.9771,2.672617,-636.3986,0.04,0
363.086,1,-224.9135,2.904341,34.50129,0.02795555,238.1165,359.9771,2.716141,-635.9116,0.04,0
363.1954,1,-225.0584,2.904341,34.42359,0.02795982,238.6406,359.9771,2.759893,-623.1223,0.04,0
363.2993,1,-225.2077,2.904342,34.34512,0.02795638,239.1526,359.9771,2.86377,-621.4508,0.1,0
363.4044,1,-225.3632,2.904341,34.26511,0.02795452,239.6847,359.9771,2.968957,-615.0264,0.1,0
363.5107,1,-225.5251,2.904342,34.18345,0.02795549,240.204,359.9771,3.092661,-611.2325,0.15,0
363.6126,1,-225.6955,2.904342,34.09944,0.02796203,240.7372,359.9771,3.24555,-611.1035,0.15,0
363.7144,1,-225.8749,2.904342,34.01316,0.02796371,241.306,359.9771,3.407097,-616.6767,0.2,0
363.8187,1,-226.0653,2.904342,33.92416,0.02796137,241.9285,359.9771,3.615643,-617.1854,0.2,0
363.9189,1,-226.2677,2.904341,33.83189,0.02795712,242.5427,359.9771,3.816028,-619.5688,0.2,0
364.0353,1,-226.5196,2.904342,33.72084,0.02796216,243.3275,359.9771,4.083851,-619.9915,0.23,0
364.1359,1,-226.7509,2.904341,33.62263,0.02796264,244.056,359.9771,4.315161,-616.731,0.23,0
364.2462,1,-226.9973,2.904341,33.5223,0.02796138,244.8858,359.9771,4.56882,-616.2128,0.23,0
364.3497,1,-227.2586,2.904333,33.41938,0.02818884,245.646,359.9847,4.806956,-577.5306,0.23,0
364.4534,1,-227.534,2.904341,33.31357,0.02795957,246.3078,359.9771,5.045293,-565.8986,0.23,0
364.556,1,-227.8241,2.904341,33.20618,0.02795684,246.9994,359.9771,5.281272,-545.5517,0.23,0
364.6573,1,-228.1278,2.904341,33.09594,0.02796263,247.528,359.9771,5.514259,-516.4351,0.23,0
364.7585,1,-228.4459,2.904341,32.98414,0.02795992,248.1007,359.9771,5.747231,-515.0405,0.23,0
364.8624,1,-228.7784,2.904341,32.87085,0.02796496,248.6758,359.9771,5.986079,-498.9576,0.23,0
364.9658,1,-229.1254,2.904341,32.75594,0.02796104,249.2152,359.9771,6.216887,-494.0693,0.22,0
365.0675,1,-229.4866,2.904342,32.64033,0.02796268,249.8019,359.9771,6.440708,-490.1348,0.22,0
365.182,1,-229.9243,2.904341,32.50249,0.02795609,250.2202,359.9771,6.692623,-451.48,0.22,0
365.2838,1,-230.3137,2.904345,32.38298,0.02796115,250.6064,359.9771,6.916616,-438.1593,0.22,0
365.3926,1,-230.7836,2.904345,32.23901,0.02796175,250.7568,359.9771,7.155989,-391.0554,0.22,0
365.5085,1,-231.2704,2.904345,32.09121,0.02796208,250.9095,359.9771,7.410854,-388.9365,0.22,0
365.6275,1,-231.7735,2.904345,31.93667,0.0279628,250.7461,359.9771,7.672718,-314.8471,0.22,0
365.7423,1,-232.2928,2.904345,31.77343,0.02795807,250.4413,359.9771,7.925213,-308.2292,0.22,0
365.8619,1,-232.8279,2.904345,31.60098,0.02796241,250.013,359.9771,8.188293,-279.1756,0.22,0
365.9755,1,-233.3783,2.904345,31.41752,0.027959,249.4749,359.9771,8.43825,-274.0142,0.22,0
366.0871,1,-233.9431,2.904345,31.22352,0.02796048,248.9431,359.9771,8.661447,-273.902,0.2,0
366.2015,1,-234.5193,2.904345,31.01634,0.02796344,248.0727,359.9771,8.890335,-194.5579,0.2,0
366.3102,1,-235.1046,2.904345,30.79086,0.02796398,246.8642,359.9771,9.086048,-179.0162,0.18,0
366.4276,1,-235.6971,2.904345,30.54594,0.02795649,245.4423,359.9771,9.295227,-141.2841,0.17,0
366.5378,1,-236.2952,2.904345,30.27878,0.0279656,243.854,359.9771,9.482546,-137.7813,0.17,0
366.6508,1,-236.8962,2.904345,29.9866,0.02796622,241.9355,359.9771,9.67633,-76.21461,0.18,0
366.7573,1,-237.4981,2.904331,29.66602,0.02217804,239.89,359.958,9.868007,-69.28807,0.18,0
366.8656,1,-238.0975,2.904345,29.31505,0.02795957,237.4029,359.9771,10.0596,-10.13093,0.17,0
366.9734,1,-238.6915,2.904345,28.93085,0.02796291,234.9168,359.9771,10.24294,-3.083214,0.17,0
367.0869,1,-239.3592,2.904345,28.44894,0.02796462,231.7546,359.9771,10.43579,22.80086,0.17,0
367.1963,1,-239.9305,2.904243,27.98881,0.04665806,228.8831,-0.003253191,10.62172,26.31231,0.17,0
367.3076,1,-240.5643,2.904345,27.41684,0.0279618,225.5016,359.9771,10.8109,36.64034,0.17,0
367.4208,1,-241.0971,2.904345,26.87486,0.02796696,222.261,359.9771,10.96119,41.08608,0.04,0
367.539,1,-241.5994,2.904345,26.29635,0.0279629,218.7103,359.9771,11.00845,41.19841,0.04,0
367.6511,1,-242.0655,2.904345,25.68451,0.02795902,214.9623,359.9771,10.94531,85.13776,0,0
367.7573,1,-242.4768,2.904345,25.06614,0.02796176,211.3883,359.9771,10.24531,89.67636,0,0
367.868,1,-242.8228,2.904345,24.46493,0.02796126,207.817,359.9771,9.545304,112.4138,0,0
367.9721,1,-243.1083,2.904345,23.88677,0.02795724,204.3733,359.9771,8.845302,119.6541,0,0
368.08,1,-243.3413,2.904345,23.33817,0.02796218,201.2273,359.9771,8.145299,127.9473,0,0
368.1871,1,-243.5273,2.904345,22.82358,0.02796394,198.2637,359.9771,7.445299,134.0835,0,0
368.2914,1,-243.6733,2.904345,22.34707,0.02796302,195.5748,359.9771,6.7453,134.1957,0,0
368.3977,1,-243.7861,2.904345,21.9119,0.02795664,193.169,359.9771,6.0453,134.1036,0,0
368.505,1,-243.8713,2.904345,21.52032,0.02796284,191.0111,359.9771,5.345301,134.1001,0,0
368.6062,1,-243.9347,2.904281,21.17414,0.03855527,189.2421,359.9857,4.765616,133.6439,0.13,0
368.7116,1,-243.9839,2.904345,20.84103,0.02796192,187.4401,359.9771,4.902653,133.6012,0.13,0
368.8194,1,-244.0233,2.904345,20.497,0.02796317,185.5357,359.9771,5.042768,133.3028,0.13,0
368.9274,1,-244.0525,2.904345,20.1391,0.02796019,183.5804,359.9771,5.382939,133.0105,0.45,0
369.0309,1,-244.0715,2.904345,19.75048,0.0279638,181.582,359.9771,5.848642,132.9354,0.45,0
369.1376,1,-244.0755,2.904345,19.32748,0.02796292,179.297,359.9771,6.351235,132.522,0.5,0
369.2445,1,-244.0607,2.904345,18.86799,0.02796087,176.8192,359.9771,6.886049,132.5005,0.5,0
369.3519,1,-244.0226,2.904345,18.37273,0.027969,174.1299,359.9771,7.425686,132.3234,0.52,0
369.4537,1,-243.9584,2.904345,17.84318,0.02796548,171.4275,359.9771,7.955261,132.3007,0.52,0
369.5573,1,-243.8597,2.904345,17.27981,0.02795989,168.4079,359.9771,8.493787,132.147,0.52,0
369.6656,1,-243.7221,2.904345,16.68694,0.02796379,165.0525,359.9771,9.028831,132.1013,0.49,0
369.774,1,-243.542,2.904345,16.068,0.02796343,161.767,359.9771,9.560323,132.0616,0.49,0
369.8759,1,-243.3109,2.904345,15.42767,0.02796142,158.1596,359.9771,10.00866,131.9089,0.38,0
369.9816,1,-243.0267,2.904345,14.77647,0.02795929,154.371,359.9771,10.41021,131.9002,0.38,0
370.0876,1,-242.686,2.904345,14.12121,0.02796029,150.3399,359.9771,10.8134,131.9,0.38,0
370.1935,1,-242.2869,2.904372,13.46749,0.02796304,146.2921,359.9771,11.19436,131.9,0.36,0
370.3015,1,-241.8265,2.904372,12.82249,0.02796013,142.1322,359.9771,11.58332,131.7417,0.36,0
370.4183,1,-241.2985,2.904372,12.19572,0.02795896,137.4214,359.9771,11.99367,131.7009,0.35,0
370.5278,1,-240.7002,2.904372,11.59551,0.02796062,132.5207,359.9771,12.37697,131.7,0.35,0
370.6366,1,-240.0337,2.904371,11.02875,0.0279635,127.7835,359.9771,12.75751,131.7,0.35,0
370.7494,1,-239.3008,2.904372,10.50444,0.02796057,122.8856,359.9771,13.15235,131.3564,0.35,0
370.8621,1,-238.4998,2.904372,10.03557,0.02796015,117.4854,359.9771,13.54676,130.9142,0.35,0
370.9803,1,-237.632,2.904372,9.633202,0.02796259,111.9702,359.9771,13.96057,130.8234,0.35,0
371.0888,1,-236.703,2.904372,9.30749,0.02796436,106.346,359.9771,14.34027,130.5143,0.35,0
371.1988,1,-235.7217,2.904372,9.063717,0.02796298,100.9282,359.9771,14.71433,130.5003,0.34,0
371.3155,1,-234.6944,2.904371,8.918715,0.0279622,94.84889,359.9771,15.11124,130.1635,0.34,0
371.42,1,-233.7842,2.904397,8.882241,0.02795988,89.4345,359.9771,15.44547,130.1019,0.32,0
371.5351,1,-232.6993,2.904431,8.95079,0.02796438,83.00666,359.9771,15.81379,126.9471,0.32,0
371.6399,1,-231.7597,2.904467,9.108588,0.02795907,77.37134,359.9771,16.08601,110.0358,0.14,0
371.7491,1,-230.8283,2.904486,9.359993,0.02796583,71.79359,359.9771,16.23887,109.1206,0.14,0
371.8532,1,-229.915,2.904501,9.695689,0.02796061,66.95388,359.9771,16.13624,36.30915,0,0
371.9633,1,-229.0532,2.904501,10.09469,0.02796203,62.27351,359.9771,15.53623,30.14212,0,0
372.0705,1,-228.2519,2.904501,10.53525,0.02796707,58.59849,359.9771,14.93623,-30.85527,0,0
372.177,1,-227.5087,2.904524,11.00408,0.02796201,55.1976,359.9771,14.33623,-35.47963,0,0
372.282,1,-226.8203,2.90459,11.49084,0.02796442,52.43029,359.9771,13.73623,-106.5376,0,0
372.3994,1,-226.0757,2.904611,12.06247,0.02796402,50.02056,359.9771,13.03622,-127.4667,0,0
372.5014,1,-225.4868,2.904611,12.55185,0.02795927,48.02768,359.9771,12.43622,-137.854,0,0
372.6042,1,-224.9371,2.904611,13.03246,0.02796101,46.63493,359.9771,11.83622,-189.4529,0,0
372.7146,1,-224.3427,2.904611,13.57749,0.02795978,45.25329,359.9771,11.13622,-192.4355,0,0
372.8238,1,-223.7912,2.904611,14.09753,0.02796778,44.54522,359.9771,10.43621,-274.7205,0,0
372.9337,1,-223.28,2.904629,14.58894,0.02796236,43.98019,359.9771,9.736212,-280.567,0,0
373.0406,1,-222.8081,2.904629,15.05066,0.02795836,43.51498,359.9771,9.036209,-302.3939,0,0
373.1471,1,-222.3715,2.904629,15.47873,0.02795807,43.41535,359.9771,8.336206,-341.6266,0,0
373.2654,1,-221.9706,2.904629,15.87321,0.02796069,43.31765,359.9771,7.636206,-352.0457,0,0
373.3687,1,-221.6535,2.904629,16.18293,0.02796463,43.46354,359.9771,7.036206,-387.0526,0,0
373.4722,1,-221.3614,2.904629,16.46679,0.02796374,43.59872,359.9771,6.436207,-395.3881,0,0
373.5879,1,-221.0507,2.904629,16.76379,0.02796238,43.98562,359.9771,5.736207,-444.0626,0,0
373.6894,1,-220.8111,2.90461,16.98992,0.02372039,44.29437,359.9708,5.136208,-445.9449,0,0
373.7903,1,-220.5957,2.904629,17.18931,0.02795795,44.70985,359.9771,4.639602,-495.2246,0.02,0
373.9098,1,-220.3547,2.904649,17.40861,0.02795806,45.20092,359.9771,4.663491,-499.9222,0.02,0
374.0246,1,-220.1091,2.904648,17.62567,0.02796047,45.91013,359.9771,4.695926,-572.082,0.05,0
374.1255,1,-219.894,2.904648,17.81045,0.02796447,46.58881,359.9771,4.746373,-578.9742,0.05,0
374.2269,1,-219.6739,2.904648,17.99422,0.02796177,47.34981,359.9771,4.797101,-597.7297,0.05,0
374.3302,1,-219.4484,2.904648,18.17742,0.02796007,48.12543,359.9771,4.904138,-603.6909,0.13,0
374.4325,1,-219.2142,2.904648,18.36208,0.02796335,48.94114,359.9771,5.037131,-603.8948,0.13,0
374.5351,1,-218.9701,2.904648,18.54725,0.02796299,49.93545,359.9771,5.170592,-654.5856,0.13,0
374.6524,1,-218.6705,2.904648,18.76523,0.02795915,51.15001,359.9771,5.428558,-662.744,0.22,0
374.7646,1,-218.3515,2.904649,18.98674,0.02796156,52.42618,359.9771,5.675391,-659.3531,0.22,0
374.8691,1,-218.062,2.904648,19.17869,0.0279598,53.59354,359.9771,5.927126,-658.1409,0.26,0
374.9823,1,-217.703,2.904648,19.40553,0.02796028,54.99789,359.9771,6.221286,-658.1006,0.26,0
375.0843,1,-217.3761,2.904648,19.6013,0.02795868,56.29018,359.9771,6.48661,-662.9852,0.26,0
375.1868,1,-217.0294,2.904648,19.79764,0.02796048,57.70569,359.9771,6.80418,-663.774,0.31,0
375.2881,1,-216.6617,2.904648,19.99491,0.02796344,59.08616,359.9771,7.118304,-665.3933,0.31,0
375.3941,1,-216.2716,2.904648,20.19078,0.02796148,60.62667,359.9771,7.457927,-666.3657,0.33,0
375.4946,1,-215.8576,2.904648,20.38454,0.0279628,62.23714,359.9771,7.789473,-666.399,0.33,0
375.5958,1,-215.42,2.904648,20.57483,0.02796218,63.8837,359.9771,8.123456,-665.569,0.33,0
375.6996,1,-214.9586,2.904648,20.75986,0.02796219,65.58595,359.9771,8.455053,-664.3548,0.3,0
375.8001,1,-214.4738,2.904648,20.93718,0.02796614,67.37172,359.9771,8.756638,-664.3016,0.3,0
375.9032,1,-213.9662,2.904648,21.105,0.0279621,69.2029,359.9771,9.065983,-657.454,0.3,0
376.0068,1,-213.4359,2.904648,21.26169,0.02795443,71.09306,359.9771,9.349196,-652.9748,0.26,0
376.1099,1,-212.8851,2.904648,21.40541,0.02796106,72.96944,359.9771,9.617184,-652.8044,0.26,0
376.2121,1,-212.3148,2.904648,21.53609,0.02796875,74.68541,359.9771,9.88302,-621.1005,0.26,0
376.3254,1,-211.6283,2.904648,21.67142,0.02796604,76.65469,359.9771,10.09829,-615.2319,0.19,0
376.4274,1,-211.0241,2.904648,21.76993,0.02795524,78.46062,359.9771,10.29212,-633.8285,0.19,0
376.5323,1,-210.4046,2.904648,21.84711,0.02795877,80.58353,359.9771,10.51011,-661.8759,0.24,0
376.6422,1,-209.6626,2.904649,21.91142,0.02795682,82.94479,359.9771,10.774,-663.075,0.24,0
376.7561,1,-208.899,2.904648,21.94203,0.0279619,85.66097,359.9771,11.05428,-683.8001,0.28,0
376.8585,1,-208.2263,2.904648,21.93663,0.02795843,88.25257,359.9771,11.34091,-685.8367,0.28,0
376.9601,1,-207.5376,2.904648,21.90216,0.02795699,90.71053,359.9771,11.6252,-685.8984,0.28,0
377.0667,1,-206.8339,2.904648,21.83673,0.02796061,93.11244,359.9771,11.92379,-645.7491,0.28,0
377.1696,1,-206.1182,2.904648,21.74106,0.02795937,95.47157,359.9771,12.09015,-640.0801,0.14,0
377.2753,1,-205.3981,2.904648,21.61528,0.02795869,97.7711,359.9771,12.23819,-613.301,0.14,0
377.3839,1,-204.6746,2.904648,21.4653,0.02796072,99.61438,359.9771,12.33029,-577.9214,0.03,0
377.49,1,-203.9533,2.904648,21.29075,0.02796119,101.499,359.9771,12.36212,-576.6306,0.03,0
377.5936,1,-203.2363,2.904648,21.09219,0.02796103,103.3966,359.9771,12.39319,-576.9419,0.03,0
377.6941,1,-202.524,2.904648,20.87178,0.02796561,105.1114,359.9771,12.41496,-576.998,0.02,0
377.7993,1,-201.8179,2.904648,20.6285,0.02796652,106.9119,359.9771,12.43599,-576.8269,0.02,0
377.915,1,-201.0027,2.904648,20.3165,0.0279649,108.9941,359.9771,12.46606,-576.6063,0.03,0
378.0189,1,-200.3119,2.904648,20.02373,0.02796647,110.8897,359.9771,12.49723,-576.6001,0.03,0
378.1209,1,-199.6289,2.904648,19.70911,0.02796198,112.6461,359.9771,12.52783,-575.2335,0.03,0
378.2245,1,-198.9546,2.904649,19.37253,0.0279644,114.4286,359.9771,12.55021,-575.0071,0.02,0
378.3334,1,-198.18,2.904648,18.95314,0.02796242,116.4874,359.9771,12.57199,-575.0001,0.02,0
378.4493,1,-197.418,2.904648,18.50875,0.02796257,118.3042,359.9771,12.59517,-557.2202,0.02,0
378.5665,1,-196.5623,2.904648,17.97235,0.02796253,120.1845,359.9771,12.6186,-556.2172,0.02,0
378.6748,1,-195.8275,2.904648,17.47851,0.02796407,121.9072,359.9771,12.64025,-543.9261,0.02,0
378.7756,1,-195.2084,2.90465,17.03755,0.02430656,123.3759,359.9801,12.66042,-541.3912,0.02,0
378.8922,1,-194.499,2.904648,16.50316,0.02795962,124.9434,359.9771,12.68373,-511.1908,0.02,0
379.0042,1,-193.8002,2.904652,15.95257,0.02796456,126.2093,359.9771,12.71441,-493.1118,0.03,0
379.1227,1,-193.1108,2.904665,15.3867,0.02796235,127.2683,359.9771,12.74993,-449.0974,0.03,0
379.2379,1,-192.4246,2.904665,14.81137,0.02796551,127.8835,359.9771,12.88704,-424.1246,0.18,0
379.3563,1,-191.7341,2.904682,14.22054,0.02796412,128.4261,359.9771,13.10011,-401.4362,0.18,0
379.4712,1,-191.0341,2.904682,13.61844,0.02795715,128.5564,359.9771,13.32041,-373.9107,0.2,0
379.5746,1,-190.4251,2.904683,13.0929,0.02796287,128.6117,359.9771,13.52732,-356.2509,0.2,0
379.6796,1,-189.8043,2.904682,12.5623,0.02796063,128.3429,359.9771,13.71121,-331.8546,0.12,0
379.7861,1,-189.1742,2.904682,12.02879,0.02795734,128.073,359.9771,13.83902,-330.8244,0.12,0
379.8885,1,-188.535,2.904682,11.4945,0.02796529,127.6479,359.9771,13.96196,-300.6519,0.12,0
379.9897,1,-187.8838,2.904682,10.96391,0.02795975,126.9551,359.9771,14.07053,-282.9391,0.1,0
380.101,1,-187.1108,2.904682,10.34912,0.02795563,126.2888,359.9771,14.18178,-310.9929,0.1,0
380.2029,1,-186.4405,2.904682,9.821397,0.0279654,126.0294,359.9771,14.27713,-330.1986,0.09,0
380.3165,1,-185.6509,2.90469,9.204065,0.02796269,125.9087,359.9771,14.37937,-367.9473,0.09,0
380.4211,1,-184.9722,2.90469,8.667363,0.02795913,126.2091,359.9771,14.46818,-390.8473,0.08,0
380.5314,1,-184.1788,2.904876,8.033018,0.004648407,126.5166,359.9498,14.55643,-391.6834,0.08,0
380.6343,1,-183.5003,2.90469,7.479359,0.02795961,127.1261,359.9771,14.6248,-425.085,0.01,0
380.7448,1,-182.7142,2.90469,6.822178,0.02796194,127.8516,359.9771,14.63584,-428.0325,0.01,0
380.8495,1,-182.0485,2.90469,6.247943,0.02796265,128.773,359.9771,14.54432,-463.5772,0,0
380.9632,1,-181.3059,2.90469,5.581161,0.02796053,129.945,359.9771,13.84432,-468.8855,0,0
381.0783,1,-180.6147,2.90469,4.930666,0.02796007,131.3608,359.9771,13.14432,-513.5999,0,0
381.1947,1,-179.9767,2.90469,4.295466,0.02796362,132.8821,359.9771,12.44431,-521.9324,0,0
381.3022,1,-179.389,2.90469,3.679676,0.02796092,134.3286,359.9771,11.74431,-522.0966,0,0
381.4067,1,-178.8505,2.90469,3.085079,0.02796585,135.8029,359.9771,11.04431,-550.8187,0,0
381.5226,1,-178.3602,2.90469,2.513151,0.02796549,137.2847,359.9771,10.34431,-554.7231,0,0
381.6347,1,-177.916,2.90469,1.966716,0.02795653,138.7082,359.9771,9.644303,-547.7604,0,0
381.7452,1,-177.5146,2.90469,1.44896,0.02796459,139.9772,359.9771,8.944301,-547.3099,0,0
381.8616,1,-177.1538,2.90469,0.9620395,0.02796209,141.1705,359.9771,8.244298,-547.5841,0,0
381.9711,1,-176.8314,2.90469,0.5078505,0.02795946,142.2733,359.9771,7.544298,-547.5717,0,0
382.0843,1,-176.545,2.90469,0.08841273,0.02796431,143.2747,359.9771,6.844298,-547.4069,0,0
382.2029,1,-176.2927,2.90469,-0.2948734,0.02796172,144.1947,359.9771,6.144299,-547.4385,0,0
382.3109,1,-176.0727,2.90469,-0.6405393,0.02796522,145.012,359.9771,5.4443,-547.5927,0,0
382.4239,1,-175.8829,2.90469,-0.9472243,0.02796622,145.7055,359.9771,4.7443,-548.2002,0,0
382.5388,1,-175.7223,2.90469,-1.214251,0.0279654,146.3419,359.9771,4.044301,-549.2664,0,0
382.6411,1,-175.598,2.90469,-1.425474,0.02795921,146.8352,359.9771,4.126114,-549.2991,0.08,0
382.7505,1,-175.4524,2.90469,-1.67849,0.02796396,147.4284,359.9771,4.213649,-549.3926,0.08,0
382.8663,1,-175.306,2.90469,-1.938993,0.02796174,148.0244,359.9771,4.346149,-549.5936,0.14,0
382.9857,1,-175.1572,2.90469,-2.210608,0.02796477,148.659,359.9771,4.513348,-549.5999,0.14,0
383.0986,1,-175.006,2.90469,-2.494318,0.02796491,149.3195,359.9771,4.706511,-549.6,0.21,0
383.2092,1,-174.8507,2.90469,-2.793544,0.02796263,149.9805,359.9771,4.938632,-549.6,0.21,0
383.3216,1,-174.6916,2.90469,-3.109125,0.02796356,150.6748,359.9771,5.181431,-549.6,0.25,0
383.435,1,-174.5285,2.90469,-3.443611,0.02795843,151.4372,359.9771,5.464863,-549.6,0.25,0
383.5428,1,-174.3609,2.90469,-3.79732,0.02796584,152.1492,359.9771,5.734421,-545.4465,0.25,0
383.6548,1,-174.1904,2.90469,-4.170884,0.02796321,152.9656,359.9771,6.014431,-544.912,0.25,0
383.7703,1,-174.0169,2.90469,-4.564569,0.02796479,153.7635,359.9771,6.303269,-535.3712,0.25,0
383.8788,1,-173.841,2.90469,-4.978885,0.02795802,154.5594,359.9771,6.574469,-533.7432,0.25,0
383.9948,1,-173.6637,2.90469,-5.413601,0.02796305,155.4027,359.9771,6.864448,-533.8674,0.25,0
384.1024,1,-173.486,2.90469,-5.869401,0.02796788,156.3043,359.9771,7.133599,-534.0912,0.25,0
384.2147,1,-173.3085,2.90469,-6.345991,0.0279632,157.204,359.9771,7.414157,-534.0998,0.25,0
384.3279,1,-173.1324,2.90469,-6.84411,0.02795976,158.1751,359.9771,7.697237,-534.1,0.25,0
384.4292,1,-172.9833,2.90469,-7.288478,0.02796113,159.0343,359.9771,7.950447,-534.1,0.25,0
384.5396,1,-172.8124,2.90469,-7.827366,0.02796729,160.0956,359.9771,8.193574,-534.1,0.02,0
384.6509,1,-172.6482,2.90469,-8.378463,0.02795818,161.1214,359.9771,8.215843,-534.1,0.02,0
384.7607,1,-172.4936,2.90469,-8.933927,0.02796634,162.1423,359.9771,8.237791,-534.1,0.02,0
384.8691,1,-172.3522,2.90469,-9.478498,0.02795799,163.1254,359.9771,7.640965,-534.1,0,0
384.9773,1,-172.2312,2.904685,-9.978648,0.02974204,164.0375,359.9645,6.940965,-534.1,0,0
385.0876,1,-172.1287,2.90469,-10.43275,0.02796094,164.8571,359.9771,6.240966,-534.1,0,0
385.1999,1,-172.0427,2.90469,-10.84025,0.02796416,165.6099,359.9771,5.540967,-534.1,0,0
385.3077,1,-171.9688,2.90469,-11.21287,0.02796454,166.2915,359.9771,5.467686,-534.1,0.16,0
385.4152,1,-171.8976,2.90469,-11.59465,0.02795998,166.9638,359.9771,5.639624,-533.2656,0.16,0
385.5254,1,-171.8285,2.90469,-11.98991,0.02795971,167.64,359.9771,5.884871,-526.908,0.3,0
385.6309,1,-171.7608,2.90469,-12.40689,0.02795992,168.336,359.9771,6.201251,-526.6076,0.3,0
385.7373,1,-171.6939,2.90469,-12.84646,0.02796513,168.9574,359.9771,6.520532,-501.6004,0.3,0
385.8486,1,-171.6288,2.90469,-13.30912,0.02796418,169.6262,359.9771,6.854312,-496.4731,0.3,0
385.9633,1,-171.5649,2.90469,-13.79533,0.0279613,170.1997,359.9771,7.198679,-475.8294,0.3,0
386.0732,1,-171.5031,2.90469,-14.30519,0.0279639,170.7981,359.9771,7.528293,-475.0174,0.3,0
386.1824,1,-171.4447,2.90469,-14.83868,0.02796523,171.4705,359.9771,7.855812,-488.7334,0.3,0
386.2842,1,-171.3909,2.90469,-15.39544,0.02796204,172.1946,359.9771,8.161282,-491.4079,0.3,0
386.3915,1,-171.3424,2.904632,-15.97518,0.03479751,172.9616,359.9859,8.483136,-491.567,0.3,0
386.4992,1,-171.3,2.90469,-16.57813,0.02795549,173.741,359.9771,8.806228,-491.599,0.3,0
386.6084,1,-171.265,2.90469,-17.2043,0.0279641,174.5717,359.9771,9.133881,-491.6404,0.3,0
386.717,1,-171.238,2.904642,-17.85325,0.03440463,175.4137,359.9571,9.459549,-491.8877,0.3,0
386.8239,1,-171.2201,2.90469,-18.52481,0.0279639,176.2733,359.9771,9.780273,-491.8997,0.3,0
386.9324,1,-171.2124,2.90469,-19.21915,0.02796475,177.1916,359.9771,10.10589,-491.9,0.3,0
387.035,1,-171.2162,2.90469,-19.93624,0.02795517,178.1289,359.9771,10.4137,-491.9,0.3,0
387.1433,1,-171.2322,2.90469,-20.67578,0.02796232,179.0974,359.9771,10.7387,-490.9696,0.3,0
387.2528,1,-171.2619,2.90469,-21.43776,0.02795917,180.1038,359.9771,11.06702,-490.9016,0.3,0
387.362,1,-171.306,2.90469,-22.22205,0.02795999,181.0816,359.9771,11.39454,-480.3759,0.3,0
387.4708,1,-171.3644,2.90469,-23.02834,0.02796409,182.045,359.9771,11.72099,-477.6749,0.3,0
387.578,1,-171.4373,2.90469,-23.85632,0.0279559,182.896,359.9771,12.04259,-452.9604,0.3,0
387.6839,1,-171.5216,2.90469,-24.70554,0.02796198,183.5667,359.9771,12.36028,-441.1999,0.3,0
387.7853,1,-171.6177,2.904693,-25.57493,0.02302259,184.2302,359.977,12.66467,-441.1321,0.3,0
387.8896,1,-171.7272,2.90469,-26.46519,0.02796233,184.9254,359.9771,12.97757,-441.3896,0.3,0
387.9966,1,-171.8508,2.90469,-27.37568,0.02796832,185.6671,359.9771,13.2984,-441.3997,0.3,0
388.0987,1,-171.9888,2.90469,-28.30596,0.02796156,186.3832,359.9771,13.60462,-441.7466,0.3,0
388.2012,1,-172.1427,2.90469,-29.25631,0.02795953,187.1453,359.9771,13.91234,-441.8944,0.3,0
388.3096,1,-172.3127,2.90469,-30.22553,0.02796256,187.9387,359.9771,14.23754,-441.9786,0.3,0
388.4219,1,-172.5278,2.90469,-31.35662,0.02796918,188.7888,359.9771,14.57432,-442.0961,0.3,0
388.5288,1,-172.7355,2.90469,-32.36595,0.02796647,189.6337,359.9771,14.89501,-442.1574,0.3,0
388.6293,1,-172.9619,2.90469,-33.39343,0.02796327,190.4241,359.9771,15.19642,-442.6646,0.3,0
388.7328,1,-173.2088,2.90469,-34.43894,0.02796336,191.2751,359.9771,15.50708,-442.699,0.3,0
388.841,1,-173.4762,2.904759,-35.50143,0.02715679,192.1852,359.9735,15.82478,-441.956,0.28,0
388.9518,1,-173.8077,2.90469,-36.73523,0.02796251,193.1093,359.9771,16.13506,-441.9012,0.28,0
389.0602,1,-174.1176,2.90469,-37.83078,0.02796282,193.7462,359.9771,16.43846,-414.926,0.28,0
389.173,1,-174.4907,2.90469,-39.09882,0.02795755,194.3939,359.9771,16.61905,-411.6705,0.16,0
389.28,1,-174.8323,2.90469,-40.2168,0.02795641,194.9289,359.9771,16.79018,-401.1355,0.16,0
389.3815,1,-175.1842,2.90469,-41.34349,0.02795516,195.2641,359.9771,16.9467,-390.9601,0.14,0
389.4882,1,-175.5462,2.90469,-42.47824,0.02796011,195.6202,359.9771,17.09603,-390.5105,0.14,0
389.5887,1,-175.9155,2.90469,-43.62109,0.02796303,195.7224,359.9771,17.23678,-361.922,0.14,0
389.6935,1,-176.2862,2.90469,-44.77386,0.02796295,195.6545,359.9771,17.38342,-354.4413,0.14,0
389.8044,1,-176.7113,2.90469,-46.10353,0.02796109,195.5107,359.9771,17.53866,-344.1878,0.14,0
389.9155,1,-177.1342,2.90469,-47.44687,0.02796224,195.2442,359.9771,17.69426,-338.9497,0.14,0
390.027,1,-177.5544,2.90469,-48.80407,0.02796452,194.964,359.9771,17.85036,-337.101,0.14,0
390.1378,1,-177.9709,2.90469,-50.1754,0.02796152,194.6488,359.9771,18.00543,-335.4535,0.14,0
390.2489,1,-178.3824,2.90469,-51.56115,0.0279676,194.2208,359.9771,18.16107,-318.6749,0.14,0
390.3604,1,-178.7802,2.90469,-52.96357,0.02796444,193.4645,359.9771,18.31711,-302.4157,0.14,0
390.471,1,-179.1626,2.90469,-54.38317,0.0279642,192.697,359.9771,18.47199,-301.91,0.14,0
390.5823,1,-179.5276,2.90469,-55.8201,0.02796695,191.8382,359.9771,18.62777,-293.7104,0.14,0
390.6937,1,-179.8729,2.90469,-57.27465,0.0279569,190.9381,359.9771,18.78375,-292.8201,0.14,0
390.8045,1,-180.1971,2.90469,-58.74675,0.02795917,189.951,359.9771,18.93894,-283.9133,0.14,0
390.9159,1,-180.4962,2.90469,-60.23677,0.02795906,188.8786,359.9771,19.09481,-281.2684,0.14,0
391.0289,1,-180.7695,2.90469,-61.74437,0.02796184,187.7988,359.9771,19.25303,-281.2011,0.14,0
391.1398,1,-181.016,2.90469,-63.26931,0.02796188,186.6933,359.9771,19.40831,-281.6262,0.14,0
391.2547,1,-181.2346,2.90469,-64.81127,0.02796581,185.5744,359.9771,19.5692,-281.6985,0.14,0
391.3588,1,-181.4019,2.90469,-66.17431,0.02796101,184.5667,359.9771,19.71485,-279.8504,0.14,0
391.4594,1,-181.5446,2.90469,-67.55039,0.02795717,183.4885,359.9771,19.8557,-279.416,0.14,0
391.57,1,-181.6792,2.90469,-69.13766,0.02796333,182.3349,359.9771,20.01066,-279.4003,0.14,0
391.6816,1,-181.7824,2.904689,-70.73935,0.02796595,181.1712,359.9771,20.15011,-279.4,0.12,0
391.7929,1,-181.8532,2.90469,-72.35355,0.02796184,179.9675,359.9771,20.28371,-274.2214,0.12,0
391.904,1,-181.8873,2.90469,-73.97253,0.02795951,178.6376,359.9771,19.95052,-269.0669,0,0
392.0158,1,-181.8846,2.90469,-75.53957,0.02795953,177.3479,359.9771,19.15051,-266.7361,0,0
392.129,1,-181.8466,2.90469,-77.04208,0.02796353,176.0017,359.9771,18.35051,-261.9668,0,0
392.2431,1,-181.7768,2.90469,-78.47944,0.0279636,174.6992,359.9771,17.55051,-261.8029,0,0
392.3485,1,-181.6909,2.90469,-79.68298,0.02796022,173.4914,359.9771,16.85051,-256.0663,0,0
392.4599,1,-181.5694,2.90469,-80.99645,0.02796286,172.2438,359.9771,16.0505,-255.1225,0,0
392.571,1,-181.427,2.90469,-82.24346,0.02796125,171.0363,359.9771,15.2505,-252.9521,0,0
392.6821,1,-181.2674,2.90469,-83.42389,0.02796026,169.8906,359.9771,14.4505,-252.3166,0,0
392.7934,1,-181.0944,2.90469,-84.53773,0.02797001,168.7915,359.9771,13.65049,-250.7253,0,0
392.9047,1,-180.9112,2.90469,-85.58504,0.02795747,167.7266,359.9771,12.85049,-249.9227,0,0
393.0166,1,-180.7216,2.90469,-86.56622,0.02796068,166.7601,359.9771,12.05049,-253.2313,0,0
393.1298,1,-180.5294,2.90469,-87.48163,0.02796321,165.8759,359.9771,11.25048,-256.4056,0,0
393.2365,1,-180.3608,2.90469,-88.22878,0.02795961,165.0911,359.9771,10.55048,-256.1489,0,0
393.3503,1,-180.1705,2.90469,-89.02173,0.02796158,164.3075,359.9771,9.750479,-255.4246,0,0
393.4702,1,-179.9857,2.90469,-89.75011,0.02795807,163.5835,359.9771,8.950476,-255.4003,0,0
393.5727,1,-179.8293,2.90469,-90.3346,0.02796028,162.9454,359.9771,8.250473,-254.8523,0,0
393.6841,1,-179.66,2.90469,-90.9431,0.02796424,162.3482,359.9771,7.450473,-254.7038,0,0
393.7895,1,-179.5211,2.90469,-91.42358,0.02796192,161.8351,359.9771,6.750473,-254.7001,0,0
393.9011,1,-179.3703,2.90469,-91.92885,0.02795768,161.3322,359.9771,6.575373,-254.7,0.03,0
394.0137,1,-179.2152,2.90469,-92.43235,0.0279621,160.831,359.9771,6.609142,-254.7655,0.03,0
394.1259,1,-179.0546,2.90469,-92.93804,0.02795969,160.3259,359.9771,6.685192,-254.7991,0.08,0
394.2261,1,-178.9084,2.90469,-93.38477,0.02795801,159.8681,359.9771,6.765338,-254.8322,0.08,0
394.3303,1,-178.7564,2.90469,-93.83656,0.02796322,159.3862,359.9771,6.891272,-254.8969,0.14,0
394.4427,1,-178.5745,2.90469,-94.36242,0.02796562,158.8524,359.9771,7.048595,-254.8085,0.14,0
394.5551,1,-178.3834,2.90469,-94.89851,0.02796306,158.3107,359.9771,7.223064,-254.6072,0.18,0
394.6599,1,-178.2073,2.90469,-95.37795,0.02796585,157.7813,359.9771,7.411512,-254.6002,0.18,0
394.7737,1,-177.9953,2.90469,-95.93891,0.02796469,157.2047,359.9771,7.615086,-254.129,0.17,0
394.886,1,-177.7719,2.90469,-96.51235,0.0279652,156.616,359.9771,7.805879,-254.1006,0.17,0
394.997,1,-177.5368,2.90469,-97.09749,0.02796551,156.0038,359.9771,7.994752,-250.9017,0.17,0
395.1084,1,-177.29,2.90469,-97.69258,0.02795685,155.3607,359.9771,8.125538,-249.2469,0.1,0
395.2275,1,-177.0326,2.90469,-98.29327,0.02795807,154.6862,359.9771,8.244675,-244.5997,0.1,0
395.341,1,-176.7633,2.90469,-98.89883,0.02795957,153.9255,359.9771,8.344062,-241.3889,0.08,0
395.4542,1,-176.4833,2.90469,-99.50759,0.02795948,153.1584,359.9771,8.434577,-226.6149,0.08,0
395.565,1,-176.1903,2.90469,-100.1181,0.02796486,152.2497,359.9771,8.523287,-212.6501,0.08,0
395.6781,1,-175.8842,2.90469,-100.7301,0.02796529,151.2817,359.9771,8.613731,-198.062,0.08,0
395.783,1,-175.603,2.90469,-101.2655,0.0279597,150.2402,359.9771,8.691952,-185.114,0.07,0
395.8958,1,-175.2675,2.90469,-101.8767,0.02796386,149.0962,359.9771,8.770986,-179.3031,0.07,0
396.0092,1,-174.9157,2.90469,-102.4858,0.02796276,147.8566,359.9771,8.838996,-167.8951,0.05,0
396.1156,1,-174.5944,2.90469,-103.0154,0.02796789,146.6694,359.9771,8.892212,-164.04,0.05,0
396.2279,1,-174.2102,2.90469,-103.615,0.02796437,145.2028,359.9771,8.939982,-139.5887,0.03,0
396.3411,1,-173.8089,2.90469,-104.2072,0.02796453,143.7348,359.9771,8.973936,-133.422,0.03,0
396.4523,1,-173.3882,2.90469,-104.7887,0.0279655,141.9682,359.9771,9.007295,-94.52076,0.03,0
396.5662,1,-172.9478,2.904622,-105.3588,0.02909838,140.1493,359.9781,9.041473,-92.73342,0.03,0
396.6735,1,-172.544,2.90469,-105.8458,0.02796064,138.3014,359.9771,9.073657,-59.45662,0.03,0
396.7863,1,-172.0614,2.90469,-106.3869,0.02796159,136.1122,359.9771,9.090555,-43.23111,0.01,0
396.8925,1,-171.621,2.90469,-106.8446,0.02796331,134.0591,359.9771,9.101173,-38.08007,0.01,0
397.006,1,-171.0979,2.90469,-107.3447,0.02795777,131.56,359.9771,8.808259,-1.671384,0,0
397.1129,1,-170.6517,2.90469,-107.7367,0.02795695,129.3615,359.9771,8.108256,-0.1369689,0,0
397.2264,1,-170.1697,2.90469,-108.125,0.02795981,126.9022,359.9771,7.308257,49.03543,0,0
397.3339,1,-169.7762,2.90469,-108.4155,0.02796251,124.7818,359.9771,6.608257,53.87506,0,0
397.4365,1,-169.4125,2.90469,-108.6636,0.02796179,122.8327,359.9771,5.908258,76.76191,0,0
397.5441,1,-169.0818,2.90469,-108.8728,0.02796023,120.9897,359.9771,5.208259,82.72646,0,0
397.657,1,-168.7481,2.90469,-109.0698,0.02796615,119.2638,359.9771,4.408259,83.65752,0,0
397.7652,1,-168.4971,2.90469,-109.2083,0.02795871,117.8818,359.9771,3.70826,89.77906,0,0
397.8656,1,-168.2865,2.90469,-109.3189,0.02796472,116.8006,359.9771,3.008261,90.09031,0,0
397.9723,1,-168.1176,2.90469,-109.4038,0.02796057,115.9141,359.9771,2.308261,81.29723,0,0
398.0856,1,-167.9772,2.90469,-109.4722,0.02795872,115.2234,359.9771,1.508262,80.61391,0,0
398.188,1,-167.901,2.90469,-109.5084,0.02795949,114.8478,359.9771,0.8082614,80.60033,0,0
398.2991,1,-167.868,2.90469,-109.5239,0.02796788,114.6902,359.9771,0.1153265,88.0911,0.05,0
398.4109,1,-167.8578,2.90469,-109.5286,0.02795486,114.6409,359.9771,0.171185,88.58944,0.05,0
398.515,1,-167.8456,2.90469,-109.5343,0.02795919,114.5772,359.9771,0.2232438,88.19641,0.05,0
398.6265,1,-167.8227,2.90469,-109.5449,0.02796245,114.4678,359.9771,0.4351372,88.10234,0.19,0
398.7401,1,-167.7844,2.90469,-109.5626,0.02796847,114.2793,359.9771,0.651017,88.02201,0.19,0
398.8459,1,-167.7363,2.90469,-109.5843,0.02795938,114.0246,359.9771,0.9215454,88.00067,0.28,0
398.9577,1,-167.6593,2.90469,-109.619,0.02795823,113.6573,359.9771,1.234431,88.00002,0.28,0
399.0582,1,-167.5729,2.90469,-109.6571,0.02796386,113.2321,359.9771,1.515855,88.54621,0.28,0
399.1635,1,-167.4656,2.90469,-109.7031,0.02796375,112.6801,359.9771,1.87401,88.59855,0.34,0
399.2739,1,-167.3158,2.90469,-109.7659,0.02796224,111.9696,359.9771,2.249245,88.59998,0.34,0
399.3761,1,-167.1607,2.90469,-109.8285,0.02796218,111.2069,359.9771,2.596801,88.6,0.34,0
399.4793,1,-166.9812,2.90469,-109.8975,0.02796158,110.3041,359.9771,2.947532,88.6,0.34,0
399.5799,1,-166.7785,2.90469,-109.9722,0.02796513,109.3349,359.9771,3.289538,88.6,0.34,0
399.6842,1,-166.5513,2.90469,-110.0508,0.02796058,108.2035,359.9771,3.644408,88.6,0.34,0
399.7974,1,-166.2621,2.90469,-110.1445,0.02796644,106.8541,359.9771,4.02905,88.6,0.34,0
399.9009,1,-165.9824,2.90469,-110.2275,0.02796462,105.4812,359.9771,4.381036,88.6,0.34,0
400.0124,1,-165.6323,2.90469,-110.3223,0.02796087,103.8868,359.9771,4.760267,88.6,0.34,0
400.1131,1,-165.2994,2.90469,-110.4026,0.02795956,102.3474,359.9771,5.10259,88.6,0.34,0
400.224,1,-164.8882,2.90469,-110.4892,0.02796374,100.4978,359.9771,5.479574,88.40538,0.34,0
400.331,1,-164.5007,2.90469,-110.557,0.0279603,98.61801,359.9771,5.84347,88.30338,0.34,0
400.4427,1,-164.0262,2.90469,-110.6243,0.02795927,96.52125,359.9771,6.223027,88.30004,0.34,0
400.5452,1,-163.5836,2.90469,-110.6716,0.02796225,94.63688,359.9771,6.560773,46.47456,0.3,0
400.6638,1,-163.0499,2.90469,-110.7119,0.02796398,92.56972,359.9771,6.916665,40.40887,0.3,0
400.7786,1,-162.4867,2.90469,-110.7357,0.02795723,90.65744,359.9771,7.257429,-35.44473,0.28,0
400.8802,1,-161.971,2.90469,-110.7428,0.02796302,89.03037,359.9771,7.54192,-42.5727,0.28,0
400.9851,1,-161.4351,2.90469,-110.7371,0.02796266,87.5674,359.9771,7.835846,-105.5237,0.28,0
401.0933,1,-160.8801,2.90469,-110.7194,0.02795879,86.2104,359.9771,8.09529,-120.1884,0.24,0
401.194,1,-160.308,2.90469,-110.6892,0.02796131,85.00803,359.9771,8.337163,-146.397,0.24,0
401.2978,1,-159.7189,2.90469,-110.6471,0.02796502,83.90813,359.9771,8.579114,-167.8297,0.23,0
401.4061,1,-159.1145,2.90469,-110.5921,0.02796662,82.7269,359.9771,8.828314,-166.5448,0.23,0
401.5085,1,-158.4945,2.90469,-110.5221,0.02796293,81.48473,359.9771,9.063866,-150.0548,0.23,0
401.6145,1,-157.8594,2.90469,-110.4349,0.02795962,80.13284,359.9771,9.307738,-149.0264,0.23,0
401.7236,1,-157.2095,2.904715,-110.33,0.02288397,78.7365,359.9814,9.558483,-154.6764,0.23,0
401.8336,1,-156.5453,2.90469,-110.2062,0.02796703,77.30776,359.9771,9.811473,-155.3829,0.23,0
401.9384,1,-155.8673,2.904674,-110.063,0.02805951,75.94179,359.9567,10.05259,-155.3996,0.23,0
402.0464,1,-155.1755,2.90469,-109.9014,0.02795988,74.71446,359.9771,10.30099,-192.2128,0.23,0
402.1544,1,-154.4705,2.90469,-109.7214,0.0279572,73.5193,359.9771,10.53856,-194.9332,0.22,0
402.2621,1,-153.7533,2.90469,-109.5232,0.0279644,72.38859,359.9771,10.77547,-215.7007,0.22,0
402.3709,1,-153.0239,2.90469,-109.3076,0.02796445,71.31186,359.9771,11.01501,-220.2762,0.22,0
402.4747,1,-152.2822,2.904793,-109.0756,0.01606179,70.44641,359.99,11.24319,-250.8092,0.22,0
402.5829,1,-151.528,2.90469,-108.8283,0.02796223,69.64971,359.9771,11.48126,-257.9987,0.22,0
402.6899,1,-150.7613,2.90469,-108.5659,0.02796485,68.92999,359.9771,11.71668,-276.4655,0.22,0
402.7985,1,-149.9826,2.904822,-108.2898,0.01079594,68.27144,359.9778,11.91831,-281.3623,0.18,0
402.9066,1,-149.1941,2.90469,-108.0009,0.02796293,67.67284,359.9771,12.11298,-292.6457,0.18,0
403.0163,1,-148.3956,2.90469,-107.7,0.02795974,67.13371,359.9771,12.30252,-297.1695,0.17,0
403.1255,1,-147.5877,2.90469,-107.3871,0.02795911,66.6175,359.9771,12.48817,-303.7188,0.17,0
403.2342,1,-146.7703,2.90469,-107.0633,0.02795865,66.16515,359.9771,12.67296,-308.4433,0.17,0
403.3363,1,-145.9436,2.90469,-106.7285,0.02796111,65.73991,359.9771,12.84649,-308.5959,0.17,0
403.4414,1,-145.1074,2.90469,-106.3834,0.02796272,65.41735,359.9771,13.0252,-332.1738,0.17,0
403.5526,1,-144.2603,2.90469,-106.0317,0.02796364,65.27229,359.9771,13.21423,-343.5789,0.17,0
403.6611,1,-143.402,2.90469,-105.6734,0.02796346,65.19608,359.9771,13.39869,-360.1999,0.17,0
403.7695,1,-142.5308,2.90469,-105.3115,0.02795926,65.29748,359.9771,13.58293,-369.8872,0.17,0
403.879,1,-141.6472,2.90469,-104.9462,0.02796343,65.38996,359.9771,13.7691,-385.7015,0.17,0
403.9818,1,-140.7466,2.90469,-104.5877,0.02796136,66.27387,359.9771,13.94393,-447.5088,0.17,0
404.0884,1,-139.8293,2.90469,-104.2379,0.02796179,67.10222,359.9771,14.12514,-450.9159,0.17,0
404.1907,1,-138.891,2.90469,-103.9069,0.02796101,68.71552,359.9771,14.29593,-532.2734,0.15,0
404.2991,1,-137.9309,2.90469,-103.6025,0.02796227,70.53172,359.9771,14.45857,-539.6188,0.15,0
404.4081,1,-136.9473,2.90469,-103.336,0.02796288,73.14157,359.9771,14.62207,-616.0247,0.15,0
404.5163,1,-135.9415,2.90469,-103.1152,0.02796108,75.90525,359.9771,14.75191,-621.4677,0.12,0
404.6262,1,-134.9173,2.90469,-102.9416,0.02796133,78.69099,359.9771,14.88382,-617.9055,0.12,0
404.7345,1,-133.8771,2.90469,-102.8161,0.02795451,81.41458,359.9771,14.99613,-616.3477,0.09,0
404.8401,1,-132.825,2.90469,-102.7399,0.02796051,84.16598,359.9771,15.09121,-616.3011,0.09,0
404.9498,1,-131.765,2.90469,-102.7028,0.02796129,86.13136,359.9771,15.18588,-538.8913,0.07,0
405.0503,1,-130.6985,2.904729,-102.6984,0.02191879,87.89895,359.9792,15.25627,-530.0972,0.07,0
405.1565,1,-129.6273,2.904701,-102.7272,0.02832748,89.66918,359.9798,15.33058,-527.006,0.07,0
405.2655,1,-128.5526,2.904658,-102.7891,0.03061903,91.5009,359.9639,15.39598,-526.6099,0.06,0
405.3729,1,-127.4758,2.90469,-102.8827,0.02795947,93.12,359.9771,15.46041,-503.3871,0.06,0
405.4745,1,-126.3977,2.90469,-103.0034,0.02796204,94.5144,359.9771,15.51126,-498.5681,0.05,0
405.5791,1,-125.3193,2.90469,-103.1513,0.02796406,95.86405,359.9771,15.56351,-482.7922,0.05,0
405.6871,1,-124.2408,2.90469,-103.3226,0.02795747,97.14915,359.9771,15.61753,-478.1358,0.05,0
405.7998,1,-123.0088,2.90469,-103.5473,0.02795897,98.51207,359.9771,15.67389,-482.5167,0.05,0
405.9049,1,-121.9321,2.904753,-103.772,0.02009586,99.86616,-0.002193235,15.72642,-486.542,0.05,0
406.0074,1,-120.8573,2.90469,-104.0214,0.02795772,101.1815,359.9771,15.77769,-486.6959,0.05,0
406.1087,1,-119.785,2.90469,-104.2962,0.0279613,102.4226,359.9771,15.82831,-477.8416,0.05,0
406.2126,1,-118.7153,2.90469,-104.5945,0.02796262,103.6715,359.9771,15.88027,-476.1537,0.05,0
406.314,1,-117.6482,2.904654,-104.9139,0.03460995,104.6528,359.9719,15.93098,-443.4617,0.05,0
406.4167,1,-116.582,2.90469,-105.2483,0.02796098,105.3851,359.9771,15.98233,-429.2349,0.05,0
406.518,1,-115.5167,2.90469,-105.5964,0.02795826,106.0658,359.9771,16.03298,-421.9198,0.05,0
406.6227,1,-114.4513,2.90469,-105.9559,0.02796113,106.5851,359.9771,16.08536,-408.5194,0.05,0
406.7243,1,-113.3858,2.90469,-106.3257,0.02795935,107.0861,359.9771,16.13614,-406.376,0.05,0
406.8296,1,-112.3196,2.90469,-106.7044,0.02796546,107.4667,359.9771,16.18876,-395.6126,0.05,0
406.9417,1,-111.1001,2.904675,-107.1468,0.0304034,107.8831,359.9738,16.24486,-395.0122,0.05,0
407.0478,1,-110.0317,2.90469,-107.5416,0.02796386,108.1775,359.9771,16.29789,-386.1199,0.05,0
407.159,1,-108.8089,2.90469,-108.0003,0.02796094,108.473,359.9771,16.35347,-385.4155,0.05,0
407.2601,1,-107.7374,2.90469,-108.4081,0.02796121,108.7216,359.9771,16.40403,-382.4191,0.05,0
407.3632,1,-106.6642,2.90469,-108.8215,0.02795907,108.9528,359.9771,16.45558,-381.0511,0.05,0
407.4754,1,-105.4357,2.90469,-109.3005,0.02796675,109.2003,359.9771,16.51169,-379.2939,0.05,0
407.5823,1,-104.3583,2.90469,-109.7232,0.02796296,109.2738,359.9771,16.56513,-367.4366,0.05,0
407.6936,1,-103.1234,2.90469,-110.2096,0.02796338,109.359,359.9771,16.62077,-366.813,0.05,0
407.8022,1,-102.039,2.90469,-110.6351,0.02796434,109.2154,359.9771,16.67506,-345.3888,0.05,0
407.9119,1,-100.7938,2.90469,-111.1187,0.02796587,109.0142,359.9771,16.72994,-343.8357,0.05,0
408.0158,1,-99.69926,2.90469,-111.5385,0.02796185,108.7221,359.9771,16.78189,-324.8879,0.05,0
408.1268,1,-98.44006,2.90469,-112.0086,0.02796102,108.1782,359.9771,16.83737,-317.4054,0.05,0
408.2311,1,-97.33099,2.90469,-112.4108,0.02796261,107.6155,359.9771,16.88955,-303.3875,0.05,0
408.3419,1,-96.05333,2.90469,-112.8543,0.02795994,106.7609,359.9771,16.94492,-289.9379,0.05,0
408.4454,1,-94.92627,2.90469,-113.2273,0.02796137,105.9921,359.9771,16.99667,-294.4439,0.05,0
408.5568,1,-93.62894,2.90469,-113.6391,0.02795561,105.2554,359.9771,17.04965,-299.2471,0.04,0
408.6701,1,-92.32266,2.90469,-114.035,0.02796252,104.4993,359.9771,17.09499,-299.3973,0.04,0
408.7707,1,-91.1725,2.90469,-114.3679,0.02796069,103.8313,359.9771,17.13521,-300.196,0.04,0
408.8884,1,-89.85029,2.904685,-114.7336,0.02618952,103.109,359.9708,17.18227,-300.98,0.04,0
408.9995,1,-88.51969,2.90469,-115.0824,0.02796061,102.3395,359.9771,17.22674,-302.4785,0.04,0
409.1111,1,-87.183,2.904589,-115.4177,0.04057769,101.7762,359.964,17.06005,-313.8723,0,0
409.218,1,-86.04272,2.90469,-115.6924,0.02796327,101.2495,359.9771,16.36005,-314.3875,0,0
409.3289,1,-84.79556,2.90469,-115.9827,0.02796398,100.864,359.9771,15.56005,-328.7912,0,0
409.4406,1,-83.60912,2.90469,-116.2517,0.02796392,100.5429,359.9771,14.76004,-330.3649,0,0
409.5407,1,-82.621,2.90469,-116.4703,0.02796308,100.2521,359.9771,14.06004,-326.427,0,0
409.6457,1,-81.67941,2.90469,-116.6717,0.02795713,99.85957,359.9771,13.36004,-318.4671,0,0
409.7566,1,-80.66051,2.90469,-116.8827,0.02796585,99.46889,359.9771,12.56003,-318.1073,0,0
409.8745,1,-79.703,2.90469,-117.0744,0.02796038,99.10749,359.9771,11.76003,-318.8594,0,0
409.9851,1,-78.80708,2.90469,-117.2477,0.02795765,98.75507,359.9771,10.96003,-318.8991,0,0
410.0968,1,-77.97306,2.90469,-117.4043,0.02796368,98.44405,359.9771,10.16002,-318.9,0,0
410.2086,1,-77.20119,2.90469,-117.5449,0.02796064,98.15305,359.9771,9.360022,-318.9,0,0
410.3099,1,-76.57692,2.90469,-117.6556,0.02796198,97.90944,359.9771,8.660019,-318.9,0,0
410.4221,1,-75.92203,2.90469,-117.7689,0.02796746,97.66599,359.9771,7.860017,-319.0705,0,0
410.5322,1,-75.32977,2.90469,-117.8689,0.02796041,97.44583,359.9771,7.060018,-319.0993,0,0
410.6354,1,-74.86303,2.90469,-117.9459,0.02796087,97.25906,359.9771,6.360018,-317.8561,0,0
410.7479,1,-74.38853,2.90469,-118.0226,0.02796271,97.07325,359.9771,5.670797,-316.6374,0.07,0
410.8588,1,-73.93797,2.90469,-118.0939,0.02796012,96.8944,359.9771,5.748439,-316.6007,0.07,0
410.965,1,-73.5383,2.90469,-118.1557,0.0279613,96.69376,359.9771,5.822818,-305.2776,0.07,0
411.0772,1,-73.07343,2.904727,-118.2254,0.02218701,96.44151,359.9867,5.969181,-300.9141,0.15,0
411.1848,1,-72.59541,2.904609,-118.2949,0.03818144,96.19811,359.9519,6.130571,-299.8196,0.15,0
411.2878,1,-72.16549,2.90469,-118.3553,0.02796259,95.92699,359.9771,6.310193,-295.3562,0.21,0
411.3994,1,-71.65734,2.90469,-118.4242,0.02796516,95.62682,359.9771,6.544494,-295.1052,0.21,0
411.5038,1,-71.19656,2.90469,-118.484,0.02796382,95.33135,359.9771,6.763753,-292.78,0.21,0
411.6149,1,-70.65091,2.90469,-118.5519,0.02796281,94.9896,359.9771,7.052381,-290.4744,0.31,0
411.7279,1,-70.07884,2.90469,-118.6195,0.02796445,94.62756,359.9771,7.402675,-290.4013,0.31,0
411.8325,1,-69.55416,2.90469,-118.6779,0.02796289,94.26532,359.9771,7.726828,-289.2603,0.31,0
411.9436,1,-68.92764,2.90469,-118.7437,0.02795644,93.86488,359.9771,8.071485,-289.1037,0.31,0
412.0481,1,-68.35635,2.90469,-118.7996,0.02796815,93.47311,359.9771,8.395198,-288.8151,0.31,0
412.1589,1,-67.67582,2.90469,-118.8614,0.02796532,93.03757,359.9771,8.738808,-288.7031,0.31,0
412.2594,1,-67.05742,2.90469,-118.9129,0.02796446,92.63859,359.9771,9.050242,-288.7285,0.31,0
412.3624,1,-66.41591,2.90469,-118.9613,0.02796523,92.19307,359.9771,9.369519,-288.8903,0.31,0
412.4744,1,-65.65635,2.90469,-119.0129,0.02796094,91.70813,359.9771,9.716738,-288.8998,0.31,0
412.5759,1,-64.96835,2.90469,-119.0538,0.02796138,91.25181,359.9771,10.03136,-288.9787,0.31,0
412.6792,1,-64.25725,2.90469,-119.0901,0.02796037,90.76608,359.9771,10.35181,-288.9993,0.31,0
412.791,1,-63.41816,2.90469,-119.1257,0.02796257,90.22965,359.9771,10.69813,-289,0.31,0
412.8981,1,-62.66045,2.90469,-119.1508,0.02795983,89.70058,359.9771,11.03043,-289,0.31,0
413.009,1,-61.76681,2.90471,-119.1719,0.03694492,89.12972,359.9839,11.37414,-289,0.31,0
413.1092,1,-60.96184,2.904709,-119.1832,0.03694026,88.60369,359.9839,11.68484,-289.1973,0.31,0
413.214,1,-60.13425,2.904709,-119.1868,0.03694318,88.03526,359.9839,12.00957,-289.5822,0.31,0
413.325,1,-59.16189,2.904709,-119.1813,0.03694655,87.42681,359.9839,12.35382,-289.5996,0.31,0
413.4392,1,-58.16191,2.904709,-119.1654,0.03694065,86.84731,359.9839,12.70764,-300.6024,0.31,0
413.5433,1,-57.26283,2.90471,-119.1431,0.03694031,86.36002,359.9839,13.03043,-303.6005,0.31,0
413.6546,1,-56.20929,2.90471,-119.108,0.03694361,85.84367,359.9839,13.37546,-306.4039,0.31,0
413.7679,1,-55.12838,2.90471,-119.0627,0.03694033,85.33971,359.9839,13.72681,-309.0225,0.31,0
413.8722,1,-54.15894,2.90471,-119.0136,0.03693802,84.86547,359.9839,14.0501,-309.0981,0.31,0
413.9846,1,-53.0252,2.90471,-118.9466,0.03693852,84.34699,359.9839,14.3986,-309.1,0.31,0
414.0896,1,-52.00999,2.904709,-118.8772,0.03694278,83.84162,359.9839,14.72399,-309.1,0.31,0
414.2005,1,-50.82393,2.904709,-118.7856,0.03693841,83.30076,359.9839,15.06781,-309.1,0.31,0
414.3134,1,-49.61135,2.90471,-118.6803,0.0369398,82.74458,359.9839,15.4179,-309.1,0.31,0
414.4136,1,-48.52803,2.904709,-118.5758,0.03693903,82.22903,359.9839,15.72828,-309.1,0.31,0
414.5252,1,-47.26523,2.904709,-118.4417,0.03693767,81.62234,359.9839,16.07427,-305.8035,0.31,0
414.6288,1,-46.13803,2.90471,-118.3095,0.03694367,81.02925,359.9839,16.39543,-305.2186,0.31,0
414.743,1,-44.82567,2.90471,-118.1409,0.03693569,80.30589,359.9839,16.74937,-295.4486,0.31,0
414.8464,1,-43.65561,2.904709,-117.9731,0.03693905,79.51576,359.9839,17.06999,-291.0616,0.31,0
414.9599,1,-42.29538,2.90471,-117.7585,0.03693926,78.60183,359.9839,17.42202,-282.3155,0.31,0
415.0659,1,-41.08563,2.904709,-117.5426,0.03694309,77.44485,359.9839,17.75034,-264.7834,0.31,0
415.1765,1,-39.68217,2.90471,-117.2627,0.03694183,76.21407,359.9839,18.0934,-264.0158,0.31,0
415.2907,1,-38.25879,2.904709,-116.944,0.03693887,74.72279,359.9839,18.44733,-236.3701,0.31,0
415.3955,1,-36.9997,2.904709,-116.6204,0.03693943,72.98167,359.9839,18.77235,-223.3586,0.31,0
415.5067,1,-35.54722,2.904709,-116.1991,0.03693997,71.10294,359.9839,19.11678,-222.9085,0.31,0
415.6132,1,-34.27002,2.904709,-115.7745,0.03693673,68.70186,359.9839,19.44699,-176.9638,0.31,0
415.7245,1,-32.80814,2.90471,-115.2137,0.03694056,66.04948,359.9839,19.79234,-173.3782,0.31,0
415.8301,1,-31.53161,2.90471,-114.6551,0.03693907,63.45839,359.9839,20.11951,-173.3017,0.31,0
415.9452,1,-30.07675,2.90471,-113.9427,0.03693838,61.14036,359.9839,20.47629,-226.0408,0.31,0
416.0485,1,-28.80164,2.90471,-113.2699,0.03693625,59.59805,359.9839,20.76839,-249.148,0.26,0
416.1617,1,-27.34595,2.90471,-112.4508,0.03693781,57.92566,359.9839,21.06282,-249.9854,0.26,0
416.265,1,-26.07308,2.90471,-111.6918,0.0369377,56.715,359.9839,21.33151,-276.2579,0.26,0
416.3711,1,-24.79994,2.90471,-110.8987,0.03694398,55.51699,359.9839,21.59813,-278.5389,0.25,0
416.4857,1,-23.34583,2.90471,-109.9492,0.03694696,54.32351,359.9839,21.88454,-289.7678,0.25,0
416.5894,1,-22.07205,2.904709,-109.0847,0.03694153,53.41838,359.9839,22.13953,-299.0237,0.24,0
416.6977,1,-20.79765,2.904709,-108.1909,0.03693579,52.47115,359.9839,22.39943,-299.392,0.24,0
416.7977,1,-19.52385,2.904709,-107.2659,0.03694068,51.5313,359.9839,22.63947,-291.4742,0.24,0
416.9011,1,-18.25395,2.90471,-106.3066,0.03694133,50.44311,359.9839,22.88078,-289.3712,0.23,0
417.0065,1,-16.98916,2.90471,-105.3135,0.03693431,49.33728,359.9839,23.12318,-289.3016,0.23,0
417.1077,1,-15.73566,2.90471,-104.2808,0.03694193,47.68583,359.9839,23.3558,-236.4419,0.23,0
417.2127,1,-14.51023,2.90471,-103.1902,0.03693973,45.47269,359.9839,23.58976,-223.2196,0.22,0
417.3215,1,-13.31499,2.90471,-102.0434,0.03694082,43.30665,359.9839,23.82923,-222.8082,0.22,0
417.4341,1,-12.01268,2.904709,-100.6442,0.03694039,39.33875,359.9839,24.07694,-136.2808,0.22,0
417.5408,1,-10.95135,2.90471,-99.32997,0.03693837,35.44053,359.9839,24.31175,-130.8379,0.22,0
417.641,1,-9.970186,2.90471,-97.93539,0.03693895,31.6334,359.9839,24.53215,-114.8338,0.22,0
417.747,1,-9.088402,2.90471,-96.45766,0.03694231,27.24017,359.9839,24.76536,-107.5452,0.22,0
417.8608,1,-8.205348,2.90471,-94.67896,0.03694011,22.54704,359.9839,25.01562,-107.3041,0.22,0
417.9666,1,-7.551665,2.904709,-93.05038,0.03694097,18.36975,359.9839,25.24845,-126.0621,0.22,0
418.0692,1,-7.004805,2.904709,-91.36649,0.03694045,14.46847,359.9839,25.46388,-128.6182,0.21,0
418.1732,1,-6.577099,2.90471,-89.63244,0.03693881,10.38062,359.9839,25.68231,-128.6981,0.21,0
418.2815,1,-6.256461,2.904709,-87.85944,0.03694182,6.891687,359.9839,25.9098,-172.2413,0.21,0
418.384,1,-6.034429,2.904738,-86.05595,0.03693882,3.719296,359.9839,26.10995,-175.4047,0.19,0
418.4898,1,-5.913883,2.904738,-84.22835,0.0369369,0.8233617,359.9839,26.311,-231.0691,0.19,0
418.5966,1,-5.826394,2.904739,-82.38282,0.03693858,0.4085083,359.9839,26.50547,-332.893,0.17,0
418.7049,1,-5.751656,2.904738,-80.5238,0.03693974,359.9813,359.9839,26.68945,-337.1059,0.17,0
418.8131,1,-5.690183,2.904739,-78.65154,0.03694101,359.5481,359.9839,26.87354,-336.7524,0.17,0
418.9224,1,-5.642439,2.904738,-76.7664,0.03693967,359.1319,359.9839,27.04835,-336.7013,0.16,0
419.0262,1,-5.608203,2.904738,-74.8688,0.03693636,358.7477,359.9839,27.21448,-340.9875,0.16,0
419.1348,1,-5.585207,2.904738,-72.95884,0.03694073,358.4038,359.9839,27.38823,-341.9729,0.16,0
419.2426,1,-5.572999,2.904738,-71.03662,0.03693703,358.1203,359.9839,27.56063,-347.8529,0.16,0
419.3508,1,-5.566462,2.904738,-69.10165,0.03693977,357.9778,359.9839,27.76915,-352.4429,0.22,0
419.4607,1,-5.564767,2.904739,-67.15051,0.03694033,357.8315,359.9839,28.0109,-352.5969,0.22,0
419.5707,1,-5.567321,2.904738,-65.18237,0.03693917,357.7495,359.9839,28.25295,-358.2397,0.22,0
419.6791,1,-5.569841,2.904738,-63.19715,0.03693816,357.7673,359.9839,28.50469,-360.8206,0.25,0
419.7859,1,-5.571764,2.904738,-61.1936,0.03694154,357.7853,359.9839,28.77155,-360.8983,0.25,0
419.8949,1,-5.564913,2.904738,-59.17124,0.03693489,358.2951,359.9839,29.04405,-390.0532,0.25,0
420.0043,1,-5.534228,2.904738,-57.12993,0.03693962,358.9452,359.9839,29.32842,-393.515,0.26,0
420.1128,1,-5.477739,2.904738,-55.06926,0.03693774,359.7006,359.9839,29.6107,-400.2185,0.26,0
420.2219,1,-5.388517,2.904739,-52.98973,0.03693598,0.6288299,359.9839,29.90099,-404.368,0.27,0
420.3401,1,-5.245026,2.904738,-50.5909,0.03694318,1.653594,359.9839,30.22031,-405.599,0.27,0
420.4448,1,-5.080644,2.904739,-48.4732,0.03694325,2.617908,359.9839,30.50292,-407.1335,0.27,0
420.5525,1,-4.877871,2.904747,-46.33854,0.03119024,3.671526,359.9825,30.79355,-407.1985,0.27,0
420.6607,1,-4.640014,2.904738,-44.18695,0.03693612,4.349141,359.9839,31.08579,-385.6702,0.27,0
420.7701,1,-4.381643,2.904739,-42.01727,0.03694045,4.818038,359.9839,31.38108,-381.5087,0.27,0
420.8787,1,-4.102945,2.904739,-39.8294,0.03693579,5.291523,359.9839,31.67441,-381.4795,0.27,0
420.9833,1,-3.804159,2.904739,-37.62423,0.0369389,5.724205,359.9839,31.95678,-381.5948,0.27,0
421.0966,1,-3.437265,2.904739,-35.08307,0.03694195,6.248059,359.9839,32.26265,-381.5999,0.27,0
421.2012,1,-3.093709,2.904738,-32.84163,0.03694464,6.721592,359.9839,32.5452,-381.6,0.27,0
421.3069,1,-2.735992,2.904738,-30.58244,0.03693958,6.859487,359.9839,32.83067,-364.964,0.27,0
421.4153,1,-2.372051,2.904739,-28.30407,0.03694227,6.941992,359.9839,33.12305,-363.6326,0.27,0
421.5252,1,-2.001719,2.904738,-26.00645,0.03693905,7.024578,359.9839,33.41997,-363.5172,0.27,0
421.6267,1,-1.624952,2.904738,-23.68948,0.03694268,7.100991,359.9839,33.69401,-363.5006,0.27,0
421.7291,1,-1.242007,2.904738,-21.35329,0.03693937,7.150114,359.9839,33.97041,-361.0536,0.27,0
421.8342,1,-0.8565078,2.904738,-18.99813,0.03694094,7.115521,359.9839,34.2541,-358.5984,0.27,0
421.9393,1,-0.4692886,2.904739,-16.62375,0.03693829,7.082824,359.9839,34.53806,-358.5024,0.27,0
422.0536,1,-0.05592379,2.904738,-13.8822,0.03694241,5.795849,359.9839,34.84162,-304.6759,0.24,0
422.1553,1,0.2466461,2.904738,-11.45547,0.03693787,4.422727,359.9839,35.08574,-301.4965,0.24,0
422.2631,1,0.484221,2.904738,-9.00431,0.03694069,2.424648,359.9839,35.34444,-262.0895,0.24,0
422.3706,1,0.6057234,2.904738,-6.52823,0.03694183,359.4727,359.9839,35.57529,-242.0491,0.21,0
422.4792,1,0.6044974,2.904739,-4.033825,0.03694165,356.5114,359.9839,35.80337,-241.4132,0.21,0
422.5879,1,0.4754392,2.904738,-1.526916,0.03694193,353.7017,359.9839,36.03147,-241.7545,0.21,0
422.6945,1,0.2151543,2.904738,0.9850453,0.03694049,350.7575,359.9839,36.22404,-241.7988,0.17,0
422.8103,1,-0.2303573,2.904739,3.853217,0.03694124,348.2694,359.9839,36.42081,-297.5233,0.17,0
422.9175,1,-0.6800879,2.904738,6.367607,0.03694207,347.3174,359.9839,36.6031,-321.2458,0.17,0
423.0274,1,-1.172379,2.904738,8.887301,0.0369427,346.567,359.9839,36.78988,-340.7346,0.17,0
423.1348,1,-1.678484,2.904738,11.41793,0.03693941,346.4947,359.9839,36.97247,-356.6322,0.17,0
423.2436,1,-2.190085,2.904738,13.96008,0.03693986,346.4259,359.9839,37.15746,-364.8461,0.17,0
423.3529,1,-2.679973,2.904738,16.52054,0.03694136,347.397,359.9839,37.34324,-395.7108,0.17,0
423.4562,1,-3.128781,2.904738,19.10163,0.03694103,348.358,359.9839,37.51887,-397.063,0.17,0
423.5652,1,-3.542118,2.904685,21.70148,0.04495635,349.0558,359.9823,37.7041,-386.3838,0.17,0
423.6744,1,-3.926419,2.904738,24.31894,0.03694057,349.7592,359.9839,37.88981,-385.6179,0.17,0
423.785,1,-4.28056,2.904738,26.95382,0.03693706,350.5001,359.9839,38.07789,-389.1123,0.17,0
423.8958,1,-4.598822,2.904738,29.60662,0.03694319,351.336,359.9839,38.26622,-390.5598,0.17,0
424.0005,1,-4.880528,2.904738,32.27658,0.03694407,352.1166,359.9839,38.44411,-388.9101,0.17,0
424.1078,1,-5.130682,2.904739,34.96217,0.03694281,352.8008,359.9839,38.62659,-385.7328,0.17,0
424.2158,1,-5.349844,2.904738,37.66328,0.03694522,353.4949,359.9839,38.81015,-386.5009,0.17,0
424.3212,1,-5.535403,2.904739,40.37972,0.03693832,354.2484,359.9839,38.9956,-388.4124,0.18,0
424.4344,1,-5.685084,2.904738,43.11194,0.03693791,355.0298,359.9839,39.19927,-388.3322,0.18,0
424.5423,1,-5.797741,2.904739,45.86006,0.03694214,355.795,359.9839,39.39351,-387.5387,0.18,0
424.6501,1,-5.874648,2.904738,48.62304,0.03694094,356.5534,359.9839,39.58745,-387.3278,0.18,0
424.7593,1,-5.916327,2.904738,51.40039,0.03694161,357.2768,359.9839,39.78409,-386.1575,0.18,0
424.8709,1,-5.922287,2.904738,54.19198,0.03693935,358.0221,359.9839,39.98494,-385.8985,0.18,0
424.9793,1,-5.893274,2.904739,56.99728,0.03694212,358.7143,359.9839,40.18016,-384.6615,0.18,0
425.0898,1,-5.829978,2.904738,59.81579,0.03694078,359.4117,359.9839,40.37897,-384.6013,0.18,0
425.1999,1,-5.732346,2.904738,62.64721,0.03693917,0.08436605,359.9839,40.57708,-383.0846,0.18,0
425.3047,1,-5.601979,2.904738,65.49097,0.03693878,0.7173789,359.9839,40.7657,-382.9052,0.18,0
425.4114,1,-5.435678,2.904739,68.34644,0.03693678,1.614118,359.9839,40.95787,-397.9543,0.18,0
425.5186,1,-5.208617,2.904739,71.21172,0.03693815,2.911289,359.9839,41.16001,-405.3588,0.19,0
425.6272,1,-4.909768,2.904738,74.08515,0.03694158,4.696114,359.9839,41.36625,-438.6803,0.19,0
425.7349,1,-4.469978,2.904738,76.95569,0.03694357,7.925119,359.9839,41.57093,-469.6846,0.19,0
425.8438,1,-3.86817,2.904738,79.81127,0.03693922,11.17222,359.9839,41.77792,-480.3467,0.19,0
425.9533,1,-3.027637,2.904738,82.62218,0.03694005,17.14816,359.9839,41.9859,-555.5439,0.19,0
426.0617,1,-1.892287,2.904738,85.34331,0.0369392,23.08824,359.9839,42.19188,-559.2154,0.19,0
426.1647,1,-0.4624163,2.904739,87.93819,0.03694068,30.25982,359.9839,42.3876,-612.9275,0.19,0
426.2689,1,1.303605,2.904738,90.33401,0.03694122,37.73724,359.9839,42.58554,-625.7822,0.19,0
426.3756,1,3.393065,2.904738,92.47361,0.03693968,45.44274,359.9839,42.78822,-605.8145,0.19,0
426.4833,1,5.742944,2.904738,94.34634,0.03694125,52.21319,359.9839,42.99296,-585.6333,0.19,0
426.5844,1,8.301236,2.904738,95.94834,0.03694711,58.56958,359.9839,43.18504,-584.9203,0.19,0
426.6882,1,11.03016,2.904738,97.26975,0.03694012,63.62393,359.9839,43.38215,-494.4416,0.19,0
426.7888,1,13.83504,2.904739,98.45247,0.03693821,66.05188,359.9839,43.5733,-448.2249,0.19,0
426.8937,1,16.70263,2.904739,99.51478,0.03693533,68.62406,359.9839,43.77259,-446.3456,0.19,0
427.006,1,20.02895,2.904785,100.6349,0.03693939,69.51395,359.9839,43.9832,-384.6169,0.18,0
427.1066,1,22.96281,2.904878,101.5875,0.03693902,70.09792,359.9839,44.16423,-380.724,0.18,0
427.2104,1,25.89546,2.904989,102.5789,0.03694298,68.17848,359.9839,44.35105,-289.04,0.18,0
427.3209,1,29.21117,2.905035,103.8551,0.03693762,65.65905,359.9839,44.54994,-281.1789,0.18,0
427.4321,1,32.47306,2.905035,105.3001,0.03693673,62.0664,359.9839,44.75011,-230.8006,0.18,0
427.5454,1,35.62637,2.905035,107.0009,0.03694028,57.39562,359.9839,44.96401,-215.9574,0.19,0
427.6545,1,38.64098,2.905048,108.9671,0.03693837,52.21306,359.9839,45.17133,-186.2166,0.19,0
427.7657,1,41.43783,2.905048,111.2556,0.03693942,45.53396,359.9839,45.37013,-157.8063,0.16,0
427.8776,1,43.95923,2.905048,113.8652,0.03694053,38.84046,359.9839,45.54904,-156.9167,0.16,0
427.9875,1,46.1447,2.905047,116.7774,0.03693955,30.9653,359.9839,45.72498,-112.8722,0.16,0
428.0989,1,47.88674,2.905104,119.9964,0.02521435,22.36924,359.9923,46.07016,-104.9896,0.31,0
428.2102,1,49.11497,2.905048,123.4716,0.03694053,12.78126,359.9839,46.41532,-69.36758,0.31,0
428.3208,1,49.71855,2.905047,127.137,0.03694237,2.542498,359.9839,46.83577,-63.15328,0.39,0
428.4225,1,49.68865,2.905217,130.4158,0.01450806,352.6727,359.9919,47.23256,-37.55006,0.39,0
428.5358,1,48.89908,2.905084,134.1093,0.03694193,340.1256,359.9839,47.67421,-15.25031,0.39,0
428.6472,1,47.31449,2.905102,137.576,0.03694166,327.4184,359.9839,48.10856,-2.125237,0.39,0
428.7586,1,44.96022,2.905175,140.6141,0.03693824,313.8741,359.9839,48.49407,9.918341,0.32,0
428.8702,1,41.93291,2.905214,143.0282,0.03693847,300.0155,359.9839,48.85133,15.08338,0.32,0
428.9816,1,38.3854,2.905214,144.6474,0.03694043,285.7815,359.9839,49.20078,19.65522,0.31,0
429.0935,1,34.52181,2.905213,145.3514,0.03693486,271.6387,359.9839,49.54766,21.43447,0.31,0
429.2049,1,30.57999,2.905213,145.0518,0.03693879,256.6571,359.9839,49.89288,33.53923,0.31,0
429.3162,1,26.82458,2.905214,143.7319,0.03693625,241.5186,359.9839,50.24791,34.08873,0.32,0
429.4283,1,23.52402,2.905214,141.4572,0.0369443,226.1183,359.9839,50.60667,43.45795,0.32,0
429.5399,1,20.95012,2.905214,138.3491,0.03693907,210.088,359.9839,50.95512,48.26471,0.31,0
429.6516,1,19.32326,2.905314,134.6261,0.02469521,194.0838,359.9826,51.30155,48.62844,0.31,0
429.7627,1,18.78674,2.905214,130.5711,0.03693704,177.9686,359.9839,51.64609,48.69822,0.31,0
429.8744,1,19.40092,2.905214,126.4998,0.03693649,161.6925,359.9839,51.99211,48.37032,0.31,0
429.9846,1,21.133,2.905232,122.7575,0.03693914,145.4835,359.9839,51.47715,48.20488,0,0
430.0964,1,23.79063,2.905232,119.6811,0.03694172,129.8676,359.9839,50.67716,34.55981,0,0
430.2069,1,27.10744,2.905232,117.4385,0.03693906,115.1404,359.9839,49.87717,27.50579,0,0
430.3173,1,30.82422,2.905232,116.1299,0.03694063,100.5598,359.9839,49.07719,24.00452,0,0
430.4287,1,34.68526,2.905233,115.7482,0.0369373,87.5305,359.9839,48.2772,-2.841037,0,0
430.5387,1,38.47148,2.905232,116.2293,0.03693974,74.80912,359.9839,47.47721,-4.073329,0,0
430.6478,1,42.00225,2.905232,117.5028,0.03694412,62.35788,359.9839,46.67722,-4.09953,0,0
430.7585,1,45.12455,2.905232,119.4686,0.03694379,50.01711,359.9839,45.87724,-3.761481,0,0
430.8701,1,47.70776,2.905232,122.0131,0.0369369,37.72482,359.9839,45.07725,-3.701437,0,0
430.9813,1,49.66305,2.905233,124.9911,0.03693367,25.71998,359.9839,44.27726,-3.669397,0,0
431.0927,1,50.93825,2.905232,128.2495,0.03693964,13.93682,359.9839,43.47727,-3.602503,0,0
431.2042,1,51.51316,2.905233,131.6365,0.03693724,2.275258,359.9839,42.67728,2.026756,0,0
431.3151,1,51.37741,2.905233,135.0046,0.03694089,350.1893,359.9839,41.8773,14.71498,0,0
431.426,1,50.56423,2.905232,138.2106,0.03694153,338.4401,359.9839,41.07731,15.19044,0,0
431.5374,1,49.083,2.905232,141.0909,0.03693679,324.271,359.9839,40.27732,93.15008,0,0
431.6484,1,46.97142,2.905233,143.4622,0.03693696,309.9275,359.9839,39.47733,98.28832,0,0
431.7598,1,44.38495,2.905232,145.1892,0.03693519,295.0364,359.9839,38.67735,128.9878,0,0
431.8708,1,41.49759,2.905232,146.1601,0.03694637,279.9391,359.9839,37.87736,132.3237,0,0
431.9817,1,38.52091,2.905232,146.3574,0.03694277,265.3672,359.9839,37.07737,132.3987,0,0
432.0932,1,35.65195,2.905232,145.8138,0.03693792,251.05,359.9839,36.27738,132.4,0,0
432.2051,1,33.06252,2.905232,144.6077,0.03694382,236.9127,359.9839,35.47739,132.4,0,0
432.3163,1,30.8842,2.905232,142.8581,0.03693998,223.4722,359.9839,34.67741,124.4405,0,0
432.4278,1,29.20481,2.905234,140.7049,0.03693888,210.3876,359.9839,33.87742,123.9113,0,0
432.5387,1,28.06984,2.905265,138.2903,0.03694088,197.9876,359.9839,33.07743,106.9787,0,0
432.6494,1,27.47891,2.905301,135.7534,0.0369387,186.1061,359.9839,32.27744,105.1425,0,0
432.76,1,27.38506,2.905341,133.211,0.03694578,176.1894,359.9839,31.47744,35.46319,0,0
432.8704,1,27.69425,2.905416,130.7495,0.03693512,167.0282,359.9839,30.67744,27.5859,0,0
432.9806,1,28.32394,2.905413,128.4131,0.03693812,160.1431,359.9839,29.87744,-55.96113,0,0
433.0912,1,29.19316,2.905413,126.2231,0.03694121,153.6464,359.9839,29.07743,-61.6735,0,0
433.2032,1,30.28806,2.905413,124.2101,0.03693886,146.5297,359.9839,28.27743,-28.11586,0,0
433.3143,1,31.58629,2.905413,122.3998,0.03693795,139.534,359.9839,27.47743,-25.94698,0,0
433.4252,1,33.05286,2.905413,120.8095,0.03693362,132.1436,359.9839,26.67743,28.32266,0,0
433.5363,1,34.6925,2.905409,119.5013,0.03693695,123.1016,359.9839,25.87742,81.20195,0,0
433.6471,1,36.45949,2.905402,118.4938,0.0369417,114.3634,359.9839,25.07742,87.53608,0,0
433.7572,1,38.30471,2.905402,117.8057,0.0369394,104.9438,359.9839,24.27742,124.4951,0,0
433.8678,1,40.17434,2.905402,117.4366,0.03694133,95.78887,359.9839,23.47741,125.2619,0,0
433.9792,1,42.01524,2.905402,117.364,0.03693732,87.10863,359.9839,22.67741,117.2751,0,0
434.091,1,43.783,2.905402,117.5608,0.0369457,78.66545,359.9839,21.87741,117.099,0,0
434.2022,1,45.44226,2.905402,117.9949,0.03693524,70.54625,359.9839,21.0774,118.6278,0,0
434.3132,1,46.96674,2.905402,118.63,0.03693901,62.73766,359.9839,20.2774,118.6985,0,0
434.4245,1,48.33734,2.905402,119.4317,0.03693925,55.21424,359.9839,19.4774,118.7,0,0
434.536,1,49.54311,2.905402,120.3641,0.03694081,47.9986,359.9839,18.67739,118.7,0,0
434.6476,1,50.57934,2.905402,121.3933,0.03694257,41.0515,359.9839,17.87739,118.6152,0,0
434.7584,1,51.44712,2.905425,122.4881,0.03357651,34.44669,359.9826,17.07739,118.6004,0,0
434.8698,1,52.15218,2.905402,123.6195,0.03694073,28.14294,359.9839,16.27739,118.6,0,0
434.981,1,52.70393,2.905402,124.7628,0.03694478,22.13012,359.9839,15.47738,118.6,0,0
435.0919,1,53.1141,2.905402,125.8967,0.03693863,16.45187,359.9839,14.67738,118.6,0,0
435.2033,1,53.39628,2.905402,127.0034,0.03693919,11.0286,359.9839,13.87738,118.6,0,0
435.3148,1,53.56544,2.905364,128.0684,0.04390257,5.911732,359.9879,13.07737,118.6,0,0
435.4258,1,53.6371,2.905402,129.0806,0.03694138,1.122388,359.9839,12.27737,118.6,0,0
435.5376,1,53.62683,2.905402,130.0315,0.03694113,356.6158,359.9839,11.47737,118.6,0,0
435.6486,1,53.54942,2.905402,130.9167,0.03694185,352.403,359.9839,10.95488,118.6,0.28,0
435.7599,1,53.40845,2.905402,131.7897,0.03693472,348.2431,359.9839,11.26659,118.6,0.28,0
435.8704,1,53.19765,2.905402,132.674,0.03694047,343.9396,359.9839,11.57859,118.6,0.29,0
435.9813,1,52.91296,2.905402,133.5639,0.03693832,339.5352,359.9839,11.90032,118.6,0.29,0
436.092,1,52.55021,2.905402,134.4528,0.03694071,335.0133,359.9839,12.22142,118.5064,0.29,0
436.2037,1,52.10579,2.905402,135.3328,0.03694299,330.3438,359.9839,12.5664,118.5001,0.34,0
436.315,1,51.57512,2.905402,136.1981,0.03694193,325.545,359.9839,12.94465,118.5,0.34,0
436.4261,1,50.9552,2.905402,137.0395,0.03693877,320.6082,359.9839,13.32233,118.5,0.34,0
436.537,1,50.24416,2.905402,137.8462,0.03694119,315.5142,359.9839,13.6996,118.5,0.34,0
436.6469,1,49.44276,2.905402,138.6072,0.03693783,310.3254,359.9839,14.07302,118.5,0.34,0
436.7585,1,48.55238,2.905402,139.3088,0.0369404,304.9821,359.9839,14.40777,118.5,0.3,0
436.8703,1,47.57696,2.905402,139.9371,0.03693996,299.4611,359.9839,14.74339,118.5,0.3,0
436.9812,1,46.52173,2.905402,140.4804,0.03693781,293.8375,359.9839,15.07595,118.5,0.3,0
437.0928,1,45.39347,2.905402,140.9269,0.03693903,288.1278,359.9839,15.41095,118.5,0.3,0
437.2038,1,44.20029,2.905402,141.2645,0.03694053,282.2778,359.9839,15.74379,118.5,0.3,0
437.3148,1,42.95256,2.905402,141.4816,0.03693863,276.2679,359.9839,16.07671,118.5,0.3,0
437.4258,1,41.66238,2.905402,141.5681,0.0369355,270.17,359.9839,16.40975,118.5,0.3,0
437.5374,1,40.34389,2.905402,141.5142,0.03693399,263.9088,359.9839,16.74463,118.5,0.3,0
437.6483,1,39.01298,2.905402,141.312,0.03693578,257.5408,359.9839,17.0775,118.5,0.3,0
437.76,1,37.68884,2.905402,140.9558,0.03693687,251.0764,359.9839,17.36779,118.5,0.26,0
437.871,1,36.39264,2.905402,140.4423,0.03694269,244.4391,359.9839,17.65637,118.5,0.26,0
437.9822,1,35.1447,2.905402,139.7713,0.03693794,237.72,359.9839,17.9343,118.5,0.25,0
438.0938,1,33.96589,2.905402,138.9458,0.03693898,230.9586,359.9839,18.21324,117.2044,0.25,0
438.2049,1,32.89725,2.905402,137.9911,0.03694231,224.17,359.9839,17.54834,116.8103,0,0
438.3159,1,31.98706,2.905402,136.9662,0.0369414,217.7251,359.9839,16.74834,117.0533,0,0
438.4274,1,31.23195,2.905402,135.8993,0.0369376,211.5952,359.9839,15.94833,117.0989,0,0
438.5383,1,30.62454,2.905402,134.8144,0.03693803,205.7114,359.9839,15.14833,117.1,0,0
438.6493,1,30.15366,2.905402,133.7329,0.03694176,200.1571,359.9839,14.34833,117.1,0,0
438.7608,1,29.80712,2.905402,132.6722,0.03693932,194.8803,359.9839,13.54832,117.2003,0,0
438.8717,1,29.5709,2.905402,131.6468,0.03694039,189.9291,359.9839,12.74832,117.2969,0,0
438.9828,1,29.43073,2.905402,130.6683,0.03693987,185.2798,359.9839,11.94832,117.2999,0,0
439.0945,1,29.37231,2.905402,129.7454,0.03693442,180.9387,359.9839,11.14832,117.4797,0,0
439.2053,1,29.38149,2.905402,128.8845,0.03693814,176.872,359.9839,10.34831,117.4995,0,0
439.3148,1,29.44392,2.905402,128.0897,0.03693932,173.1581,359.9839,9.548309,117.5,0,0
439.4259,1,29.54745,2.905402,127.3636,0.03693761,169.7056,359.9839,8.748306,117.5,0,0
439.5374,1,29.68031,2.905402,126.7072,0.0369401,166.5454,359.9839,7.948304,117.5989,0,0
439.6483,1,29.83171,2.905402,126.1205,0.03693544,163.6832,359.9839,7.148304,117.6968,0,0
439.7598,1,29.99194,2.905402,125.6026,0.03693553,161.1347,359.9839,6.348305,117.7,0,0
439.8711,1,30.15276,2.905402,125.1521,0.03693545,158.8586,359.9839,5.548306,119.5734,0,0
439.9821,1,30.30656,2.905402,124.7671,0.03693474,156.8899,359.9839,4.748307,119.6973,0,0
440.0934,1,30.44754,2.905402,124.4444,0.03693588,155.2277,359.9839,4.215703,119.6063,0.24,0
440.2042,1,30.59499,2.905402,124.132,0.03693869,153.5894,359.9839,4.481497,119.6001,0.24,0
440.3154,1,30.76123,2.905468,123.805,0.02871161,151.8458,359.9854,4.748359,119.51,0.24,0
440.4269,1,30.9494,2.905402,123.4617,0.03693802,149.9983,359.9839,5.157372,119.5002,0.41,0
440.5379,1,31.16737,2.905402,123.0942,0.03694079,147.9575,359.9839,5.612646,119.5,0.41,0
440.649,1,31.4182,2.905402,122.7044,0.03693662,145.7682,359.9839,6.067817,119.41,0.41,0
440.7602,1,31.70557,2.905402,122.2944,0.03694365,143.4055,359.9839,6.553064,119.4002,0.44,0
440.8716,1,32.03416,2.905402,121.8662,0.03694173,140.8223,359.9839,7.043352,119.4,0.44,0
440.9821,1,32.40693,2.905402,121.4236,0.03693758,138.1111,359.9839,7.529416,119.4,0.44,0
441.0926,1,32.82738,2.905402,120.9714,0.0369346,135.2059,359.9839,8.015506,119.4,0.44,0
441.2041,1,33.299,2.905402,120.5149,0.03694157,132.0928,359.9839,8.506321,119.4,0.44,0
441.315,1,33.82476,2.905402,120.0598,0.03693902,128.7979,359.9839,8.994323,119.4,0.44,0
441.4261,1,34.40723,2.905402,119.6126,0.03694023,125.3323,359.9839,9.482963,119.2702,0.44,0
441.5373,1,35.04762,2.905402,119.1815,0.03694007,121.659,359.9839,9.922064,119.202,0.38,0
441.6477,1,35.74356,2.905407,118.7753,0.03693726,117.8803,359.9839,10.34151,119.0788,0.38,0
441.7584,1,36.49489,2.905422,118.402,0.03693789,113.9295,359.9839,10.7317,118.8102,0.27,0
441.8658,1,37.19624,2.905423,118.1153,0.03694019,109.9782,359.9839,11.02175,118.8002,0.27,0
441.9783,1,38.0401,2.905422,117.8342,0.03693954,105.8632,359.9839,11.32549,97.95013,0.27,0
442.0909,1,38.925,2.905422,117.6066,0.03694022,101.7738,359.9839,11.62938,91.85065,0.27,0
442.2049,1,39.84813,2.905423,117.4395,0.03693675,97.55894,359.9839,11.93719,91.70245,0.27,0
442.3092,1,40.68524,2.905426,117.3507,0.0369401,93.64439,359.9839,12.21871,81.12986,0.27,0
442.4209,1,41.6697,2.905428,117.3127,0.03693881,89.41653,359.9839,12.52877,78.07753,0.28,0
442.5283,1,42.55223,2.905428,117.344,0.03694128,85.32836,359.9839,12.82953,70.98306,0.28,0
442.6298,1,43.45144,2.905428,117.4361,0.03694046,81.54557,359.9839,13.11371,57.40276,0.28,0
442.7376,1,44.36179,2.905428,117.5931,0.03694471,77.45609,359.9839,13.41567,56.71584,0.28,0
442.8395,1,45.28121,2.905428,117.8126,0.03693913,74.03442,359.9839,13.70088,-10.57839,0.28,0
442.9484,1,46.2063,2.905427,118.0911,0.0369432,70.59681,359.9839,14.00573,-21.22427,0.28,0
443.0562,1,47.1329,2.905427,118.4313,0.036935,67.12598,359.9839,14.30757,-21.49453,0.28,0
443.1659,1,48.05869,2.905427,118.831,0.03694272,63.96039,359.9839,14.61471,-61.44989,0.28,0
443.2757,1,48.98042,2.905427,119.2898,0.03694215,60.75296,359.9839,14.92228,-64.23642,0.28,0
443.3813,1,49.89373,2.905427,119.8108,0.03694046,57.56509,359.9839,15.21807,-70.34574,0.28,0
443.4894,1,50.80062,2.905427,120.3833,0.03693993,55.05141,359.9839,15.52057,-124.3109,0.28,0
443.5984,1,51.69902,2.905427,121.0061,0.03693767,52.58744,359.9839,15.82569,-127.1358,0.28,0
443.7057,1,52.58722,2.905427,121.6794,0.03694313,50.32067,359.9839,16.12611,-172.0974,0.28,0
443.8079,1,53.46812,2.905427,122.3961,0.03693934,48.29485,359.9839,16.41243,-181.1903,0.28,0
443.9167,1,54.33871,2.905427,123.1576,0.03693694,46.22816,359.9839,16.71697,-187.4699,0.28,0
444.0316,1,55.20203,2.905427,123.9598,0.03694074,44.58285,359.9839,17.04412,-222.9996,0.29,0
444.1417,1,56.05783,2.905427,124.8021,0.03694035,42.92385,359.9839,17.36316,-224.3709,0.29,0
444.252,1,56.90954,2.905427,125.6804,0.03694158,41.72562,359.9839,17.68325,-269.3671,0.29,0
444.3604,1,57.75972,2.905427,126.5915,0.03693901,40.56568,359.9839,17.99756,-272.4265,0.29,0
444.4697,1,58.61485,2.905427,127.5292,0.0369381,40.18911,359.9839,18.31445,-341.217,0.29,0
444.5802,1,59.48339,2.905428,128.4854,0.03694106,40.05185,359.9839,18.63498,-349.2122,0.29,0
444.6866,1,60.366,2.905431,129.4592,0.03694453,40.15056,359.9839,18.94365,-389.0951,0.29,0
444.7951,1,61.28523,2.905432,130.4296,0.03694375,41.72523,359.9839,19.25815,-475.7187,0.29,0
444.9039,1,62.24623,2.905432,131.3893,0.03693705,43.41326,359.9839,19.57375,-509.9318,0.29,0
445.0134,1,63.26573,2.905432,132.3209,0.03693771,46.14514,359.9839,19.89474,-552.5463,0.3,0
445.1227,1,64.34647,2.905432,133.2169,0.03694094,48.91792,359.9839,20.2226,-566.0441,0.3,0
445.2418,1,65.6655,2.905432,134.178,0.03693445,53.0267,359.9839,20.57491,-614.9407,0.29,0
445.3426,1,66.89472,2.905432,134.9498,0.03694346,56.72157,359.9839,20.86728,-624.2147,0.29,0
445.449,1,68.19972,2.905432,135.634,0.0369387,61.47446,359.9839,21.14079,-674.4878,0.17,0
445.5554,1,69.57143,2.905432,136.213,0.03694002,66.34683,359.9839,21.32168,-673.1757,0.17,0
445.6643,1,70.99447,2.905432,136.6894,0.03693342,70.71538,359.9839,21.46394,-641.2388,0.08,0
445.7736,1,72.456,2.905432,137.0607,0.03694069,75.01766,359.9839,21.55134,-639.6359,0.08,0
445.8816,1,73.94686,2.905432,137.3235,0.03693789,79.11076,359.9839,21.62734,-640.1584,0.05,0
445.9944,1,75.67449,2.905432,137.4878,0.03693715,83.894,359.9839,21.68375,-640.1992,0.05,0
446.1013,1,77.19678,2.905432,137.5129,0.03693578,88.20706,359.9839,21.73723,-640.2,0.05,0
446.21,1,78.72061,2.905435,137.4484,0.03693844,90.94183,359.9839,21.68468,-514.881,0,0
446.3177,1,80.21442,2.905436,137.3321,0.03693911,92.90643,359.9839,20.98467,-500.0854,0,0
446.4334,1,81.85709,2.905436,137.1613,0.0369405,93.87601,359.9839,20.18467,-398.3429,0,0
446.538,1,83.24084,2.905436,137.0079,0.03694009,94.26465,359.9839,19.48467,-389.0645,0,0
446.6454,1,84.5751,2.905436,136.855,0.03694003,94.32681,359.9839,18.78467,-354.8333,0,0
446.7541,1,85.86091,2.905436,136.7115,0.03693786,94.15878,359.9839,18.08466,-347.0136,0,0
446.8567,1,87.09831,2.905436,136.5736,0.03694145,94.3376,359.9839,17.38466,-392.2836,0,0
446.9627,1,88.28587,2.905436,136.4286,0.03693737,94.92521,359.9839,16.68466,-412.0428,0,0
447.076,1,89.58131,2.905436,136.2509,0.03693376,96.06548,359.9839,15.88465,-472.3727,0,0
447.1846,1,90.65887,2.905436,136.0742,0.03694059,97.45457,359.9839,15.18465,-486.3156,0,0
447.2919,1,91.68388,2.905436,135.8823,0.03693888,98.65338,359.9839,14.48465,-472.4411,0,0
447.4065,1,92.79192,2.905438,135.6525,0.03694186,99.79036,359.9839,13.68465,-469.465,0,0
447.5109,1,93.70636,2.905438,135.4455,0.03694248,100.6304,359.9839,12.98464,-428.727,0,0
447.6221,1,94.69262,2.905445,135.225,0.03693818,100.4002,359.9839,12.18464,-337.918,0,0
447.7222,1,95.50503,2.905452,135.0465,0.03693964,100.2066,359.9839,11.48464,-322.838,0,0
447.8277,1,96.27159,2.905459,134.8906,0.0369383,99.2737,359.9839,10.88602,-243.5497,0.01,0
447.9384,1,97.12738,2.905456,134.7308,0.03694076,98.32816,359.9839,10.89709,-239.1929,0.01,0
448.0504,1,97.98682,2.905453,134.5874,0.03693601,97.16489,359.9839,10.90829,-202.5165,0.01,0
448.161,1,98.85011,2.905464,134.4638,0.03693592,95.87061,359.9839,10.91935,-196.1565,0.01,0
448.2723,1,99.71692,2.905462,134.3611,0.03694072,94.41293,359.9839,10.93049,-168.7682,0.01,0
448.3838,1,100.5871,2.90546,134.2824,0.03693993,92.85075,359.9839,10.94163,-160.7079,0.01,0
448.4946,1,101.4599,2.905461,134.2295,0.03693525,91.10374,359.9839,10.95271,-131.0362,0.01,0
448.6055,1,102.3348,2.905458,134.2059,0.03694128,89.19154,359.9839,10.9638,-122.0378,0.01,0
448.7169,1,103.2109,2.905458,134.2118,0.03693892,87.24208,359.9839,10.97494,-110.7256,0.01,0
448.8282,1,104.0868,2.905458,134.2515,0.03694364,85.02622,359.9839,10.98606,-86.69968,0.01,0
448.9388,1,104.9613,2.905458,134.3252,0.03693688,82.79952,359.9839,10.99713,-85.81792,0.01,0
449.0504,1,105.833,2.905458,134.4342,0.03694202,80.43509,359.9839,11.00828,-59.44735,0.01,0
449.1615,1,106.6997,2.905459,134.582,0.0369441,77.90755,359.9839,11.01939,-51.60457,0.01,0
449.2726,1,107.5598,2.905458,134.7687,0.03694021,75.29507,359.9839,11.0305,-33.23103,0.01,0
449.3837,1,108.412,2.905458,134.9987,0.03693846,72.44018,359.9839,11.13917,-15.3747,0.15,0
449.4948,1,109.2632,2.905458,135.275,0.03693653,69.55215,359.9839,11.30589,-18.78776,0.15,0
449.6057,1,110.1129,2.905458,135.5985,0.03694015,66.66682,359.9839,11.53857,-22.6736,0.27,0
449.7168,1,110.9657,2.905458,135.9734,0.03693693,63.73412,359.9839,11.83858,-22.93853,0.27,0
449.8295,1,111.8191,2.905459,136.4029,0.03694085,60.69088,359.9839,12.14862,-24.0505,0.31,0
449.9295,1,112.5645,2.905458,136.8273,0.03694231,57.9205,359.9839,12.45868,-24.09852,0.31,0
450.032,1,113.3061,2.905459,137.3,0.03693719,54.97166,359.9839,12.77633,-23.99039,0.31,0
450.1447,1,114.1452,2.905458,137.9006,0.03694208,51.68712,359.9839,13.12567,-23.90257,0.31,0
450.2565,1,114.9698,2.905458,138.5661,0.03694035,48.32172,359.9839,13.47247,-23.90004,0.31,0
450.3675,1,115.7741,2.905458,139.2978,0.03693938,44.8931,359.9839,13.81644,-23.9,0.31,0
450.4792,1,116.5518,2.905458,140.0966,0.0369426,41.3655,359.9839,14.16274,-23.9,0.31,0
450.59,1,117.2964,2.905459,140.963,0.03693951,37.77498,359.9839,14.50608,-23.98464,0.31,0
450.7014,1,118.0009,2.905458,141.897,0.03693664,34.0718,359.9839,14.85166,-23.99964,0.31,0
450.8131,1,118.6583,2.905458,142.8979,0.03693711,30.29014,359.9839,15.19793,-23.99999,0.31,0
450.925,1,119.2612,2.905455,143.9642,0.03693632,26.42503,359.9839,15.54486,-23.99999,0.31,0
451.0347,1,119.802,2.905438,145.0939,0.03693695,22.49496,359.9839,15.88474,-23.95073,0.31,0
451.1459,1,120.2733,2.905424,146.284,0.03693973,18.47624,359.9839,16.22958,-23.90157,0.31,0
451.2578,1,120.6673,2.905421,147.5305,0.03694534,14.3484,359.9839,16.57652,-23.93166,0.31,0
451.3681,1,120.9763,2.905422,148.8289,0.03694053,10.14329,359.9839,16.91272,-23.99747,0.3,0
451.4799,1,121.1924,2.905422,150.1732,0.03693767,5.837772,359.9839,17.24824,-23.99995,0.3,0
451.5905,1,121.3091,2.905422,151.5563,0.03694091,1.485303,359.9839,17.58013,-24.04978,0.3,0
451.7017,1,121.3188,2.90542,152.9709,0.03694221,356.9979,359.9839,17.91365,-24.09844,0.3,0
451.8129,1,121.2163,2.905416,154.4086,0.03693885,352.4995,359.9839,18.24719,-27.51508,0.3,0
451.9236,1,121.0035,2.905416,155.8611,0.03693923,348.3167,359.9839,18.55436,-52.79848,0.21,0
452.0344,1,120.6805,2.905421,157.3148,0.03693791,344.0746,359.9839,18.78703,-53.97528,0.21,0
452.1449,1,120.2598,2.905417,158.7637,0.03694361,340.8343,359.9839,18.89021,-137.7214,0,0
452.2559,1,119.7766,2.905415,160.1636,0.03694317,337.9785,359.9839,18.09021,-147.3773,0,0
452.3677,1,119.2586,2.905412,161.4834,0.03694061,336.0042,359.9839,17.29021,-229.2402,0,0
452.4765,1,118.7967,2.905412,162.5782,0.03693918,334.6246,359.9839,16.5902,-243.4276,0,0
452.5831,1,118.3293,2.905412,163.6173,0.03694021,333.3499,359.9839,15.8902,-247.1284,0,0
452.6852,1,117.8615,2.905412,164.6022,0.03693946,332.1963,359.9839,15.1902,-247.8743,0,0
452.7914,1,117.3952,2.905412,165.5335,0.0369378,331.0322,359.9839,14.4902,-244.9144,0,0
452.9049,1,116.8684,2.905412,166.5335,0.03693945,329.8058,359.9839,13.69019,-242.2762,0,0
453.0115,1,116.415,2.905412,167.3529,0.03694113,328.7206,359.9839,12.99019,-242.2017,0,0
453.1244,1,115.9075,2.905412,168.2265,0.03694138,327.4696,359.9839,12.19019,-223.4945,0,0
453.2311,1,115.4744,2.905412,168.9362,0.03693871,326.3389,359.9839,11.49018,-222.3295,0,0
453.3443,1,114.9952,2.905412,169.6866,0.0369423,325.1313,359.9839,10.69018,-207.5708,0,0
453.4641,1,114.5354,2.905412,170.3732,0.03693505,323.9353,359.9839,9.890179,-203.1837,0,0
453.5657,1,114.1508,2.905412,170.9225,0.03693792,322.8994,359.9839,9.190176,-206.4937,0,0
453.6657,1,113.7864,2.905412,171.4262,0.03693758,322.014,359.9839,8.490173,-207.3667,0,0
453.7741,1,113.4433,2.905412,171.8847,0.03693689,321.1514,359.9839,7.790172,-210.6603,0,0
453.888,1,113.0806,2.905412,172.3559,0.03694247,320.3473,359.9839,6.990173,-213.5184,0,0
453.9951,1,112.7902,2.905412,172.7227,0.03693694,319.669,359.9839,6.290174,-217.0672,0,0
454.1086,1,112.4918,2.905412,173.092,0.03693755,319.0778,359.9839,5.490174,-224.2544,0,0
454.216,1,112.261,2.905412,173.3721,0.03694063,318.5926,359.9839,4.790175,-224.4945,0,0
454.3193,1,112.0593,2.905412,173.6128,0.03694301,318.1853,359.9839,4.090176,-224.3163,0,0
454.4263,1,111.8877,2.905412,173.8148,0.03693853,317.8256,359.9839,3.390176,-224.3004,0,0
454.5336,1,111.747,2.905412,173.9788,0.0369358,317.5502,359.9839,2.690177,-224.3,0,0
454.637,1,111.6374,2.905412,174.105,0.03693709,317.3201,359.9839,1.990178,-224.3,0,0
454.7442,1,111.5597,2.905412,174.1941,0.03694135,317.1609,359.9839,1.290177,-224.3,0,0
454.8523,1,111.514,2.905412,174.2461,0.03693457,317.0681,359.9839,0.5901772,-224.3,0,0
