TimeSinceStart,IsLeftTracked,LeftPosX,LeftPosY,LeftPosZ,LeftRotX,LeftRotY,LeftRotZ,IsRightTracked,RightPosX,RightPosY,RightPosZ,RightRotX,RightRotY,RightRotZ
0,1,-0.2016748,2.957348,0.4035074,329.7694,98.88927,139.3965,1,0.3465998,2.769057,0.3612785,16.56289,71.56155,17.74428
0.1184616,1,-0.2072996,2.955157,0.4116336,328.6575,99.73787,139.8503,1,0.350712,2.768382,0.3600782,17.11176,72.36049,17.39327
0.2240143,1,-0.2079732,2.954738,0.4132884,328.9597,99.56176,139.892,1,0.3517981,2.768549,0.3608831,17.05783,72.76008,17.65177
0.3316078,1,-0.2087425,2.953691,0.4143704,328.9459,99.7729,139.7695,1,0.3535592,2.768483,0.3604494,17.41521,72.99209,17.60659
0.4405022,1,-0.2086242,2.953502,0.4143792,328.9143,100.5817,139.1146,1,0.35562,2.770779,0.3595079,17.3433,72.88979,17.6341
0.5477657,1,-0.2118254,2.951061,0.4198228,328.7244,101.1576,138.7201,1,0.3572105,2.777577,0.3547274,16.48861,72.06149,17.2699
0.650671,1,-0.2129983,2.949409,0.4203437,328.4234,102.0396,138.0129,1,0.3586532,2.779089,0.3501956,16.56853,72.34362,16.65324
0.7541981,1,-0.2121705,2.95114,0.418855,328.3833,101.0982,139.0638,1,0.3591303,2.780853,0.3487229,16.79809,72.77217,16.66527
0.8694839,1,-0.2094094,2.956938,0.4097816,328.9241,100.1628,140.0485,1,0.3595009,2.782312,0.3460792,16.01476,72.36602,15.30424
0.9705448,1,-0.2085696,2.957623,0.4072576,328.9086,99.91871,140.1164,1,0.3604212,2.781548,0.3478591,15.32623,71.21866,13.93976
1.072929,1,-0.2098578,2.95385,0.4055978,328.9004,99.84383,139.928,1,0.3599362,2.781827,0.3481754,15.20402,70.89958,13.73404
1.18927,1,-0.214068,2.938169,0.3984143,328.5024,99.79549,139.4969,1,0.3589035,2.781452,0.3469813,15.59281,70.68838,12.60355
1.289904,1,-0.2163699,2.929193,0.3863117,321.6689,100.523,138.2517,1,0.3569659,2.780691,0.3431186,16.15982,71.06464,11.96156
1.40642,1,-0.2229914,2.90905,0.3781438,313.7102,107.2875,133.7793,1,0.3548174,2.783086,0.3381564,14.92301,71.32639,11.88599
1.518982,1,-0.2197014,2.88665,0.3702449,309.5727,114.0567,126.2023,1,0.3458445,2.786634,0.3272085,14.5712,71.16958,10.03385
1.622072,1,-0.2174208,2.871975,0.3658412,305.364,121.2625,119.1827,1,0.3445131,2.784523,0.3307154,14.47315,71.07795,9.402959
1.727875,1,-0.2149454,2.861111,0.3650389,301.1595,120.3322,119.2768,1,0.340756,2.785625,0.3334904,14.20363,71.72868,9.621901
1.835861,1,-0.2078981,2.84477,0.3614276,295.5648,126.1514,110.6424,1,0.3354491,2.788436,0.3320847,9.509359,73.12386,9.542194
1.945166,1,-0.2019263,2.82637,0.3496881,294.8634,129.3591,106.6458,1,0.3306063,2.788106,0.3313425,4.650206,73.99936,9.731099
2.052322,1,-0.1915521,2.807312,0.3399509,285.754,135.2775,99.66787,1,0.329428,2.786477,0.3307971,0.6568485,73.60606,8.959414
2.160139,1,-0.1502004,2.778017,0.3231235,278.5987,242.9648,346.8713,1,0.3278875,2.781747,0.3321331,0.5046614,74.01943,7.421381
2.268215,1,-0.08768473,2.731235,0.3082899,288.9162,285.6461,303.3764,1,0.3239854,2.776341,0.3394333,354.1501,75.70904,4.245683
2.376596,1,-0.03835233,2.723419,0.2790037,301.2733,307.9339,296.2471,1,0.3150181,2.776557,0.3524231,351.3348,78.71198,359.5898
2.485048,1,0.003461186,2.738226,0.2885462,308.8248,302.507,308.6422,1,0.2938786,2.792869,0.3638752,0.8748493,84.2149,349.05
2.594257,1,0.02783091,2.76605,0.2973366,312.5065,301.0468,311.3704,1,0.2446929,2.824693,0.3461797,6.489712,76.44015,302.5159
2.702225,1,0.01606996,2.775279,0.2986105,314.9554,313.2883,313.5717,1,0.1850923,2.856496,0.3247099,38.16922,52.40594,291.3087
2.810711,1,-0.02872724,2.774942,0.3107769,333.0502,332.9354,328.1091,1,0.1479738,2.871144,0.3347673,53.82626,80.02776,351.2365
2.920275,1,-0.1141606,2.768364,0.3199415,297.3377,17.08713,315.0902,1,0.140947,2.872756,0.3570215,47.52684,82.88439,344.2354
3.021837,1,-0.1407478,2.922704,0.2605901,293.3088,140.976,152.3742,1,0.1251289,2.893281,0.3717497,52.83405,82.29256,334.757
3.129343,1,-0.1450659,2.999095,0.2691316,320.0143,165.0874,123.9225,1,0.1332274,2.972259,0.3927937,37.96328,60.69876,319.4686
3.238321,1,-0.1172082,3.055488,0.2924538,329.1196,157.3262,125.16,1,0.06011286,3.07561,0.4342074,2.207141,67.74242,339.8532
3.339455,1,-0.1011884,3.070518,0.3181889,341.9969,157.8638,124.6889,1,0.001134905,3.073805,0.4360708,334.1197,54.49442,337.43
3.442085,1,-0.09404396,3.087672,0.3324679,355.0047,134.7203,126.0353,1,0.01914141,3.032201,0.4022239,348.4339,61.80668,327.0766
3.555296,1,-0.09148347,3.089707,0.3645588,358.1456,121.9139,133.0963,1,0.01594223,3.031533,0.4087143,26.76842,56.51,324.8055
3.669542,1,-0.09774928,3.068544,0.4259707,23.70401,111.6835,148.1436,1,0.01679321,3.059767,0.384377,17.83686,64.70469,336.3185
3.783361,1,-0.1427362,3.05265,0.4359797,3.477418,109.7018,162.1856,1,0.05730665,2.922656,0.3702386,45.61995,17.71163,309.9893
3.88448,1,-0.1881425,3.014764,0.4222462,359.6267,106.3624,139.7626,1,-0.1897405,2.727781,0.3113127,304.0698,334.5543,46.44373
3.995472,1,-0.2126982,2.969335,0.3976229,344.8729,102.0901,134.4884,1,0.04031837,2.829528,0.2830931,1.070069,16.66303,343.1577
4.111286,1,-0.2326364,2.917413,0.3781053,315.4341,104.6345,137.8772,1,0.132088,2.81643,0.3306357,347.5819,44.22872,305.9607
4.213545,1,-0.2350962,2.848948,0.3709705,303.7971,121.6772,119.2881,1,0.1859165,2.82872,0.3571197,14.52735,67.83863,290.9353
4.321148,1,-0.1941264,2.779314,0.3788051,283.4937,126.0955,106.9532,1,0.1726865,2.825676,0.3835635,57.94837,83.04494,315.7665
4.428391,1,-0.1210972,2.747232,0.383617,289.178,253.1294,343.8922,1,0.1431031,2.832106,0.4209685,57.01003,77.26493,344.719
4.540073,1,-0.09979605,2.737795,0.4248418,296.1565,265.9757,338.5742,1,0.09887838,2.887814,0.5319359,55.06959,62.6818,313.6172
4.654428,1,-0.1140509,2.759473,0.456276,300.7004,2.096858,272.003,1,0.1153249,2.91757,0.6020553,25.8966,64.9563,311.4838
4.763332,1,-0.1807317,2.806558,0.4869217,314.8383,112.7098,179.7617,1,0.1298967,2.921247,0.6816399,20.49929,65.9106,318.9609
4.868349,1,-0.2081426,2.848642,0.5965429,330.602,123.2849,116.5803,1,0.1295351,2.914108,0.758442,23.92538,63.33513,318.5236
4.978306,1,-0.2236363,2.933314,0.7539101,330.5399,111.2744,107.062,1,0.1196309,2.911792,0.8480532,24.43844,63.05836,318.4661
5.086523,1,-0.2462853,2.936578,0.9198147,330.0753,107.5833,122.0176,1,0.1108712,2.901989,0.951601,24.47503,62.02792,317.1451
5.193789,1,-0.2492627,2.915553,1.030993,317.1279,98.66705,139.1341,1,0.102485,2.89886,1.06146,25.27429,60.78558,316.5648
5.302708,1,-0.2598186,2.894849,1.12936,317.0602,101.6706,132.6039,1,0.08948806,2.902172,1.186999,25.34846,60.03656,316.4998
5.416245,1,-0.2794423,2.885185,1.252547,316.1842,106.0486,128.9886,1,0.07579976,2.912897,1.331658,23.99596,58.1894,316.8209
5.51965,1,-0.2953199,2.891979,1.395052,314.3583,106.2157,129.8841,1,0.05792488,2.910089,1.481055,23.62919,56.94051,317.2495
5.629206,1,-0.3168609,2.89134,1.548037,313.9817,106.3827,129.321,1,0.03411189,2.910034,1.639754,24.11627,55.88839,317.187
5.742176,1,-0.3419344,2.890195,1.716825,314.1631,105.3546,129.1223,1,0.006795228,2.909788,1.815104,23.40617,54.49744,316.7071
5.851421,1,-0.3743404,2.889933,1.905317,313.9927,104.5709,128.789,1,-0.02702759,2.909467,2.010848,23.36234,53.13871,316.6628
5.961765,1,-0.4155295,2.889849,2.116834,313.4775,103.9332,128.5842,1,-0.07089122,2.909674,2.228619,23.6126,52.13171,316.906
6.071417,1,-0.4663606,2.892062,2.351411,312.9225,102.3658,129.17,1,-0.1249812,2.907531,2.469998,23.81214,50.86344,316.7945
6.180748,1,-0.5320106,2.90841,2.612919,314.5981,97.53017,134.7166,1,-0.191322,2.895427,2.730448,27.78654,47.339,313.0282
6.290867,1,-0.6085151,2.955331,2.903967,326.6014,91.03707,142.3957,1,-0.2613575,2.851012,3.010647,33.85451,44.24096,310.2697
6.402561,1,-0.7123486,2.970833,3.235353,327.1535,95.9271,139.4072,1,-0.3526543,2.836493,3.316828,38.87723,43.80009,312.2583
6.513897,1,-0.8210014,2.98338,3.571867,330.0519,99.05775,136.8804,1,-0.4599886,2.847198,3.655559,45.26701,39.19875,317.6426
6.62616,1,-0.9520992,3.004537,3.939451,331.7721,91.92754,142.3125,1,-0.5803533,2.85396,4.020762,42.41431,37.19229,319.434
6.74353,1,-1.087855,3.029032,4.313175,344.7389,84.94976,150.252,1,-0.7311485,2.875316,4.400519,39.44133,34.69511,310.6531
6.859238,1,-1.206461,3.071272,4.743248,2.212415,78.70581,151.0622,1,-0.9152933,2.915721,4.808232,34.22282,27.4027,300.5238
6.964043,1,-1.33182,3.072806,5.123756,10.96393,78.47675,152.9508,1,-1.100485,2.980643,5.156809,36.28634,26.03635,303.0585
7.081156,1,-1.532649,3.041939,5.574045,28.84892,81.1327,152.2125,1,-1.351413,3.021471,5.574545,28.61161,18.40438,295.7162
7.182373,1,-1.74341,3.004562,5.94629,30.78012,77.66154,146.9469,1,-1.591126,3.043603,5.944345,26.53365,14.71341,295.0883
7.28451,1,-1.998426,2.966952,6.345788,32.00795,80.61207,144.6571,1,-1.861237,3.047154,6.336802,16.47286,11.59816,296.7871
7.385433,1,-2.265473,2.932286,6.728265,37.77726,94.10706,150.1603,1,-2.175194,3.053459,6.732563,10.79434,7.411236,300.4525
7.50174,1,-2.611421,2.894827,7.172915,55.8712,117.482,176.3919,1,-2.587471,3.056197,7.195631,1.643112,12.20098,322.5159
7.616348,1,-3.015205,2.85771,7.619155,68.20669,173.2309,237.5657,1,-3.012973,3.043461,7.673798,1.150222,13.57807,333.3852
7.727821,1,-3.461147,2.827744,8.098774,62.50928,137.7957,203.9283,1,-3.445021,3.039941,8.157315,359.6611,23.08652,330.75
7.840036,1,-3.937919,2.857619,8.56974,23.53262,124.4861,189.6732,1,-3.906351,3.033325,8.636822,359.3048,15.25008,322.6854
7.94953,1,-4.445521,2.936044,8.974913,2.741742,120.8601,166.5218,1,-4.409405,3.031586,9.110964,2.562603,13.02768,320.7164
8.056664,1,-5.027811,2.980708,9.412774,13.94053,93.80383,153.8717,1,-4.935796,3.010339,9.589243,11.58838,11.85959,313.089
8.1707,1,-5.691291,2.989287,9.864669,12.14219,69.92936,122.2786,1,-5.48967,2.9834,10.06711,31.89038,14.75582,323.5053
8.279516,1,-6.36032,2.987445,10.3096,354.2394,50.47599,113.4101,1,-6.092242,2.920289,10.53063,41.72619,7.192922,313.7877
8.387213,1,-7.019322,2.989397,10.75778,329.7608,17.77706,141.1172,1,-6.774316,2.81365,10.98301,63.49052,16.04824,317.7408
8.494284,1,-7.711368,3.010942,11.21147,328.196,23.55359,182.3343,1,-7.488312,2.791564,11.44034,62.3775,19.9762,332.838
8.597635,1,-8.463499,2.995145,11.67235,331.9377,31.39211,147.1633,1,-8.241956,2.830479,11.9025,71.57013,5.230396,322.9081
8.707798,1,-9.243463,2.99401,12.08208,330.8147,34.50389,148.0921,1,-9.032269,2.864318,12.36443,57.91438,347.5266,298.175
8.814255,1,-10.05742,2.996547,12.48396,330.8891,32.34581,152.1086,1,-9.853552,2.909178,12.78628,53.05146,352.3344,301.7142
8.929014,1,-10.90715,2.998946,12.8737,331.7783,29.94437,152.8531,1,-10.71438,2.932397,13.18323,52.31247,350.3012,306.4305
9.042469,1,-11.79818,3.00599,13.25772,340.5192,24.04639,150.353,1,-11.62068,2.934175,13.56028,52.08698,347.6202,306.3154
9.149918,1,-12.7337,3.026775,13.61975,350.2226,24.40804,151.4236,1,-12.55902,2.935568,13.90934,50.31279,345.9289,305.9417
9.253902,1,-13.71081,3.051056,13.96955,3.606858,33.28288,157.5551,1,-13.53041,2.939088,14.2332,50.00767,344.8297,306.0925
9.366329,1,-14.70051,3.058891,14.31022,17.09362,35.81533,155.4527,1,-14.53878,2.948646,14.52971,49.76692,341.1817,302.1748
9.475063,1,-15.72219,3.032372,14.64007,36.77792,36.92405,151.2577,1,-15.59197,2.972198,14.78683,44.10241,329.0353,288.5175
9.587749,1,-16.75602,2.990561,14.92073,70.37659,45.47523,173.6989,1,-16.68172,3.00666,15.00279,38.63705,327.1269,289.9244
9.698675,1,-17.85795,2.927754,15.14867,48.29695,54.54839,162.8619,1,-17.80956,3.024878,15.18939,18.89884,322.4679,292.8457
9.814602,1,-18.99751,2.854501,15.31805,60.62532,125.0349,237.4327,1,-18.98406,3.031115,15.36199,8.798499,332.6709,314.9209
9.925364,1,-20.13642,2.867167,15.44738,46.49129,146.3631,251.9447,1,-20.18818,3.023453,15.53733,16.5156,333.8929,330.8756
10.04149,1,-21.3281,2.840724,15.55879,26.12058,93.22417,210.6448,1,-21.4149,2.98587,15.72242,22.08998,336.2037,332.1774
10.15259,1,-22.35778,2.870958,15.62153,5.005008,75.27091,166.8101,1,-22.46867,2.959898,15.85562,21.10128,328.2312,311.2065
10.25758,1,-23.48526,2.915084,15.69006,19.89433,54.31826,126.0328,1,-23.54242,2.971519,15.96946,22.87705,329.8791,317.1705
10.37704,1,-24.80008,2.966318,15.78302,354.8369,40.34698,112.9042,1,-24.82728,2.973035,16.10361,23.17043,330.2458,318.0929
10.49331,1,-26.12896,2.980932,15.8934,345.3382,17.39293,121.9956,1,-26.13293,2.96385,16.2349,26.96118,331.3566,317.6882
10.59755,1,-27.2748,2.982618,15.99848,341.3933,15.24259,134.7436,1,-27.27718,2.948354,16.34462,30.66176,330.4986,315.8334
10.70922,1,-28.65806,2.976335,16.11127,334.3346,19.24235,143.1281,1,-28.65333,2.938524,16.4646,30.50177,328.932,314.399
10.82338,1,-30.06374,2.967216,16.21909,334.5596,19.58937,138.9607,1,-30.0579,2.947335,16.57161,29.39015,329.9014,316.1953
10.9383,1,-31.49181,2.963602,16.32491,335.4381,19.16065,136.5815,1,-31.49028,2.950936,16.67468,29.24493,329.808,316.5477
11.04005,1,-32.73856,2.966451,16.41017,335.3286,18.89732,137.2978,1,-32.73801,2.95142,16.75879,29.37479,329.5789,316.5712
11.15513,1,-34.22044,2.967479,16.50344,334.8172,17.93049,138.1796,1,-34.22073,2.950775,16.84998,29.29033,329.6744,316.6718
11.26967,1,-35.72853,2.963454,16.58938,334.1251,17.56451,137.7849,1,-35.73363,2.952032,16.93399,29.37728,329.2667,316.6915
11.38682,1,-37.26799,2.955203,16.66529,333.8542,15.75072,137.4525,1,-37.27825,2.955296,17.00724,28.66463,329.9589,317.0862
11.48692,1,-38.61226,2.951485,16.72355,334.6882,14.45899,136.6397,1,-38.62235,2.956271,17.06326,28.85011,330.9799,317.5725
11.58719,1,-39.97649,2.955634,16.77496,334.8408,14.41983,137.0909,1,-39.98477,2.953836,17.11396,29.44446,331.75,317.3274
11.68809,1,-41.36464,2.968384,16.8225,334.9634,14.94707,137.9119,1,-41.37179,2.943625,17.15789,31.1601,332.5979,315.8958
11.78862,1,-42.78104,2.982962,16.86281,338.1716,16.05668,139.9444,1,-42.77947,2.932405,17.19624,34.54028,329.7438,311.8928
11.90368,1,-44.47423,2.992161,16.89933,342.7166,16.69174,141.3686,1,-44.46777,2.918598,17.23301,35.40942,326.3859,307.9381
12.01754,1,-46.22467,2.999469,16.93119,349.0442,14.35622,142.7738,1,-46.21055,2.911149,17.25778,39.29308,327.0563,307.4664
12.13146,1,-48.04039,3.029626,16.97104,1.246448,16.02075,145.28,1,-47.99824,2.868719,17.28116,46.14878,324.84,303.7513
12.24773,1,-49.91307,3.062798,17.02279,11.20412,26.42536,150.9116,1,-49.83242,2.826704,17.28765,55.46247,335.4903,312.6396
12.3602,1,-51.83177,3.071915,17.0777,18.34937,28.98796,155.4768,1,-51.73168,2.789976,17.30013,52.10235,334.7968,312.5357
12.46994,1,-53.80521,3.060997,17.09943,17.00414,26.03402,154.573,1,-53.70362,2.796222,17.32244,53.33562,333.2447,313.4107
12.57796,1,-55.83216,3.061438,17.12751,15.40953,26.15806,153.7773,1,-55.74039,2.814011,17.36988,55.81907,337.477,319.5677
12.68727,1,-57.93064,3.050402,17.16747,11.29281,23.83076,148.2656,1,-57.85581,2.845598,17.45107,54.02888,336.3744,318.3424
12.80203,1,-60.12148,3.041768,17.24844,8.897405,25.37915,146.5226,1,-60.04065,2.852686,17.54907,49.34212,333.3797,315.6009
12.9102,1,-62.37591,3.033156,17.36417,5.131217,25.6504,144.3268,1,-62.3055,2.858764,17.67628,46.65054,330.6104,312.2928
13.01967,1,-64.70121,3.023964,17.49936,2.595587,23.8235,141.0846,1,-64.64765,2.870391,17.82849,46.24424,332.5499,314.6589
13.12811,1,-67.10773,2.997843,17.65548,355.1106,19.1223,134.9498,1,-67.0537,2.872115,17.99463,46.01302,333.9371,315.8807
13.23921,1,-69.59192,2.988162,17.8324,353.512,17.62104,136.2338,1,-69.53548,2.869307,18.17855,46.22126,334.6032,316.2471
13.35605,1,-72.14922,2.985708,18.01889,351.2192,18.96443,137.5408,1,-72.09464,2.866013,18.37312,46.69276,334.4015,315.8693
13.46514,1,-74.78625,2.984752,18.217,349.6403,19.93378,137.0341,1,-74.73278,2.865558,18.57098,46.75823,333.9669,315.611
13.5822,1,-77.49242,2.982934,18.4125,347.0042,19.19555,137.2387,1,-77.44446,2.869926,18.76638,47.49276,334.2711,316.3494
13.70096,1,-80.26183,2.976395,18.60046,342.4879,18.36097,136.0734,1,-80.22555,2.869859,18.95615,47.1897,333.6382,316.1454
13.81292,1,-83.1028,2.96994,18.77399,339.7818,18.37499,134.5081,1,-83.06458,2.868613,19.13256,47.55202,333.0138,316.204
13.92512,1,-85.98326,2.97423,18.93627,341.4914,17.73838,135.4008,1,-85.94637,2.865546,19.29193,47.58615,332.9143,316.2594
14.03866,1,-88.89096,2.98689,19.08019,345.205,16.09018,138.0367,1,-88.85522,2.857326,19.43168,48.08848,333.3577,317.1017
14.14013,1,-91.81123,2.991035,19.20095,348.8709,15.28032,138.406,1,-91.7752,2.854819,19.55127,49.59897,335.9734,320.3017
14.24376,1,-94.71038,2.992162,19.3038,348.6729,15.27124,139.2241,1,-94.67334,2.855032,19.65557,49.4162,334.6376,319.8639
14.36207,1,-97.56644,3.006326,19.39967,353.6425,15.89524,140.3427,1,-97.52201,2.852341,19.74242,52.77151,340.5259,326.5973
14.47114,1,-100.3699,3.023294,19.48264,357.7491,19.74459,141.6666,1,-100.3187,2.855255,19.81227,51.72567,336.7701,318.075
14.58161,1,-103.124,3.026394,19.54974,357.0681,21.39172,142.8188,1,-103.0744,2.873862,19.87703,52.04157,337.4536,318.5264
14.69403,1,-105.825,3.023463,19.61181,355.4158,22.34279,143.6485,1,-105.7789,2.881064,19.94418,49.57788,337.5253,318.2371
14.81364,1,-108.4774,3.021151,19.68022,355.5647,21.91541,143.0323,1,-108.4307,2.879063,20.01299,47.77454,337.0873,317.6309
14.92976,1,-111.0828,3.0205,19.75324,355.7872,21.6804,142.8269,1,-111.0348,2.876093,20.08595,48.16855,338.2346,319.3239
15.03508,1,-113.2761,3.019207,19.81825,355.9491,21.27051,142.4154,1,-113.2284,2.874791,20.15034,48.47122,338.8091,319.8579
15.14933,1,-115.7892,3.017045,19.89571,356.4346,20.67387,141.3811,1,-115.7412,2.87653,20.22853,48.67534,339.0139,320.3798
15.25032,1,-117.9034,3.014805,19.96392,356.7065,19.99436,140.346,1,-117.8581,2.880529,20.29978,47.98892,341.8284,324.179
15.35166,1,-119.9793,3.011695,20.032,355.8015,19.22639,139.9144,1,-119.9391,2.89156,20.36975,47.30445,348.7799,332.3195
15.45294,1,-122.0105,3.003694,20.09617,352.5566,18.25025,138.844,1,-121.9778,2.894912,20.43686,47.68107,345.5309,328.5853
15.55341,1,-123.9977,2.984715,20.15243,350.2317,16.74955,137.1056,1,-123.9701,2.903774,20.49823,48.59993,341.9826,325.6482
15.65513,1,-125.9285,2.974359,20.21151,343.2509,18.5172,135.5809,1,-125.9144,2.906187,20.55732,43.86979,333.2656,314.3122
15.75674,1,-127.7852,2.97717,20.2744,341.1121,18.49265,136.8697,1,-127.7791,2.912014,20.61944,44.11272,335.5826,317.5319
15.85894,1,-129.5768,2.977367,20.32648,340.7558,17.58308,137.4176,1,-129.569,2.909431,20.67239,43.21817,335.4124,318.687
15.9613,1,-131.2851,2.979065,20.36832,341.4481,17.30165,137.4689,1,-131.2782,2.904758,20.71539,43.09418,334.6281,318.5216
16.06544,1,-132.9049,2.979293,20.39985,341.606,17.00468,137.4723,1,-132.9007,2.901909,20.74693,41.98782,333.1465,315.9242
16.16869,1,-134.4296,2.979501,20.42273,341.6674,16.86996,137.3372,1,-134.4255,2.901674,20.7714,42.34642,332.818,316.3259
16.27444,1,-135.8563,2.979283,20.43778,341.6654,16.58197,137.2801,1,-135.8527,2.896057,20.78932,43.33927,332.103,316.4938
16.38264,1,-137.1903,2.98136,20.44658,341.9107,16.2793,137.7266,1,-137.1896,2.895254,20.79722,45.63166,333.7607,318.8142
16.49531,1,-138.6619,2.987799,20.4533,343.829,16.29493,138.4621,1,-138.6549,2.891562,20.80052,47.58184,334.9874,320.2995
16.59895,1,-139.856,2.996927,20.45628,351.5731,16.24554,140.0219,1,-139.8382,2.880351,20.80166,47.28692,335.0232,320.5362
16.70866,1,-141.157,3.00186,20.45762,351.695,15.31779,139.7386,1,-141.1348,2.875131,20.801,48.11415,334.5915,321.4328
16.81163,1,-142.1922,3.000149,20.45114,351.72,14.9998,139.7721,1,-142.1723,2.876512,20.79613,48.20395,334.0752,321.7184
16.91917,1,-143.1617,2.997839,20.44283,351.4233,15.11205,139.3915,1,-143.1437,2.879516,20.7889,48.60474,333.3726,321.1771
17.02139,1,-144.0673,2.992158,20.43153,350.3331,15.39404,138.7583,1,-144.0527,2.884638,20.78055,48.18793,332.1222,319.7216
17.12582,1,-144.9311,2.981461,20.4196,345.1484,16.08473,135.9995,1,-144.9161,2.893031,20.77091,48.04783,332.4051,319.8452
17.23393,1,-145.7578,2.983394,20.41105,345.7611,16.38194,136.8535,1,-145.743,2.893039,20.76189,48.06715,332.1982,319.2501
17.33485,1,-146.5486,2.986122,20.40359,346.4557,16.02708,137.3344,1,-146.5356,2.890026,20.75406,47.40084,332.1773,318.5282
17.44129,1,-147.3033,2.985669,20.39365,345.7634,15.84478,137.4397,1,-147.291,2.871083,20.74496,45.57627,332.1971,315.9519
17.54601,1,-148.0417,2.981864,20.38051,343.0205,16.36791,137.2166,1,-148.0233,2.844014,20.72714,53.05297,332.7155,313.5916
17.64956,1,-148.7939,2.978893,20.36527,342.1636,16.80917,137.1861,1,-148.7557,2.798371,20.6982,79.04144,0.951105,346.5939
17.75111,1,-149.5521,2.977989,20.35186,341.6593,16.44674,137.4937,1,-149.4942,2.783595,20.66761,80.5945,297.2479,284.3646
17.85372,1,-150.3189,2.97779,20.33582,340.536,16.55518,137.6272,1,-150.2641,2.788752,20.64691,80.68717,317.6662,303.95
17.95401,1,-151.096,2.978228,20.3186,340.9605,16.27876,137.5428,1,-151.0414,2.794914,20.62733,84.85513,10.31024,356.9326
18.07319,1,-152.0204,2.974751,20.29443,340.7306,15.86631,137.0128,1,-151.9471,2.797111,20.595,83.37177,112.208,101.8296
18.18284,1,-152.8228,2.967878,20.26968,339.2016,15.54521,136.1597,1,-152.7487,2.785585,20.55684,80.42097,77.87114,64.95715
18.28599,1,-153.644,2.952065,20.24523,333.6251,13.62049,132.7689,1,-153.5766,2.778023,20.52251,79.29649,91.73154,78.69858
18.39092,1,-154.4874,2.928479,20.21853,331.7472,9.293026,128.8381,1,-154.424,2.783505,20.49651,77.97777,114.6846,102.3016
18.49285,1,-155.3268,2.878241,20.17732,316.0693,14.48055,123.9023,1,-155.2857,2.782404,20.45772,80.50926,96.08908,83.18684
18.59885,1,-156.1825,2.814276,20.16885,283.4883,37.08535,100.8968,1,-156.1671,2.770272,20.40618,81.25695,86.47682,74.05875
18.71352,1,-157.2001,2.723032,20.1743,277.36,117.192,25.80477,1,-157.254,2.796666,20.36512,87.52235,156.6688,129.5506
18.81442,1,-158.0933,2.742795,20.12861,293.0275,226.5279,297.9967,1,-158.2408,2.842334,20.3513,53.14173,329.1085,283.9511
18.91877,1,-159.0187,2.802461,20.04527,285.6966,247.1287,270.7602,1,-159.1641,2.854704,20.31581,39.63595,324.7058,302.6432
19.0191,1,-159.9733,2.879458,19.923,318.466,20.609,106.2327,1,-160.093,2.92363,20.24497,26.22869,322.2733,311.1838
19.1225,1,-160.912,3.01637,19.80018,356.1773,17.53726,125.9788,1,-160.9873,3.046084,20.11934,10.65665,318.3697,334.0136
19.23586,1,-161.9152,3.087583,19.65741,352.2526,17.54008,179.7079,1,-161.9945,3.082188,19.90665,350.972,302.0842,340.9387
19.34337,1,-162.6655,3.00814,19.51308,340.9774,10.09871,161.3816,1,-162.7482,3.049633,19.78317,355.9955,305.6506,328.9209
19.45231,1,-163.3241,2.861562,19.359,302.8974,356.3493,140.2887,1,-163.443,2.933565,19.72862,26.82786,308.0231,287.9106
19.56115,1,-163.986,2.69912,19.30157,285.292,134.5982,355.7064,1,-164.0721,2.800416,19.60308,69.91126,351.9453,338.3794
19.66647,1,-164.6364,2.679521,19.26162,305.0243,192.9721,323.2579,1,-164.7358,2.75337,19.37284,65.3047,1.487355,359.1527
19.77241,1,-165.2715,2.757022,19.04413,312.4753,207.0275,350.319,1,-165.4198,2.893748,19.10671,65.7484,319.8473,297.9199
19.8813,1,-165.8104,2.868162,18.81153,314.5559,42.09752,148.3732,1,-166.0444,2.984211,18.91856,30.74887,312.441,303.8178
19.99278,1,-166.3623,2.988628,18.56048,343.9192,39.52549,103.2677,1,-166.5802,3.040837,18.66954,3.108066,309.604,327.0447
20.1048,1,-166.9344,3.065669,18.24664,1.879797,5.443348,100.4263,1,-167.0742,3.073175,18.38105,348.55,307.8442,335.1544
20.21742,1,-167.4202,3.089596,17.94577,0.3916709,338.0385,129.1043,1,-167.5172,3.059453,18.13334,348.8086,302.098,331.3499
20.32006,1,-167.8136,3.046674,17.67311,324.7895,327.724,186.9537,1,-167.9295,3.033523,17.93324,15.58267,279.0654,309.9102
20.4308,1,-168.1765,3.006938,17.43734,336.9168,345.7782,155.8404,1,-168.3752,2.942922,17.70986,25.49783,284.6186,291.3923
20.53572,1,-168.5088,2.945195,17.16116,313.85,340.8938,144.2328,1,-168.7153,2.887227,17.48415,42.08218,289.285,300.6205
20.64209,1,-168.7951,2.858176,16.94794,285.8873,332.5215,138.8696,1,-169.0274,2.823863,17.2445,50.31835,295.9562,315.6321
20.74907,1,-169.079,2.824989,16.75258,287.7425,354.6143,106.451,1,-169.3008,2.825572,16.99717,47.76507,280.0299,300.6808
20.85571,1,-169.3141,2.857889,16.54138,293.3864,14.76894,90.93987,1,-169.5395,2.854106,16.77867,53.40861,291.7143,308.3577
20.96965,1,-169.5212,2.862453,16.34628,293.1852,8.190352,100.2758,1,-169.7615,2.859963,16.56864,47.76498,289.0661,304.5042
21.07509,1,-169.6689,2.863233,16.20304,293.7602,6.605385,100.6176,1,-169.9154,2.855805,16.42181,47.76959,286.4237,303.1447
21.182,1,-169.8123,2.863433,16.05791,293.7877,5.305942,101.0842,1,-170.0641,2.856126,16.27138,48.10587,285.5579,303.3028
21.28978,1,-169.9541,2.863455,15.90848,294.1344,3.631923,101.7781,1,-170.2106,2.857132,16.11709,48.59487,284.8111,303.5282
21.40257,1,-170.1042,2.864311,15.74321,294.1459,3.204994,101.4536,1,-170.3655,2.859752,15.94623,49.12671,283.7451,303.6139
21.51369,1,-170.2748,2.862498,15.54515,294.0065,3.385019,100.0899,1,-170.5403,2.861419,15.74418,49.38719,282.0885,303.5705
21.61464,1,-170.436,2.863719,15.34918,293.4548,4.291091,98.30489,1,-170.7083,2.860869,15.54092,49.31742,279.6357,302.7038
21.71959,1,-170.6511,2.863542,15.07236,293.2292,5.144126,95.64085,1,-170.9312,2.86065,15.2531,49.32476,276.7362,302.1294
21.82733,1,-170.8887,2.863583,14.74334,293.3935,2.821502,95.9438,1,-171.1769,2.860513,14.912,49.58239,274.0614,301.5186
21.93862,1,-171.1443,2.863157,14.35548,293.6408,1.532259,94.73132,1,-171.4404,2.860318,14.51181,49.72208,269.7827,299.9644
22.05594,1,-171.4093,2.863354,13.90463,294.4778,359.7168,93.85545,1,-171.7144,2.860551,14.04504,49.66534,266.7359,300.1149
22.16629,1,-171.6744,2.86836,13.38654,294.3818,354.6691,95.50285,1,-171.9916,2.860295,13.51196,49.9912,261.6142,300.0395
22.28042,1,-171.9261,2.920764,12.76871,306.5027,331.1697,122.008,1,-172.2729,2.858627,12.90965,49.37657,258.9521,306.2342
22.3812,1,-172.1308,2.978883,12.19489,322.761,308.1345,146.0083,1,-172.49,2.874496,12.33825,47.37498,267.1724,325.3092
22.49484,1,-172.3561,3.0261,11.51752,330.6496,304.7764,150.7049,1,-172.6936,2.900783,11.64625,43.50997,251.0457,304.2651
22.61374,1,-172.5383,3.047004,10.81566,357.5738,300.075,151.0558,1,-172.8629,2.940855,10.93077,44.84544,246.2039,297.2731
22.72787,1,-172.7497,3.086785,10.12622,19.07712,299.0846,153.4687,1,-172.9649,3.004219,10.23527,39.89732,240.847,291.5008
22.83336,1,-172.8819,3.039949,9.570959,44.62767,310.1631,143.0531,1,-172.9917,3.056395,9.665683,28.16907,231.4956,281.2554
22.95036,1,-172.99,2.936102,9.005502,38.77798,327.6862,176.0809,1,-172.9511,3.094076,9.049803,3.705941,223.6142,299.373
23.05264,1,-172.9504,2.832904,8.560304,55.2969,349.0659,192.2303,1,-172.9393,3.087144,8.544466,351.437,235.7433,335.3004
23.1558,1,-172.8957,2.800761,8.129471,56.78009,54.62725,268.0501,1,-172.9283,3.047217,8.062927,2.172296,230.1556,346.9461
23.25729,1,-172.8152,2.80333,7.74326,39.65026,10.75638,206.9472,1,-172.9295,3.015404,7.643014,2.049907,238.973,331.6277
23.36135,1,-172.7185,2.867794,7.412616,4.717487,336.8372,154.4361,1,-172.9144,2.978761,7.272905,7.28145,234.0047,312.8535
23.46333,1,-172.6098,2.886469,7.049103,1.693211,308.1242,111.3339,1,-172.8932,2.959606,6.95823,17.59125,235.2351,313.774
23.56624,1,-172.5313,2.927802,6.75556,334.1968,279.1432,106.4696,1,-172.8721,2.928723,6.686,36.17337,229.2123,311.7445
23.66771,1,-172.482,2.939788,6.479657,330.6646,272.6686,120.143,1,-172.8349,2.907302,6.440575,36.48666,233.1288,313.1817
23.76972,1,-172.4454,2.949478,6.225584,330.3232,272.9079,143.4365,1,-172.7964,2.907787,6.186934,32.86452,232.2542,313.3621
23.87349,1,-172.424,2.952973,5.96301,324.8743,269.3959,150.1902,1,-172.7622,2.918387,5.923401,33.40084,230.0896,316.0034
23.97668,1,-172.3865,2.949295,5.70436,334.7449,265.4847,142.4779,1,-172.7206,2.914363,5.652729,34.2543,226.9805,313.9561
24.08078,1,-172.3372,2.958646,5.413875,334.4259,264.9507,142.4433,1,-172.6735,2.906002,5.372724,40.14102,225.3957,314.8829
24.18412,1,-172.2953,3.009809,5.08458,355.9782,269.0379,141.8487,1,-172.6298,2.880559,5.093156,57.30368,238.4374,331.7027
24.28979,1,-172.2562,3.035659,4.733797,13.61086,277.3583,136.4832,1,-172.5744,2.873205,4.778175,52.10187,244.556,333.1569
24.39276,1,-172.2484,3.059619,4.366854,29.26191,284.4124,153.448,1,-172.4986,2.908805,4.415615,45.52828,229.2283,299.9386
24.49626,1,-172.2074,3.033164,3.990674,45.17142,295.976,150.7485,1,-172.4035,2.985119,4.04506,36.71521,218.4404,295.4202
24.60092,1,-172.1621,2.991837,3.61226,61.88121,298.2783,156.5604,1,-172.293,3.035472,3.670536,35.27753,215.6285,298.3458
24.70571,1,-172.0896,2.919371,3.223738,41.06223,309.9056,183.4982,1,-172.1589,3.038312,3.244359,18.50405,213.907,298.9153
24.8084,1,-171.967,2.86727,2.816889,61.42739,33.08057,247.0349,1,-172.0142,3.046812,2.813306,12.85953,221.0672,317.7741
24.9122,1,-171.8009,2.826962,2.388541,46.61663,41.06891,247.2921,1,-171.8738,3.026168,2.322063,17.4445,221.2523,337.2343
25.02619,1,-171.5984,2.811361,1.874325,21.08741,336.6562,201.773,1,-171.7489,2.976384,1.733783,22.73292,232.0753,330.1183
25.13121,1,-171.3347,2.829942,1.40792,20.58395,309.6205,135.4571,1,-171.6352,2.911934,1.250389,51.55283,231.8466,322.3648
25.23848,1,-171.0871,2.877865,0.7524387,326.7595,258.7229,113.5209,1,-171.4375,2.811447,0.6528423,62.35437,262.0008,338.2281
25.34802,1,-170.9251,2.938642,0.1427465,315.7347,258.5154,156.6747,1,-171.2565,2.807685,0.09164628,78.19443,283.8005,8.185451
25.44924,1,-170.7572,2.954936,-0.5122011,325.0311,264.5422,140.5505,1,-171.0943,2.820062,-0.5389649,79.65684,262.367,351.357
25.5527,1,-170.5814,2.937748,-1.148243,328.0184,265.3427,137.6671,1,-170.9288,2.825888,-1.195723,77.76377,263.0813,352.3216
25.66598,1,-170.3726,2.925467,-1.931906,327.7719,268.8305,134.9164,1,-170.7341,2.854042,-1.995859,70.16264,260.0377,349.6335
25.77348,1,-170.1962,2.938926,-2.647958,326.9693,268.404,137.2908,1,-170.5521,2.856924,-2.697344,71.15804,262.7073,351.6641
25.87967,1,-170.0187,2.980635,-3.395187,333.9311,272.9556,144.6969,1,-170.3697,2.856892,-3.434991,70.26931,259.7863,347.0045
25.98279,1,-169.8326,2.999814,-4.19683,346.1712,278.5158,144.5844,1,-170.1903,2.858262,-4.207512,67.48141,256.8977,342.0262
26.08924,1,-169.6555,3.007751,-5.008541,352.8393,283.2361,143.5119,1,-170.0096,2.856295,-5.008689,65.70866,264.7417,350.2187
26.20008,1,-169.4703,3.03439,-6.008459,356.4351,283.0728,152.1101,1,-169.806,2.854894,-5.982026,67.48548,264.9145,349.695
26.30446,1,-169.3179,3.055257,-6.886861,3.587124,289.7788,157.5224,1,-169.6378,2.870346,-6.850666,66.75159,245.153,326.1304
26.40528,1,-169.1732,3.065188,-7.793779,7.016669,294.5269,160.0096,1,-169.4798,2.885534,-7.752736,65.67392,252.287,333.281
26.51164,1,-169.0413,3.065931,-8.699043,7.672596,297.2495,159.5064,1,-169.338,2.887069,-8.647848,63.12885,255.3548,336.4388
26.61315,1,-168.9225,3.064475,-9.570552,8.239114,298.8638,159.9149,1,-169.2145,2.87961,-9.509179,61.74554,258.9871,338.535
26.72695,1,-168.8055,3.059724,-10.53756,6.784451,299.5017,158.9918,1,-169.0986,2.876668,-10.47266,62.53629,258.3047,335.8831
26.84236,1,-168.7002,3.040869,-11.43344,2.305432,296.8488,147.8631,1,-169.0118,2.888389,-11.39343,59.97929,255.9832,333.0387
26.94623,1,-168.6268,3.026786,-12.18951,355.6522,297.4474,146.7088,1,-168.9526,2.908949,-12.15166,56.24739,255.0915,331.6154
27.04763,1,-168.5786,3.018203,-12.88804,354.8683,298.6949,144.5164,1,-168.9103,2.919308,-12.84964,52.65018,255.0355,331.8568
27.14942,1,-168.5502,3.016486,-13.4935,353.3544,297.2807,144.7456,1,-168.8806,2.924006,-13.45609,52.52995,256.5291,333.3279
27.25359,1,-168.5332,3.017846,-14.0048,353.1811,296.1049,145.1715,1,-168.8607,2.922029,-13.96687,51.77365,256.888,332.9576
27.35713,1,-168.5236,3.018134,-14.37379,353.5492,296.6117,145.2405,1,-168.8497,2.920885,-14.33443,51.58784,257.1733,332.5815
27.46166,1,-168.519,3.017215,-14.58917,353.073,296.0202,145.3333,1,-168.8464,2.920886,-14.54836,50.53776,256.7385,332.3412
27.5646,1,-168.5171,3.014904,-14.63847,349.3416,293.6061,146.1439,1,-168.8455,2.919375,-14.59887,50.11048,254.7059,329.1867
27.66785,1,-168.5095,3.002287,-14.62577,347.1494,293.1564,143.7639,1,-168.8472,2.899502,-14.59537,49.54271,244.3858,314.5867
27.78327,1,-168.491,2.966227,-14.61795,340.4321,293.6465,134.6846,1,-168.8545,2.886183,-14.59673,50.51481,248.4642,321.3468
27.89681,1,-168.4887,2.952843,-14.61445,334.0379,291.811,134.2888,1,-168.8524,2.888455,-14.59675,50.69513,248.275,321.2107
28.01624,1,-168.4895,2.953642,-14.6042,335.3272,291.5447,134.8591,1,-168.8489,2.897245,-14.6011,49.79785,247.6203,319.6728
28.13285,1,-168.4944,2.937597,-14.59908,328.7302,285.215,131.8499,1,-168.8513,2.913383,-14.60636,45.69166,244.5655,316.7505
28.23643,1,-168.4922,2.913915,-14.58959,326.0041,285.9575,128.2275,1,-168.854,2.912953,-14.60871,44.23917,245.8251,318.1958
28.35156,1,-168.4937,2.857238,-14.57123,310.8532,296.9764,113.7006,1,-168.8564,2.906661,-14.60841,43.82247,246.7347,318.8936
28.45658,1,-168.5223,2.801085,-14.55641,301.1701,290.8889,111.1082,1,-168.8559,2.892623,-14.60978,44.63692,246.2556,317.9982
28.57147,1,-168.5598,2.762812,-14.54206,288.6246,298.5786,100.129,1,-168.847,2.888484,-14.6085,48.42651,244.2114,314.2651
28.67681,1,-168.566,2.762902,-14.53705,287.3984,296.6631,105.5135,1,-168.8459,2.892034,-14.61092,47.99773,244.4427,314.4445
28.79291,1,-168.5626,2.770314,-14.5347,279.5674,288.1127,121.763,1,-168.8459,2.899137,-14.61731,47.08281,242.311,312.6775
28.89363,1,-168.5576,2.773586,-14.533,280.4721,284.712,126.4114,1,-168.8465,2.902138,-14.61735,45.27555,240.7464,311.1058
28.99581,1,-168.5429,2.780914,-14.5288,277.8826,291.947,125.3793,1,-168.8471,2.899891,-14.61591,45.52936,241.1112,311.49
29.09722,1,-168.4834,2.849038,-14.53706,274.4152,274.2936,154.4088,1,-168.8506,2.88814,-14.61678,45.84074,239.5966,310.1776
29.19758,1,-168.4628,2.907092,-14.5606,310.4285,295.9746,134.3038,1,-168.8508,2.896637,-14.61723,45.01678,238.9464,310.3941
29.3005,1,-168.4555,2.918356,-14.58758,311.2201,296.5511,130.4424,1,-168.8534,2.924001,-14.62455,40.22058,235.8284,311.3799
29.42016,1,-168.4678,2.891275,-14.57763,298.8291,309.2643,121.5402,1,-168.8512,2.929557,-14.62523,40.97562,236.9623,313.0192
29.53518,1,-168.4758,2.868979,-14.57189,297.5988,311.6639,117.1969,1,-168.8517,2.921502,-14.62281,42.78348,237.2459,313.0851
29.63651,1,-168.4766,2.875345,-14.57278,296.8751,306.7355,121.34,1,-168.8507,2.908154,-14.61741,51.98902,243.7165,318.3179
29.73762,1,-168.4743,2.876498,-14.57226,297.6447,306.0586,122.4331,1,-168.8514,2.893878,-14.60965,56.80273,245.2873,319.916
29.8389,1,-168.4725,2.87944,-14.57488,297.5061,306.3064,122.2451,1,-168.8525,2.885122,-14.60838,56.87301,242.6957,317.8831
29.94422,1,-168.4704,2.883229,-14.57795,297.4775,306.9712,121.9322,1,-168.8535,2.882817,-14.60852,56.84743,242.22,317.364
30.04432,1,-168.4712,2.88906,-14.57854,297.2467,306.7659,122.128,1,-168.8572,2.884928,-14.60767,56.74265,241.7604,317.7953
30.14677,1,-168.4734,2.891444,-14.57715,297.1462,307.0936,121.7333,1,-168.8588,2.885339,-14.60789,56.13623,240.8093,316.9093
30.25093,1,-168.4731,2.894941,-14.57872,297.4406,307.4251,121.659,1,-168.8553,2.887506,-14.60801,56.59109,241.7807,317.3887
30.35243,1,-168.4727,2.89155,-14.58125,297.929,303.1381,125.3265,1,-168.8535,2.888492,-14.60867,56.85695,240.6545,315.8227
30.4644,1,-168.4859,2.855537,-14.56472,297.2155,309.8515,114.9463,1,-168.8515,2.911737,-14.61599,52.78565,235.3267,310.0821
30.57924,1,-168.5225,2.790836,-14.54321,283.5485,18.53982,36.45645,1,-168.847,2.953213,-14.62722,42.30303,237.7253,315.168
30.69276,1,-168.5582,2.758623,-14.53159,276.9466,31.12517,20.04495,1,-168.845,2.959225,-14.6246,37.40005,251.6918,331.1501
30.79738,1,-168.5348,2.783262,-14.54414,274.3192,336.5639,76.75254,1,-168.8433,2.94477,-14.61792,40.51317,245.6346,322.2187
30.90207,1,-168.4855,2.834455,-14.56012,288.9786,282.36,135.3614,1,-168.8509,2.913619,-14.60838,45.72191,244.0336,314.2118
31.01737,1,-168.4705,2.866762,-14.56484,291.2438,312.7545,113.6077,1,-168.8605,2.892188,-14.59802,50.29799,250.4629,322.4015
31.12261,1,-168.4798,2.865456,-14.57654,294.8167,297.0426,124.9428,1,-168.8608,2.883969,-14.59625,51.11535,252.7159,325.3
31.23829,1,-168.4627,2.895872,-14.58114,306.9083,304.4274,127.0272,1,-168.8639,2.870823,-14.59204,52.51204,254.3067,329.434
31.34284,1,-168.4647,2.897699,-14.5852,303.403,304.5193,125.4178,1,-168.8642,2.868535,-14.58752,54.07314,256.2903,333.8281
31.45742,1,-168.4635,2.887096,-14.58576,305.1704,304.5442,125.275,1,-168.8629,2.875226,-14.58811,56.68965,257.4297,335.46
31.56278,1,-168.4597,2.863931,-14.58132,304.1509,306.152,123.8544,1,-168.8613,2.88657,-14.58831,55.47009,253.9931,330.8044
31.66435,1,-168.4608,2.859899,-14.58001,302.3292,305.0088,125.0372,1,-168.8621,2.900678,-14.58924,53.68765,254.3783,330.8937
31.76696,1,-168.4624,2.865591,-14.58121,300.3502,305.0702,124.7668,1,-168.8652,2.904616,-14.5927,52.22957,253.589,330.6636
31.87062,1,-168.4612,2.90421,-14.59452,303.1528,307.5536,123.6166,1,-168.8619,2.908162,-14.59692,45.40202,259.5803,335.4298
31.98862,1,-168.4623,2.979874,-14.62237,316.4827,302.136,140.3371,1,-168.8636,2.840389,-14.57028,47.40339,267.4458,343.388
32.08975,1,-168.4634,2.966662,-14.6118,312.4969,301.3006,140.709,1,-168.8678,2.850718,-14.56936,48.98467,264.3028,341.7048
32.19576,1,-168.4545,2.905686,-14.58904,307.8189,307.954,130.7042,1,-168.8638,2.880117,-14.58089,50.43323,260.8067,336.8627
32.31268,1,-168.4549,2.872046,-14.57856,301.683,317.981,116.8252,1,-168.8615,2.905571,-14.59772,48.19845,256.0968,329.4318
32.41771,1,-168.4594,2.872217,-14.58073,300.8663,317.1273,117.6678,1,-168.8632,2.905555,-14.59779,43.99222,255.3578,328.6342
32.51877,1,-168.464,2.865721,-14.57633,299.8886,316.9734,116.1093,1,-168.8632,2.907617,-14.6003,42.48437,252.5774,326.5579
32.63833,1,-168.465,2.862906,-14.57258,298.8154,313.8062,118.1771,1,-168.8624,2.912156,-14.60446,42.29594,251.95,326.4421
32.75417,1,-168.4627,2.870405,-14.57528,296.2773,304.7109,125.9941,1,-168.8676,2.912355,-14.60043,39.55272,253.0072,329.6129
32.85928,1,-168.4595,2.876531,-14.57576,297.7578,306.8078,124.3669,1,-168.8733,2.91149,-14.59566,40.70152,252.6851,329.5743
32.97503,1,-168.4536,2.877816,-14.57017,296.6792,309.4534,122.2649,1,-168.8917,2.910914,-14.5827,42.42466,250.91,326.6795
33.07567,1,-168.4491,2.882496,-14.54336,304.4663,308.8984,114.3819,1,-168.937,2.902339,-14.56016,44.82924,251.4308,318.3738
33.18618,1,-168.4671,2.872394,-14.52647,326.9791,310.6724,93.95871,1,-169.0057,2.892254,-14.51361,51.6981,263.2702,325.6179
33.28646,1,-168.5538,2.866686,-14.48981,356.4755,311.5927,103.5331,1,-169.0432,2.870369,-14.5036,49.24532,272.2974,329.3088
33.39578,1,-168.6349,2.815841,-14.47159,3.748597,333.4943,125.0246,1,-169.0555,2.857774,-14.49991,37.12769,269.841,328.8098
33.50288,1,-168.6841,2.809737,-14.46337,8.223965,357.5229,158.2309,1,-169.0637,2.842765,-14.49733,37.15113,267.0342,329.6003
33.60526,1,-168.738,2.795536,-14.47891,343.4813,333.7963,166.4754,1,-169.0726,2.832689,-14.49264,31.4703,271.1535,342.6161
33.71147,1,-168.7662,2.765834,-14.51516,331.7563,312.6662,175.8903,1,-169.0907,2.811526,-14.49397,32.83912,273.9382,344.54
33.81939,1,-168.7973,2.741005,-14.54591,322.7486,302.4149,176.17,1,-169.0936,2.802746,-14.49295,31.76515,276.2999,346.8526
33.93828,1,-168.8197,2.748416,-14.5511,324.932,307.7759,172.0852,1,-169.0859,2.78276,-14.50014,30.17907,276.8469,348.1125
34.05508,1,-168.8307,2.751168,-14.5565,326.9631,306.8428,172.6375,1,-169.0895,2.767027,-14.50869,26.33298,278.4273,351.6515
34.16305,1,-168.8342,2.739655,-14.5674,324.6204,303.895,176.1199,1,-169.0838,2.765541,-14.51089,27.12304,278.4862,351.5791
34.2717,1,-168.8369,2.735209,-14.57015,324.8506,301.7025,179.0157,1,-169.0725,2.759622,-14.53017,26.08917,283.4768,358.7535
34.38126,1,-168.8419,2.738256,-14.57057,329.3075,296.2964,187.4675,1,-169.069,2.754204,-14.55229,24.22661,288.4612,8.763212
34.4904,1,-168.8502,2.734518,-14.57147,329.4816,295.8054,187.6483,1,-169.0712,2.757335,-14.55214,27.21178,288.8246,9.542903
34.59968,1,-168.8565,2.731408,-14.57375,331.5247,294.5493,189.0726,1,-169.0809,2.757166,-14.5506,26.91329,284.8668,8.549779
34.70998,1,-168.8653,2.733053,-14.57615,332.1644,293.4086,190.087,1,-169.0826,2.758132,-14.54889,25.94946,283.5231,7.545418
34.81466,1,-168.8731,2.734481,-14.57483,335.3148,293.5396,191.1855,1,-169.0863,2.760894,-14.54554,24.42536,283.086,9.249924
34.92167,1,-168.874,2.727525,-14.57594,335.7,293.9338,189.7379,1,-169.0851,2.762314,-14.54216,25.15832,284.1119,8.335831
35.02964,1,-168.8721,2.724149,-14.57823,334.6076,293.9261,188.4587,1,-169.0837,2.760333,-14.54002,24.64606,284.4594,3.124112
35.1382,1,-168.8698,2.724721,-14.58167,332.7443,294.4691,186.3738,1,-169.0876,2.756724,-14.53789,23.74663,281.3361,0.2055624
35.24198,1,-168.8643,2.721977,-14.59203,327.4228,292.6461,187.7118,1,-169.0908,2.754582,-14.53768,23.58795,279.4061,0.6063813
35.35174,1,-168.8613,2.719836,-14.59984,323.9568,289.3395,189.9378,1,-169.0888,2.756444,-14.53845,25.63194,279.6668,359.9549
35.45574,1,-168.8612,2.720654,-14.59986,324.3152,289.6683,189.6735,1,-169.0888,2.757304,-14.53715,27.86859,278.1455,357.9871
35.56114,1,-168.8617,2.719779,-14.59891,324.6672,290.2441,188.8567,1,-169.0889,2.757184,-14.53696,28.59317,277.8518,357.7156
35.66925,1,-168.8622,2.719496,-14.59907,324.5011,290.4295,188.3727,1,-169.0904,2.757113,-14.53748,28.25499,277.9369,358.753
35.77101,1,-168.8627,2.718575,-14.59931,324.5842,290.442,188.32,1,-169.0932,2.754798,-14.53816,29.68773,277.6666,0.4320397
35.88106,1,-168.8633,2.717616,-14.59965,324.4937,290.2594,188.5519,1,-169.093,2.750838,-14.54118,30.56335,276.0667,0.1928052
35.98876,1,-168.8644,2.713052,-14.60311,324.7027,290.1697,188.7848,1,-169.0911,2.751215,-14.54222,32.20122,277.7572,1.628153
36.09678,1,-168.8641,2.711383,-14.60407,325.0577,290.421,188.6183,1,-169.0916,2.750514,-14.54224,34.64367,280.0194,3.009245
36.19875,1,-168.8643,2.709371,-14.60496,325.3876,290.6033,188.4737,1,-169.092,2.749871,-14.54261,35.34632,280.4221,3.237139
36.30006,1,-168.8642,2.708174,-14.60566,325.438,290.7352,188.3437,1,-169.093,2.748863,-14.54411,35.12979,280.9153,3.52319
36.40184,1,-168.864,2.708379,-14.60505,325.4724,290.7519,188.264,1,-169.0954,2.745274,-14.54531,35.21489,280.7813,3.200215
36.52132,1,-168.8627,2.710552,-14.6023,324.9161,291.858,187.9548,1,-169.0961,2.743491,-14.54548,36.0248,280.6125,2.580088
36.63603,1,-168.8641,2.712485,-14.60043,324.5991,292.6965,187.3578,1,-169.0958,2.744298,-14.54568,36.37601,280.6689,2.132456
36.75494,1,-168.8664,2.711491,-14.60021,324.1503,292.7845,186.5028,1,-169.1004,2.74351,-14.54497,36.86091,279.9557,1.794007
36.86443,1,-168.8689,2.711249,-14.59876,324.3053,293.5541,184.9306,1,-169.1023,2.742161,-14.54493,37.27405,279.117,0.7759227
36.97837,1,-168.8695,2.710543,-14.60088,323.8798,292.8499,185.561,1,-169.1002,2.743034,-14.54441,37.89116,279.5645,1.183003
37.08058,1,-168.8706,2.711695,-14.6061,318.1688,289.0858,189.2126,1,-169.0999,2.742866,-14.54492,38.25514,279.9016,1.425837
37.19107,1,-168.8728,2.712642,-14.61039,314.5396,284.7983,192.4082,1,-169.0995,2.743351,-14.54478,38.48736,280.0495,1.478561
37.30531,1,-168.8723,2.711699,-14.61264,315.8886,286.4758,191.1488,1,-169.0981,2.744756,-14.54399,38.5485,280.2731,1.631097
37.42,1,-168.8716,2.710752,-14.61517,315.7884,286.6879,191.2642,1,-169.0975,2.74524,-14.54381,38.59105,280.4638,1.778962
37.53715,1,-168.8715,2.71207,-14.61538,314.6542,285.6606,192.9075,1,-169.0967,2.745832,-14.54352,38.69074,280.7289,2.00032
37.652,1,-168.8716,2.713718,-14.61642,313.8741,284.7289,194.1861,1,-169.0956,2.747384,-14.54352,38.74579,280.9529,2.153684
37.75219,1,-168.871,2.713959,-14.61782,314.0154,284.9425,194.325,1,-169.0954,2.748549,-14.54258,38.7671,281.0267,2.284029
37.85622,1,-168.8674,2.713332,-14.61796,313.336,285.071,194.7805,1,-169.0957,2.749167,-14.5422,38.81932,281.1058,2.417569
37.95703,1,-168.8637,2.71423,-14.61808,313.3702,285.6243,195.449,1,-169.0947,2.749445,-14.54229,38.88615,281.1415,2.350434
38.05798,1,-168.8575,2.718491,-14.61536,313.1392,286.4656,195.6093,1,-169.0902,2.749652,-14.5424,38.91404,281.3979,1.88412
38.16042,1,-168.839,2.737787,-14.59884,314.7693,287.0615,195.2448,1,-169.0877,2.74634,-14.54273,36.8556,280.7633,359.588
38.26326,1,-168.79,2.776013,-14.54382,330.6767,309.4967,175.6553,1,-169.0887,2.742448,-14.54149,28.50685,277.6135,354.4352
38.36575,1,-168.7014,2.793616,-14.464,324.6847,337.0652,158.744,1,-169.09,2.742199,-14.53904,25.54534,278.0357,355.806
38.46873,1,-168.627,2.828067,-14.40838,323.5461,345.6141,152.3405,1,-169.0823,2.75957,-14.53007,12.45437,276.9271,351.4515
38.57103,1,-168.5659,2.878358,-14.36355,335.838,339.5548,132.182,1,-169.0554,2.829872,-14.51034,19.51896,266.389,338.4565
38.67359,1,-168.5263,2.966152,-14.31098,340.982,337.1567,109.6658,1,-169.0322,2.896511,-14.49503,18.8367,249.0587,319.0203
38.77491,1,-168.5177,3.051239,-14.26663,358.6696,331.1331,86.73846,1,-168.9713,2.995691,-14.4285,23.36894,238.9896,302.1438
38.88924,1,-168.5284,3.022495,-14.28776,357.8846,338.7334,87.36891,1,-168.951,3.037511,-14.37842,13.88139,218.5569,284.3968
39.00094,0,0,0,0,0,0,0,1,-168.9215,3.066909,-14.3555,6.790112,216.4318,280.6872
39.11375,0,0,0,0,0,0,0,1,-168.8891,3.122027,-14.31134,0.8048609,161.7011,275.4079
39.22346,0,0,0,0,0,0,0,1,-168.9129,3.116838,-14.31762,10.85103,172.3895,289.7902
39.33397,0,0,0,0,0,0,0,1,-168.9379,3.179031,-14.30376,22.06867,175.5807,313.7082
39.44569,0,0,0,0,0,0,0,0,0,0,0,0,0,0
39.55595,0,0,0,0,0,0,0,0,0,0,0,0,0,0
39.66447,0,0,0,0,0,0,0,0,0,0,0,0,0,0
39.77379,0,0,0,0,0,0,0,0,0,0,0,0,0,0
39.88435,0,0,0,0,0,0,0,0,0,0,0,0,0,0
39.99736,0,0,0,0,0,0,0,0,0,0,0,0,0,0
40.10114,0,0,0,0,0,0,0,0,0,0,0,0,0,0
40.20287,0,0,0,0,0,0,0,0,0,0,0,0,0,0
40.30884,0,0,0,0,0,0,0,0,0,0,0,0,0,0
40.4193,0,0,0,0,0,0,0,0,0,0,0,0,0,0
40.5309,0,0,0,0,0,0,0,0,0,0,0,0,0,0
40.64292,0,0,0,0,0,0,0,0,0,0,0,0,0,0
40.75274,0,0,0,0,0,0,0,0,0,0,0,0,0,0
40.86447,0,0,0,0,0,0,0,0,0,0,0,0,0,0
40.97625,0,0,0,0,0,0,0,0,0,0,0,0,0,0
41.07775,0,0,0,0,0,0,0,0,0,0,0,0,0,0
41.18467,0,0,0,0,0,0,0,0,0,0,0,0,0,0
41.29911,0,0,0,0,0,0,0,0,0,0,0,0,0,0
41.40329,0,0,0,0,0,0,0,0,0,0,0,0,0,0
41.51475,0,0,0,0,0,0,0,0,0,0,0,0,0,0
41.62589,0,0,0,0,0,0,0,0,0,0,0,0,0,0
41.73097,0,0,0,0,0,0,0,0,0,0,0,0,0,0
41.83442,0,0,0,0,0,0,0,0,0,0,0,0,0,0
41.94626,0,0,0,0,0,0,0,0,0,0,0,0,0,0
42.05608,0,0,0,0,0,0,0,0,0,0,0,0,0,0
42.16773,0,0,0,0,0,0,0,0,0,0,0,0,0,0
42.27871,0,0,0,0,0,0,0,0,0,0,0,0,0,0
42.38953,0,0,0,0,0,0,0,0,0,0,0,0,0,0
42.50111,0,0,0,0,0,0,0,0,0,0,0,0,0,0
42.61272,0,0,0,0,0,0,0,0,0,0,0,0,0,0
42.72314,0,0,0,0,0,0,0,0,0,0,0,0,0,0
42.83458,0,0,0,0,0,0,0,0,0,0,0,0,0,0
42.94601,0,0,0,0,0,0,0,0,0,0,0,0,0,0
43.0565,0,0,0,0,0,0,0,0,0,0,0,0,0,0
43.16777,0,0,0,0,0,0,0,0,0,0,0,0,0,0
43.27894,0,0,0,0,0,0,0,0,0,0,0,0,0,0
43.3899,0,0,0,0,0,0,0,0,0,0,0,0,0,0
43.5011,0,0,0,0,0,0,0,0,0,0,0,0,0,0
43.61398,0,0,0,0,0,0,0,0,0,0,0,0,0,0
43.72717,0,0,0,0,0,0,0,0,0,0,0,0,0,0
43.83891,0,0,0,0,0,0,0,0,0,0,0,0,0,0
43.94978,0,0,0,0,0,0,0,0,0,0,0,0,0,0
44.06097,0,0,0,0,0,0,0,0,0,0,0,0,0,0
44.16314,0,0,0,0,0,0,0,0,0,0,0,0,0,0
44.2742,0,0,0,0,0,0,0,0,0,0,0,0,0,0
44.3783,0,0,0,0,0,0,0,0,0,0,0,0,0,0
44.49064,0,0,0,0,0,0,0,0,0,0,0,0,0,0
44.60442,0,0,0,0,0,0,0,0,0,0,0,0,0,0
44.71482,0,0,0,0,0,0,0,0,0,0,0,0,0,0
44.83166,0,0,0,0,0,0,0,0,0,0,0,0,0,0
44.93503,0,0,0,0,0,0,0,0,0,0,0,0,0,0
45.04709,0,0,0,0,0,0,0,0,0,0,0,0,0,0
45.15968,0,0,0,0,0,0,0,0,0,0,0,0,0,0
45.26979,0,0,0,0,0,0,0,1,-167.6997,3.0014,-14.1004,10.02916,244.4498,43.81496
45.38066,0,0,0,0,0,0,0,0,0,0,0,0,0,0
45.49204,0,0,0,0,0,0,0,0,0,0,0,0,0,0
45.60418,0,0,0,0,0,0,0,0,0,0,0,0,0,0
45.71569,0,0,0,0,0,0,0,0,0,0,0,0,0,0
45.82692,1,-167.2106,3.364452,-13.78407,51.799,160.0054,330.4575,0,0,0,0,0,0,0
45.93986,0,0,0,0,0,0,0,0,0,0,0,0,0,0
46.05125,0,0,0,0,0,0,0,0,0,0,0,0,0,0
46.16335,0,0,0,0,0,0,0,0,0,0,0,0,0,0
46.27538,0,0,0,0,0,0,0,0,0,0,0,0,0,0
46.3865,0,0,0,0,0,0,0,0,0,0,0,0,0,0
46.49815,0,0,0,0,0,0,0,0,0,0,0,0,0,0
46.60928,0,0,0,0,0,0,0,0,0,0,0,0,0,0
46.72061,0,0,0,0,0,0,0,0,0,0,0,0,0,0
46.83234,0,0,0,0,0,0,0,0,0,0,0,0,0,0
46.94381,0,0,0,0,0,0,0,0,0,0,0,0,0,0
47.05425,0,0,0,0,0,0,0,0,0,0,0,0,0,0
47.16551,0,0,0,0,0,0,0,0,0,0,0,0,0,0
47.27692,0,0,0,0,0,0,0,0,0,0,0,0,0,0
47.38774,0,0,0,0,0,0,0,0,0,0,0,0,0,0
47.49939,0,0,0,0,0,0,0,0,0,0,0,0,0,0
47.61053,0,0,0,0,0,0,0,0,0,0,0,0,0,0
47.72177,0,0,0,0,0,0,0,0,0,0,0,0,0,0
47.83327,0,0,0,0,0,0,0,0,0,0,0,0,0,0
47.94431,0,0,0,0,0,0,0,0,0,0,0,0,0,0
48.05521,0,0,0,0,0,0,0,0,0,0,0,0,0,0
48.16673,0,0,0,0,0,0,0,0,0,0,0,0,0,0
48.27831,0,0,0,0,0,0,0,0,0,0,0,0,0,0
48.38922,0,0,0,0,0,0,0,0,0,0,0,0,0,0
48.50087,0,0,0,0,0,0,0,0,0,0,0,0,0,0
48.61227,0,0,0,0,0,0,0,0,0,0,0,0,0,0
48.7239,0,0,0,0,0,0,0,0,0,0,0,0,0,0
48.83509,0,0,0,0,0,0,0,0,0,0,0,0,0,0
48.94638,0,0,0,0,0,0,0,0,0,0,0,0,0,0
49.05752,0,0,0,0,0,0,0,0,0,0,0,0,0,0
49.16898,0,0,0,0,0,0,0,0,0,0,0,0,0,0
49.27992,0,0,0,0,0,0,0,0,0,0,0,0,0,0
49.39116,0,0,0,0,0,0,0,0,0,0,0,0,0,0
49.5026,0,0,0,0,0,0,0,0,0,0,0,0,0,0
49.61392,0,0,0,0,0,0,0,0,0,0,0,0,0,0
49.72474,0,0,0,0,0,0,0,0,0,0,0,0,0,0
49.83661,0,0,0,0,0,0,0,0,0,0,0,0,0,0
49.94748,0,0,0,0,0,0,0,0,0,0,0,0,0,0
50.05917,0,0,0,0,0,0,0,0,0,0,0,0,0,0
50.16968,0,0,0,0,0,0,0,0,0,0,0,0,0,0
50.2812,0,0,0,0,0,0,0,0,0,0,0,0,0,0
50.3922,0,0,0,0,0,0,0,0,0,0,0,0,0,0
50.5033,0,0,0,0,0,0,0,0,0,0,0,0,0,0
50.61453,0,0,0,0,0,0,0,0,0,0,0,0,0,0
50.72523,0,0,0,0,0,0,0,0,0,0,0,0,0,0
50.83591,0,0,0,0,0,0,0,0,0,0,0,0,0,0
50.94688,0,0,0,0,0,0,0,0,0,0,0,0,0,0
51.05762,0,0,0,0,0,0,0,0,0,0,0,0,0,0
51.16859,0,0,0,0,0,0,0,0,0,0,0,0,0,0
51.27926,0,0,0,0,0,0,0,0,0,0,0,0,0,0
51.38918,0,0,0,0,0,0,0,0,0,0,0,0,0,0
51.4943,0,0,0,0,0,0,0,0,0,0,0,0,0,0
51.59903,0,0,0,0,0,0,0,0,0,0,0,0,0,0
51.70106,0,0,0,0,0,0,0,0,0,0,0,0,0,0
51.81798,0,0,0,0,0,0,0,0,0,0,0,0,0,0
51.92195,0,0,0,0,0,0,0,0,0,0,0,0,0,0
52.02794,0,0,0,0,0,0,0,0,0,0,0,0,0,0
52.1378,0,0,0,0,0,0,0,0,0,0,0,0,0,0
52.24714,0,0,0,0,0,0,0,0,0,0,0,0,0,0
52.36086,0,0,0,0,0,0,0,0,0,0,0,0,0,0
52.47024,0,0,0,0,0,0,0,0,0,0,0,0,0,0
52.58157,0,0,0,0,0,0,0,0,0,0,0,0,0,0
52.69356,0,0,0,0,0,0,0,0,0,0,0,0,0,0
52.80505,0,0,0,0,0,0,0,0,0,0,0,0,0,0
52.91693,0,0,0,0,0,0,0,0,0,0,0,0,0,0
53.02148,0,0,0,0,0,0,0,0,0,0,0,0,0,0
53.13103,0,0,0,0,0,0,0,0,0,0,0,0,0,0
53.2407,0,0,0,0,0,0,0,0,0,0,0,0,0,0
53.34882,0,0,0,0,0,0,0,0,0,0,0,0,0,0
53.45306,0,0,0,0,0,0,0,0,0,0,0,0,0,0
53.55583,0,0,0,0,0,0,0,0,0,0,0,0,0,0
53.66174,0,0,0,0,0,0,0,0,0,0,0,0,0,0
53.76839,0,0,0,0,0,0,0,0,0,0,0,0,0,0
53.87955,0,0,0,0,0,0,0,0,0,0,0,0,0,0
53.99133,0,0,0,0,0,0,0,0,0,0,0,0,0,0
54.10338,0,0,0,0,0,0,0,0,0,0,0,0,0,0
54.21085,0,0,0,0,0,0,0,0,0,0,0,0,0,0
54.31839,0,0,0,0,0,0,0,0,0,0,0,0,0,0
54.42794,0,0,0,0,0,0,0,0,0,0,0,0,0,0
54.53863,0,0,0,0,0,0,0,0,0,0,0,0,0,0
54.64964,0,0,0,0,0,0,0,0,0,0,0,0,0,0
54.76058,0,0,0,0,0,0,0,0,0,0,0,0,0,0
54.87225,0,0,0,0,0,0,0,0,0,0,0,0,0,0
54.98476,0,0,0,0,0,0,0,0,0,0,0,0,0,0
55.09789,0,0,0,0,0,0,0,0,0,0,0,0,0,0
55.2077,0,0,0,0,0,0,0,0,0,0,0,0,0,0
55.31638,0,0,0,0,0,0,0,0,0,0,0,0,0,0
55.42688,0,0,0,0,0,0,0,0,0,0,0,0,0,0
55.53864,0,0,0,0,0,0,0,0,0,0,0,0,0,0
55.65092,0,0,0,0,0,0,0,0,0,0,0,0,0,0
55.76225,0,0,0,0,0,0,0,0,0,0,0,0,0,0
55.87309,0,0,0,0,0,0,0,0,0,0,0,0,0,0
55.98419,0,0,0,0,0,0,0,0,0,0,0,0,0,0
56.09679,0,0,0,0,0,0,0,0,0,0,0,0,0,0
56.21024,0,0,0,0,0,0,0,0,0,0,0,0,0,0
56.32447,0,0,0,0,0,0,0,0,0,0,0,0,0,0
56.43947,0,0,0,0,0,0,0,0,0,0,0,0,0,0
56.55331,0,0,0,0,0,0,0,0,0,0,0,0,0,0
56.66927,0,0,0,0,0,0,0,0,0,0,0,0,0,0
56.77805,0,0,0,0,0,0,0,0,0,0,0,0,0,0
56.89115,0,0,0,0,0,0,0,0,0,0,0,0,0,0
57.00627,0,0,0,0,0,0,0,0,0,0,0,0,0,0
57.12053,0,0,0,0,0,0,0,0,0,0,0,0,0,0
57.23527,0,0,0,0,0,0,0,0,0,0,0,0,0,0
57.34765,0,0,0,0,0,0,0,0,0,0,0,0,0,0
57.45898,0,0,0,0,0,0,0,0,0,0,0,0,0,0
57.56587,0,0,0,0,0,0,0,0,0,0,0,0,0,0
57.67168,0,0,0,0,0,0,0,0,0,0,0,0,0,0
57.7844,0,0,0,0,0,0,0,0,0,0,0,0,0,0
57.89937,0,0,0,0,0,0,0,0,0,0,0,0,0,0
58.01162,0,0,0,0,0,0,0,0,0,0,0,0,0,0
58.12385,0,0,0,0,0,0,0,0,0,0,0,0,0,0
58.23824,0,0,0,0,0,0,0,0,0,0,0,0,0,0
58.3455,0,0,0,0,0,0,0,0,0,0,0,0,0,0
58.46246,0,0,0,0,0,0,0,0,0,0,0,0,0,0
58.57696,0,0,0,0,0,0,0,0,0,0,0,0,0,0
58.68913,0,0,0,0,0,0,0,0,0,0,0,0,0,0
58.79553,0,0,0,0,0,0,0,0,0,0,0,0,0,0
58.90965,0,0,0,0,0,0,0,0,0,0,0,0,0,0
59.02744,0,0,0,0,0,0,0,0,0,0,0,0,0,0
59.1416,0,0,0,0,0,0,0,0,0,0,0,0,0,0
59.25563,0,0,0,0,0,0,0,0,0,0,0,0,0,0
59.36667,0,0,0,0,0,0,0,0,0,0,0,0,0,0
59.478,0,0,0,0,0,0,0,0,0,0,0,0,0,0
59.59322,0,0,0,0,0,0,0,0,0,0,0,0,0,0
59.70798,0,0,0,0,0,0,0,0,0,0,0,0,0,0
59.82233,0,0,0,0,0,0,0,0,0,0,0,0,0,0
59.93628,0,0,0,0,0,0,0,0,0,0,0,0,0,0
60.05212,0,0,0,0,0,0,0,0,0,0,0,0,0,0
60.16689,0,0,0,0,0,0,0,0,0,0,0,0,0,0
60.28187,0,0,0,0,0,0,0,0,0,0,0,0,0,0
60.39779,0,0,0,0,0,0,0,0,0,0,0,0,0,0
60.50801,0,0,0,0,0,0,0,0,0,0,0,0,0,0
60.62156,0,0,0,0,0,0,0,0,0,0,0,0,0,0
60.73659,0,0,0,0,0,0,0,0,0,0,0,0,0,0
60.85419,0,0,0,0,0,0,0,0,0,0,0,0,0,0
60.96746,0,0,0,0,0,0,0,0,0,0,0,0,0,0
61.0817,0,0,0,0,0,0,0,0,0,0,0,0,0,0
61.18841,0,0,0,0,0,0,0,0,0,0,0,0,0,0
61.29906,0,0,0,0,0,0,0,0,0,0,0,0,0,0
61.41145,0,0,0,0,0,0,0,0,0,0,0,0,0,0
61.52517,0,0,0,0,0,0,0,0,0,0,0,0,0,0
61.63579,0,0,0,0,0,0,0,0,0,0,0,0,0,0
61.74705,0,0,0,0,0,0,0,0,0,0,0,0,0,0
61.86146,0,0,0,0,0,0,0,0,0,0,0,0,0,0
61.9744,0,0,0,0,0,0,0,0,0,0,0,0,0,0
62.08951,0,0,0,0,0,0,0,0,0,0,0,0,0,0
62.20511,0,0,0,0,0,0,0,0,0,0,0,0,0,0
62.31916,0,0,0,0,0,0,0,0,0,0,0,0,0,0
62.43408,0,0,0,0,0,0,0,0,0,0,0,0,0,0
62.54881,0,0,0,0,0,0,0,0,0,0,0,0,0,0
62.65733,0,0,0,0,0,0,0,0,0,0,0,0,0,0
62.76926,0,0,0,0,0,0,0,0,0,0,0,0,0,0
62.88309,0,0,0,0,0,0,0,0,0,0,0,0,0,0
62.99562,0,0,0,0,0,0,0,0,0,0,0,0,0,0
63.10925,0,0,0,0,0,0,0,0,0,0,0,0,0,0
63.22337,0,0,0,0,0,0,0,0,0,0,0,0,0,0
63.33891,0,0,0,0,0,0,0,0,0,0,0,0,0,0
63.45427,0,0,0,0,0,0,0,0,0,0,0,0,0,0
63.56812,0,0,0,0,0,0,0,0,0,0,0,0,0,0
63.68264,0,0,0,0,0,0,0,0,0,0,0,0,0,0
63.79928,0,0,0,0,0,0,0,0,0,0,0,0,0,0
63.91279,0,0,0,0,0,0,0,0,0,0,0,0,0,0
64.02374,0,0,0,0,0,0,0,0,0,0,0,0,0,0
64.13716,0,0,0,0,0,0,0,0,0,0,0,0,0,0
64.25106,0,0,0,0,0,0,0,0,0,0,0,0,0,0
64.35998,1,-167.0016,3.639417,-14.20298,18.44119,57.92668,94.06444,1,-167.0259,3.683552,-13.73811,334.1239,278.0722,280.06
64.47056,1,-167.0233,3.588092,-14.19938,350.5638,78.19122,123.1311,1,-167.0573,3.627746,-13.7674,3.089044,264.8421,300.1624
64.58289,1,-167.0244,3.615829,-14.20701,346.5013,86.30627,115.8211,1,-167.0488,3.63175,-13.76325,347.3917,271.4915,302.6271
64.69904,0,0,0,0,0,0,0,1,-167.0208,3.649652,-13.75639,0.8172479,276.0092,309.2803
64.81184,0,0,0,0,0,0,0,1,-167.0135,3.645,-13.77409,14.00931,254.9338,298.3138
64.92451,0,0,0,0,0,0,0,1,-167.0072,3.649373,-13.79497,25.79841,234.3237,284.8803
65.03473,0,0,0,0,0,0,0,0,0,0,0,0,0,0
65.14611,0,0,0,0,0,0,0,0,0,0,0,0,0,0
65.25494,0,0,0,0,0,0,0,0,0,0,0,0,0,0
65.36337,0,0,0,0,0,0,0,0,0,0,0,0,0,0
65.47386,0,0,0,0,0,0,0,0,0,0,0,0,0,0
65.58508,0,0,0,0,0,0,0,0,0,0,0,0,0,0
65.69748,0,0,0,0,0,0,0,0,0,0,0,0,0,0
65.80865,0,0,0,0,0,0,0,0,0,0,0,0,0,0
65.92087,0,0,0,0,0,0,0,0,0,0,0,0,0,0
66.03071,0,0,0,0,0,0,0,0,0,0,0,0,0,0
66.14093,0,0,0,0,0,0,0,0,0,0,0,0,0,0
66.25222,0,0,0,0,0,0,0,0,0,0,0,0,0,0
66.36398,0,0,0,0,0,0,0,0,0,0,0,0,0,0
66.47655,0,0,0,0,0,0,0,0,0,0,0,0,0,0
66.5854,0,0,0,0,0,0,0,0,0,0,0,0,0,0
66.69008,0,0,0,0,0,0,0,0,0,0,0,0,0,0
66.79651,0,0,0,0,0,0,0,0,0,0,0,0,0,0
66.90318,0,0,0,0,0,0,0,0,0,0,0,0,0,0
67.00945,0,0,0,0,0,0,0,0,0,0,0,0,0,0
67.11506,0,0,0,0,0,0,0,0,0,0,0,0,0,0
67.22132,0,0,0,0,0,0,0,0,0,0,0,0,0,0
67.32864,0,0,0,0,0,0,0,0,0,0,0,0,0,0
67.43669,0,0,0,0,0,0,0,0,0,0,0,0,0,0
67.54539,0,0,0,0,0,0,0,0,0,0,0,0,0,0
67.64961,0,0,0,0,0,0,0,0,0,0,0,0,0,0
67.75623,0,0,0,0,0,0,0,0,0,0,0,0,0,0
67.86398,0,0,0,0,0,0,0,0,0,0,0,0,0,0
67.97366,0,0,0,0,0,0,0,0,0,0,0,0,0,0
68.0855,0,0,0,0,0,0,0,0,0,0,0,0,0,0
68.1934,1,-167.1103,3.649703,-14.14419,347.3657,112.643,94.76171,0,0,0,0,0,0,0
68.30576,1,-167.123,3.482238,-14.21921,335.3335,103.1933,81.30526,1,-167.0842,3.57822,-13.69488,349.7722,273.2269,272.9193
68.42418,1,-167.0968,3.344097,-14.20668,322.9806,125.9423,66.78549,1,-167.159,3.338531,-13.77809,48.41908,271.9676,276.2404
68.54305,1,-167.0482,3.31347,-14.14279,310.6752,137.5952,51.08426,1,-167.0797,3.270428,-13.90895,68.058,211.6133,244.6959
68.66006,1,-167.0318,3.308501,-14.11804,304.5504,137.4179,51.24681,1,-167.047,3.334178,-13.93131,59.8307,219.6812,261.1579
68.77905,1,-167.0377,3.317864,-14.12748,303.336,145.4076,47.19109,1,-167.0614,3.335284,-13.90271,58.88726,252.2361,297.3047
68.89904,1,-167.0427,3.32274,-14.13488,304.2247,143.7994,48.00786,1,-167.0769,3.33436,-13.86827,59.42779,252.9963,291.8301
69.01904,1,-167.078,3.37511,-14.17229,313.7758,99.95988,80.53053,1,-167.1028,3.401633,-13.79896,33.38396,278.4954,284.7013
69.13905,1,-167.0926,3.564559,-14.24619,359.8578,78.28876,96.8251,1,-167.1127,3.560375,-13.71144,7.464716,282.8284,277.2504
69.25904,1,-167.0598,3.720443,-14.23463,35.50209,101.5535,102.7129,1,-167.0361,3.677869,-13.7326,330.0052,276.8509,275.4075
69.37904,1,-166.9721,3.751919,-14.23296,50.13974,87.87637,96.13451,1,-166.9785,3.680873,-13.752,319.5416,281.2716,278.3949
69.49875,0,0,0,0,0,0,0,1,-166.9726,3.69957,-13.77203,297.7073,291.561,269.6973
69.61814,0,0,0,0,0,0,0,0,0,0,0,0,0,0
69.73798,0,0,0,0,0,0,0,0,0,0,0,0,0,0
69.85798,0,0,0,0,0,0,0,0,0,0,0,0,0,0
69.97791,0,0,0,0,0,0,0,0,0,0,0,0,0,0
70.09792,0,0,0,0,0,0,0,0,0,0,0,0,0,0
70.21791,1,-167.008,3.696439,-14.19983,8.926702,260.1171,152.1087,0,0,0,0,0,0,0
70.33791,0,0,0,0,0,0,0,0,0,0,0,0,0,0
70.45792,0,0,0,0,0,0,0,0,0,0,0,0,0,0
70.57757,0,0,0,0,0,0,0,0,0,0,0,0,0,0
70.6974,0,0,0,0,0,0,0,0,0,0,0,0,0,0
70.8174,0,0,0,0,0,0,0,0,0,0,0,0,0,0
70.9374,0,0,0,0,0,0,0,0,0,0,0,0,0,0
71.0574,0,0,0,0,0,0,0,0,0,0,0,0,0,0
71.17695,0,0,0,0,0,0,0,0,0,0,0,0,0,0
71.29695,0,0,0,0,0,0,0,0,0,0,0,0,0,0
71.41695,0,0,0,0,0,0,0,0,0,0,0,0,0,0
71.53661,0,0,0,0,0,0,0,0,0,0,0,0,0,0
71.65662,0,0,0,0,0,0,0,0,0,0,0,0,0,0
71.77662,0,0,0,0,0,0,0,0,0,0,0,0,0,0
71.89661,0,0,0,0,0,0,0,0,0,0,0,0,0,0
72.01652,0,0,0,0,0,0,0,0,0,0,0,0,0,0
72.13652,1,-167.0759,3.537926,-14.21921,7.77754,89.47199,71.36082,0,0,0,0,0,0,0
72.25649,1,-167.0716,3.439663,-14.142,343.6881,98.76935,81.99371,1,-167.0753,3.512648,-13.83179,11.33487,266.4793,262.5426
72.37598,1,-167.0292,3.470869,-14.13161,343.9035,69.12807,82.71779,1,-167.0684,3.458878,-13.85866,5.828372,270.6922,293.5377
72.49478,1,-167.0146,3.515713,-14.1029,345.8049,71.25723,88.48667,0,0,0,0,0,0,0
72.61478,0,0,0,0,0,0,0,0,0,0,0,0,0,0
72.73479,0,0,0,0,0,0,0,0,0,0,0,0,0,0
72.85478,0,0,0,0,0,0,0,0,0,0,0,0,0,0
72.97478,0,0,0,0,0,0,0,0,0,0,0,0,0,0
73.09479,0,0,0,0,0,0,0,0,0,0,0,0,0,0
73.21146,0,0,0,0,0,0,0,0,0,0,0,0,0,0
73.32428,0,0,0,0,0,0,0,0,0,0,0,0,0,0
73.43918,0,0,0,0,0,0,0,0,0,0,0,0,0,0
73.55284,0,0,0,0,0,0,0,0,0,0,0,0,0,0
73.66296,0,0,0,0,0,0,0,0,0,0,0,0,0,0
73.77285,0,0,0,0,0,0,0,0,0,0,0,0,0,0
73.88626,0,0,0,0,0,0,0,0,0,0,0,0,0,0
74.00292,0,0,0,0,0,0,0,0,0,0,0,0,0,0
74.11945,0,0,0,0,0,0,0,0,0,0,0,0,0,0
74.23486,0,0,0,0,0,0,0,0,0,0,0,0,0,0
74.35065,0,0,0,0,0,0,0,0,0,0,0,0,0,0
74.4659,0,0,0,0,0,0,0,0,0,0,0,0,0,0
74.57961,0,0,0,0,0,0,0,0,0,0,0,0,0,0
74.69004,0,0,0,0,0,0,0,0,0,0,0,0,0,0
74.80176,0,0,0,0,0,0,0,0,0,0,0,0,0,0
74.91531,0,0,0,0,0,0,0,0,0,0,0,0,0,0
75.0293,0,0,0,0,0,0,0,0,0,0,0,0,0,0
75.14507,0,0,0,0,0,0,0,0,0,0,0,0,0,0
75.25919,0,0,0,0,0,0,0,0,0,0,0,0,0,0
75.36887,0,0,0,0,0,0,0,0,0,0,0,0,0,0
75.48044,0,0,0,0,0,0,0,0,0,0,0,0,0,0
75.59332,0,0,0,0,0,0,0,0,0,0,0,0,0,0
75.70988,0,0,0,0,0,0,0,0,0,0,0,0,0,0
75.82457,0,0,0,0,0,0,0,0,0,0,0,0,0,0
75.93945,0,0,0,0,0,0,0,0,0,0,0,0,0,0
76.0471,0,0,0,0,0,0,0,0,0,0,0,0,0,0
76.15804,0,0,0,0,0,0,0,0,0,0,0,0,0,0
76.27112,0,0,0,0,0,0,0,0,0,0,0,0,0,0
76.38439,0,0,0,0,0,0,0,0,0,0,0,0,0,0
76.49889,0,0,0,0,0,0,0,0,0,0,0,0,0,0
76.61348,0,0,0,0,0,0,0,0,0,0,0,0,0,0
76.7291,0,0,0,0,0,0,0,0,0,0,0,0,0,0
76.84531,0,0,0,0,0,0,0,0,0,0,0,0,0,0
76.9615,0,0,0,0,0,0,0,0,0,0,0,0,0,0
77.0751,0,0,0,0,0,0,0,0,0,0,0,0,0,0
77.18227,0,0,0,0,0,0,0,0,0,0,0,0,0,0
77.29422,0,0,0,0,0,0,0,0,0,0,0,0,0,0
77.40535,0,0,0,0,0,0,0,0,0,0,0,0,0,0
77.51858,0,0,0,0,0,0,0,0,0,0,0,0,0,0
77.63271,0,0,0,0,0,0,0,0,0,0,0,0,0,0
77.7468,0,0,0,0,0,0,0,0,0,0,0,0,0,0
77.8605,0,0,0,0,0,0,0,0,0,0,0,0,0,0
77.97386,0,0,0,0,0,0,0,0,0,0,0,0,0,0
78.0882,0,0,0,0,0,0,0,0,0,0,0,0,0,0
78.20264,0,0,0,0,0,0,0,0,0,0,0,0,0,0
78.31635,0,0,0,0,0,0,0,0,0,0,0,0,0,0
78.42558,0,0,0,0,0,0,0,0,0,0,0,0,0,0
78.53791,0,0,0,0,0,0,0,0,0,0,0,0,0,0
78.65318,0,0,0,0,0,0,0,0,0,0,0,0,0,0
78.77038,0,0,0,0,0,0,0,0,0,0,0,0,0,0
78.88482,0,0,0,0,0,0,0,0,0,0,0,0,0,0
78.99825,0,0,0,0,0,0,0,0,0,0,0,0,0,0
79.10577,0,0,0,0,0,0,0,0,0,0,0,0,0,0
79.2188,0,0,0,0,0,0,0,0,0,0,0,0,0,0
79.33323,0,0,0,0,0,0,0,0,0,0,0,0,0,0
79.44982,0,0,0,0,0,0,0,0,0,0,0,0,0,0
79.55713,0,0,0,0,0,0,0,0,0,0,0,0,0,0
79.66614,0,0,0,0,0,0,0,0,0,0,0,0,0,0
79.77729,0,0,0,0,0,0,0,0,0,0,0,0,0,0
79.89484,0,0,0,0,0,0,0,0,0,0,0,0,0,0
80.00411,0,0,0,0,0,0,0,0,0,0,0,0,0,0
80.11763,0,0,0,0,0,0,0,0,0,0,0,0,0,0
80.23373,0,0,0,0,0,0,0,0,0,0,0,0,0,0
80.34795,0,0,0,0,0,0,0,0,0,0,0,0,0,0
80.46124,0,0,0,0,0,0,0,0,0,0,0,0,0,0
80.57333,0,0,0,0,0,0,0,0,0,0,0,0,0,0
80.68639,0,0,0,0,0,0,0,0,0,0,0,0,0,0
80.79609,0,0,0,0,0,0,0,0,0,0,0,0,0,0
80.90662,0,0,0,0,0,0,0,0,0,0,0,0,0,0
81.01867,0,0,0,0,0,0,0,0,0,0,0,0,0,0
81.12695,0,0,0,0,0,0,0,0,0,0,0,0,0,0
81.23785,0,0,0,0,0,0,0,0,0,0,0,0,0,0
81.35155,0,0,0,0,0,0,0,0,0,0,0,0,0,0
81.46546,0,0,0,0,0,0,0,0,0,0,0,0,0,0
81.58218,0,0,0,0,0,0,0,0,0,0,0,0,0,0
81.69666,0,0,0,0,0,0,0,0,0,0,0,0,0,0
81.80694,0,0,0,0,0,0,0,0,0,0,0,0,0,0
81.91858,0,0,0,0,0,0,0,0,0,0,0,0,0,0
82.03078,0,0,0,0,0,0,0,0,0,0,0,0,0,0
82.14653,0,0,0,0,0,0,0,0,0,0,0,0,0,0
82.26084,0,0,0,0,0,0,0,0,0,0,0,0,0,0
82.37427,0,0,0,0,0,0,0,0,0,0,0,0,0,0
82.48865,0,0,0,0,0,0,0,0,0,0,0,0,0,0
82.60452,0,0,0,0,0,0,0,0,0,0,0,0,0,0
82.71838,0,0,0,0,0,0,0,0,0,0,0,0,0,0
82.82826,0,0,0,0,0,0,0,0,0,0,0,0,0,0
82.93982,0,0,0,0,0,0,0,0,0,0,0,0,0,0
83.05186,0,0,0,0,0,0,0,0,0,0,0,0,0,0
83.16477,0,0,0,0,0,0,0,0,0,0,0,0,0,0
83.27877,0,0,0,0,0,0,0,0,0,0,0,0,0,0
83.39233,0,0,0,0,0,0,0,0,0,0,0,0,0,0
83.5067,0,0,0,0,0,0,0,0,0,0,0,0,0,0
83.61937,0,0,0,0,0,0,0,0,0,0,0,0,0,0
83.73394,0,0,0,0,0,0,0,0,0,0,0,0,0,0
83.84789,0,0,0,0,0,0,0,0,0,0,0,0,0,0
83.95753,0,0,0,0,0,0,0,0,0,0,0,0,0,0
84.06763,0,0,0,0,0,0,0,0,0,0,0,0,0,0
84.18093,0,0,0,0,0,0,0,0,0,0,0,0,0,0
84.29884,0,0,0,0,0,0,0,0,0,0,0,0,0,0
84.41576,0,0,0,0,0,0,0,0,0,0,0,0,0,0
84.53125,0,0,0,0,0,0,0,0,0,0,0,0,0,0
84.64548,0,0,0,0,0,0,0,0,0,0,0,0,0,0
84.75455,0,0,0,0,0,0,0,0,0,0,0,0,0,0
84.86565,0,0,0,0,0,0,0,0,0,0,0,0,0,0
84.96826,0,0,0,0,0,0,0,0,0,0,0,0,0,0
85.0825,0,0,0,0,0,0,0,0,0,0,0,0,0,0
85.19584,0,0,0,0,0,0,0,0,0,0,0,0,0,0
85.30991,0,0,0,0,0,0,0,0,0,0,0,0,0,0
85.42587,0,0,0,0,0,0,0,0,0,0,0,0,0,0
85.5411,0,0,0,0,0,0,0,0,0,0,0,0,0,0
85.6556,0,0,0,0,0,0,0,0,0,0,0,0,0,0
85.76896,0,0,0,0,0,0,0,0,0,0,0,0,0,0
85.88173,0,0,0,0,0,0,0,0,0,0,0,0,0,0
85.99698,0,0,0,0,0,0,0,0,0,0,0,0,0,0
86.10339,0,0,0,0,0,0,0,0,0,0,0,0,0,0
86.21574,0,0,0,0,0,0,0,0,0,0,0,0,0,0
86.3312,0,0,0,0,0,0,0,0,0,0,0,0,0,0
86.44787,0,0,0,0,0,0,0,0,0,0,0,0,0,0
86.55696,0,0,0,0,0,0,0,0,0,0,0,0,0,0
86.66856,0,0,0,0,0,0,0,0,0,0,0,0,0,0
86.7821,0,0,0,0,0,0,0,0,0,0,0,0,0,0
86.89692,0,0,0,0,0,0,0,0,0,0,0,0,0,0
87.01203,0,0,0,0,0,0,0,0,0,0,0,0,0,0
87.1275,0,0,0,0,0,0,0,0,0,0,0,0,0,0
87.24297,0,0,0,0,0,0,0,0,0,0,0,0,0,0
87.35951,0,0,0,0,0,0,0,0,0,0,0,0,0,0
87.47482,0,0,0,0,0,0,0,0,0,0,0,0,0,0
87.58997,0,0,0,0,0,0,0,0,0,0,0,0,0,0
87.69657,0,0,0,0,0,0,0,0,0,0,0,0,0,0
87.80666,0,0,0,0,0,0,0,0,0,0,0,0,0,0
87.91664,0,0,0,0,0,0,0,0,0,0,0,0,0,0
88.02931,0,0,0,0,0,0,0,0,0,0,0,0,0,0
88.14444,0,0,0,0,0,0,0,0,0,0,0,0,0,0
88.26098,0,0,0,0,0,0,0,0,0,0,0,0,0,0
88.37611,0,0,0,0,0,0,0,0,0,0,0,0,0,0
88.48714,0,0,0,0,0,0,0,0,0,0,0,0,0,0
88.59776,0,0,0,0,0,0,0,0,0,0,0,0,0,0
88.7104,0,0,0,0,0,0,0,0,0,0,0,0,0,0
88.82311,0,0,0,0,0,0,0,0,0,0,0,0,0,0
88.94034,0,0,0,0,0,0,0,0,0,0,0,0,0,0
89.0547,0,0,0,0,0,0,0,0,0,0,0,0,0,0
89.17109,0,0,0,0,0,0,0,0,0,0,0,0,0,0
89.28081,0,0,0,0,0,0,0,0,0,0,0,0,0,0
89.39188,0,0,0,0,0,0,0,1,-167.1062,3.68013,-13.78463,16.75514,258.5849,261.1195
89.5077,0,0,0,0,0,0,0,1,-167.1035,3.716527,-13.751,14.55381,253.4753,273.5721
89.62446,0,0,0,0,0,0,0,1,-167.0998,3.71257,-13.75619,14.57792,259.4467,272.3826
89.74022,0,0,0,0,0,0,0,1,-167.1021,3.706777,-13.76066,15.75772,260.7143,268.9932
89.85231,0,0,0,0,0,0,0,1,-167.1019,3.69964,-13.76792,16.62111,263.0097,266.4328
89.96574,0,0,0,0,0,0,0,1,-167.1031,3.692541,-13.76722,16.71485,262.4227,268.4314
90.08047,0,0,0,0,0,0,0,1,-167.1164,3.676645,-13.75552,18.10491,263.8378,296.3634
90.19587,1,-167.0675,3.546771,-14.17583,0.9977686,64.97134,95.17968,1,-167.2221,3.505246,-13.73847,37.2991,264.3733,316.5598
90.31183,1,-167.1151,3.291799,-14.21457,306.7283,80.7951,85.98985,1,-167.225,3.237646,-13.76717,52.01344,314.6279,342.2321
90.42689,1,-167.0552,3.077321,-14.16835,295.2717,301.7069,212.8363,1,-167.1481,2.982264,-13.74962,11.17479,354.6892,21.4185
90.54101,1,-166.9465,2.946333,-14.15095,331.8336,318.4921,228.7121,1,-167.0597,2.95492,-13.7259,19.19349,12.63174,74.26695
90.65671,1,-166.9064,2.945395,-14.15578,351.0804,301.5987,256.2088,1,-166.9892,2.946269,-13.6922,10.09971,41.68479,71.41395
90.77119,1,-166.9431,2.981395,-14.16168,346.9318,288.2776,247.8776,1,-167.0014,2.912403,-13.64286,8.250939,50.99887,72.1144
90.88101,1,-167.0095,2.996089,-14.16156,338.5836,306.6963,227.1634,1,-167.0349,2.949409,-13.64811,9.356283,51.04493,67.64574
90.98544,1,-167.0491,3.015789,-14.13949,333.844,324.7705,202.3229,1,-167.087,2.968927,-13.64973,15.03583,53.372,65.30872
91.09393,1,-167.0782,3.011547,-14.12067,342.4435,342.8539,175.0712,1,-167.1375,2.979622,-13.64874,24.91553,50.9647,59.15009
91.20976,1,-167.11,3.072339,-14.10037,329.4804,336.9095,172.8622,1,-167.1731,3.031796,-13.66146,42.216,39.00628,42.95116
91.32313,1,-167.1358,3.121554,-14.11917,325.5814,347.7681,155.9527,1,-167.2138,3.084069,-13.66431,49.95973,11.57068,5.555496
91.43904,1,-167.1941,3.171782,-14.15449,318.4242,340.8916,148.622,1,-167.3073,3.199707,-13.67543,31.47881,348.3001,337.7904
91.55589,1,-167.3671,3.228767,-14.02414,344.9406,8.658379,183.4432,1,-167.5025,3.310666,-13.82279,350.8997,323.593,336.6834
91.66874,1,-167.4001,3.308294,-14.01898,6.703804,7.397188,147.7919,1,-167.5414,3.400746,-13.84846,338.2581,337.4111,329.3462
91.78164,1,-167.4246,3.42149,-14.094,293.7558,290.0163,209.7846,1,-167.5748,3.485022,-13.82612,58.99498,20.18947,345.986
91.89687,1,-167.3889,3.373775,-14.18947,359.0588,339.6739,158.5886,1,-167.5109,3.451072,-13.75317,333.8028,320.5384,343.4109
92.01345,1,-167.4142,3.341806,-14.25813,341.9712,323.3788,180.0661,1,-167.5384,3.416349,-13.7594,359.875,349.006,344.0842
92.12837,1,-167.4339,3.324031,-14.26986,340.4239,327.9498,176.6792,1,-167.5564,3.41436,-13.76721,2.389123,348.2555,342.3842
92.24543,1,-167.4449,3.329918,-14.26411,334.6582,334.3727,178.5087,1,-167.5624,3.414016,-13.81138,0.5603045,345.9962,341.2654
92.36356,1,-167.4684,3.327894,-14.27852,334.1897,336.4049,177.5867,1,-167.5607,3.428164,-13.8223,0.01148176,344.4976,339.5384
92.48172,1,-167.472,3.325384,-14.29263,333.3282,338.1015,176.4734,1,-167.5565,3.440074,-13.82586,0.3128955,344.3431,338.0578
92.59769,1,-167.4654,3.321836,-14.30996,328.01,340.2289,176.7757,1,-167.5451,3.445019,-13.82366,2.283383,343.384,335.2439
92.71533,1,-167.4747,3.32833,-14.33232,325.8024,335.9804,179.2075,1,-167.5429,3.457214,-13.81803,2.892949,344.0501,335.6351
92.83215,1,-167.4779,3.331686,-14.32964,327.3316,337.2998,177.886,1,-167.5398,3.468414,-13.82296,6.121793,343.5664,331.9081
92.94744,1,-167.4854,3.330927,-14.31716,329.0972,341.0606,176.3087,1,-167.5316,3.461955,-13.83384,8.130841,341.437,329.7281
93.06417,1,-167.503,3.332646,-14.28381,329.2404,344.5487,175.9251,1,-167.5324,3.451058,-13.83415,7.280431,338.9505,332.251
93.17928,1,-167.51,3.332123,-14.27124,327.2474,347.7934,174.793,1,-167.5372,3.450828,-13.8263,9.322336,338.674,333.7209
93.2971,1,-167.4945,3.305024,-14.24475,323.9595,354.981,166.7516,1,-167.536,3.406537,-13.8102,17.18495,335.3878,332.2001
93.41475,1,-167.4731,3.267452,-14.2072,317.0512,356.4553,166.7445,1,-167.5357,3.320718,-13.79477,26.60141,333.0425,337.0323
93.53037,1,-167.4794,3.244875,-14.18756,317.3889,355.174,167.9078,1,-167.5544,3.286607,-13.77355,36.98913,339.4044,341.7493
93.64795,1,-167.5033,3.250741,-14.18071,320.0933,1.425288,155.6895,1,-167.5843,3.26892,-13.74404,40.16317,337.1129,336.6651
93.7664,1,-167.529,3.251481,-14.16484,325.5293,0.4522423,149.6477,1,-167.6218,3.264305,-13.71642,37.89627,336.8725,337.2933
93.88531,1,-167.5436,3.231246,-14.14307,324.4841,353.5745,158.57,1,-167.6607,3.259657,-13.70669,38.41787,339.4153,342.088
94.00192,1,-167.5502,3.226068,-14.12396,318.0886,342.2099,173.1962,1,-167.6933,3.245745,-13.72522,39.21149,338.2767,345.7652
94.11768,1,-167.5768,3.209981,-14.16087,331.9208,323.8409,217.434,1,-167.7314,3.241757,-13.76156,44.66829,334.4138,348.1317
94.23559,1,-167.6273,3.165475,-14.23447,336.6115,7.607243,221.4325,1,-167.7934,3.244205,-13.80684,44.7001,331.4149,348.4464
94.35454,1,-167.6602,3.097829,-14.24003,342.7819,330.4122,174.044,1,-167.8445,3.266694,-13.84536,36.75785,324.6829,342.7644
94.47213,1,-167.7054,3.027253,-14.31063,340.8231,309.0194,171.9075,1,-167.896,3.318868,-13.86762,38.47666,326.4524,339.574
94.58965,1,-167.7405,3.003037,-14.37673,345.5583,290.1686,227.0216,1,-167.942,3.333071,-13.88992,39.37687,326.2232,333.6229
94.70683,1,-167.7164,3.010411,-14.36383,329.1456,312.0308,231.7784,1,-167.9655,3.336941,-13.91904,42.10747,326.7834,333.3342
94.8243,1,-167.6813,2.988484,-14.32236,338.2305,300.571,244.1096,1,-168.0055,3.342004,-13.94107,47.63859,319.3551,326.1643
94.94037,1,-167.6467,2.944569,-14.27881,344.429,287.6434,248.6656,1,-168.0647,3.335269,-13.9687,47.91846,315.5326,318.991
95.05668,1,-167.6238,2.928609,-14.25981,344.3612,285.5424,250.1492,1,-168.1094,3.348596,-14.02964,50.77489,306.9662,321.1416
95.17339,1,-167.6391,2.940489,-14.26488,345.8914,284.9751,251.3769,1,-168.2133,3.351048,-14.06198,350.7709,312.7047,322.3991
95.28957,1,-167.6839,2.966705,-14.28194,354.1803,267.5311,251.152,1,-168.277,3.369194,-14.0971,357.7577,312.8278,327.8036
95.39826,1,-167.7227,2.97637,-14.29871,340.7462,258.9468,244.9396,1,-168.3022,3.352823,-14.11057,357.1968,315.257,326.3289
95.50512,1,-167.752,2.988723,-14.30092,335.8423,252.8411,249.2778,1,-168.3119,3.344476,-14.12827,346.481,324.9203,312.5692
95.61388,1,-167.7718,2.985035,-14.28436,338.4915,257.2295,245.932,1,-168.2973,3.34948,-14.12666,335.0944,330.5287,320.9089
95.72291,1,-167.783,2.970083,-14.26656,341.5424,262.3555,245.8508,1,-168.2966,3.330324,-14.12884,337.5455,331.705,322.6648
95.82787,1,-167.8005,2.981722,-14.26159,342.8633,261.3713,245.0164,1,-168.3135,3.266135,-14.12812,0.2058914,296.0197,286.2319
95.93146,1,-167.8147,2.989552,-14.26551,334.849,253.6671,243.9583,1,-168.2806,3.261972,-14.14308,48.74703,251.2251,287.3594
96.03615,1,-167.8227,2.986021,-14.26968,330.9185,253.8884,244.0792,1,-168.3111,3.324838,-14.15127,33.89514,136.7557,184.8503
96.13984,1,-167.8437,2.978161,-14.28077,330.2504,256.9895,242.4183,1,-168.2932,3.317039,-14.14578,34.04293,144.8449,194.5164
96.24554,1,-167.887,2.993972,-14.29636,325.7028,255.2054,241.8462,1,-168.3057,3.28214,-14.17145,20.80305,142.3865,164.6441
96.3577,1,-167.9646,3.035936,-14.34894,310.5232,259.4504,237.264,1,-168.3543,3.274344,-14.19277,20.33309,146.7123,180.2583
96.45786,1,-168.0305,3.077882,-14.39686,292.8315,273.3381,213.7466,1,-168.3699,3.271785,-14.20706,29.26351,148.4341,176.4239
96.5675,1,-168.0853,3.13697,-14.45062,278.0653,302.4508,173.915,1,-168.3483,3.26256,-14.22845,51.19583,163.8067,179.9796
96.68053,1,-168.1657,3.280798,-14.56,315.7631,0.5986901,110.7703,1,-168.3506,3.26068,-14.23538,55.14334,191.6779,215.3005
96.79166,1,-168.2379,3.384444,-14.63492,341.1306,3.808341,112.8241,1,-168.3543,3.263888,-14.23352,55.89179,193.4492,217.4145
96.89624,1,-168.2905,3.376944,-14.63093,350.6579,0.663172,149.6388,1,-168.3556,3.267374,-14.2426,57.63699,211.2281,235.6544
97.01144,1,-168.2629,3.342485,-14.61095,347.7445,355.1411,142.7056,1,-168.3511,3.26939,-14.25103,56.75088,213.172,236.0754
97.11929,1,-168.2569,3.339464,-14.61978,346.4734,358.4428,141.3197,1,-168.3526,3.269897,-14.25444,57.07043,216.7774,240.1635
97.22263,1,-168.2506,3.332751,-14.63108,345.5497,6.453316,138.1507,1,-168.3527,3.270893,-14.25425,56.89744,213.6922,237.8886
97.32642,1,-168.2456,3.332298,-14.62785,341.4944,6.526534,139.4123,1,-168.3496,3.273378,-14.25892,56.00902,211.6004,236.1499
97.42828,1,-168.2446,3.333081,-14.62176,340.7012,4.263307,140.4049,1,-168.3388,3.283263,-14.26985,54.03568,210.2894,232.585
97.54092,1,-168.2381,3.333684,-14.61517,340.1645,2.920845,142.4458,1,-168.3369,3.278331,-14.26684,50.13889,205.5783,224.2805
97.65952,1,-168.2357,3.330902,-14.61135,340.1145,2.099071,142.5471,1,-168.3414,3.271568,-14.26067,50.65044,207.6273,226.7338
97.77202,1,-168.2314,3.329247,-14.61037,339.38,2.154264,142.9333,1,-168.3436,3.264742,-14.24939,51.43024,204.7745,224.9987
97.88834,1,-168.2277,3.326162,-14.60689,335.3943,4.93715,139.8225,1,-168.3392,3.265792,-14.25006,51.28914,202.9219,224.1415
97.99138,1,-168.2272,3.323972,-14.60397,334.2948,4.850455,139.7688,1,-168.3349,3.259819,-14.25219,49.82374,202.8304,224.9867
98.10801,1,-168.2273,3.318503,-14.59892,339.4772,1.557888,141.9043,1,-168.3461,3.210891,-14.26861,42.42994,181.9757,231.8452
98.21298,1,-168.2264,3.309542,-14.59181,347.391,358.2541,138.0953,1,-168.384,3.14857,-14.29406,68.26523,270.0227,311.2466
98.3287,1,-168.2351,3.292884,-14.58129,348.0018,356.0369,132.5224,1,-168.4214,3.151581,-14.37723,64.33876,310.8287,341.0727
98.43907,1,-168.2419,3.28329,-14.58005,351.1044,354.2844,127.4334,1,-168.4478,3.183703,-14.4432,65.4939,318.49,0.482708
98.54545,1,-168.2531,3.275379,-14.57685,349.004,354.4746,123.9325,1,-168.4741,3.18358,-14.46342,53.35146,356.8239,22.03473
98.64565,1,-168.2744,3.262472,-14.57815,350.055,354.7406,117.6202,1,-168.5044,3.153525,-14.51259,43.03401,348.4188,9.821985
98.74919,1,-168.2739,3.256824,-14.58525,352.1064,3.273869,109.7809,1,-168.507,3.146375,-14.53257,37.47651,341.7744,8.727679
98.85995,1,-168.2812,3.253974,-14.59505,352.6957,359.7578,113.3762,1,-168.5335,3.143264,-14.53229,22.14038,344.759,11.03631
98.97143,1,-168.2981,3.256665,-14.59609,350.355,358.8228,112.3266,0,0,0,0,0,0,0
99.0825,1,-168.2905,3.257487,-14.59862,351.964,356.1507,112.9227,1,-168.538,3.083219,-14.56934,55.07131,189.8895,316.6163
99.19335,1,-168.2993,3.258834,-14.60889,354.0233,356.5027,109.5398,1,-168.6132,3.050301,-14.52365,77.19172,176.6285,330.3419
99.30495,1,-168.2927,3.257466,-14.61505,0.3504897,3.621702,103.6506,1,-168.6473,2.998934,-14.45758,70.31258,158.7029,302.9575
99.42468,1,-168.2735,3.245058,-14.60421,1.181971,357.6002,95.93554,1,-168.7104,2.910751,-14.43801,57.3112,140.5782,277.3504
99.53318,0,0,0,0,0,0,0,1,-168.7258,2.960567,-14.42827,66.61382,154.7308,293.4869
99.64037,0,0,0,0,0,0,0,1,-168.7738,2.960483,-14.42367,61.81588,175.0235,311.3075
99.75249,0,0,0,0,0,0,0,1,-168.7974,2.919677,-14.4196,57.19268,175.2673,307.2877
99.86216,0,0,0,0,0,0,0,1,-168.8088,2.907409,-14.41486,59.82973,171.5332,301.187
99.9743,0,0,0,0,0,0,0,1,-168.8681,2.902202,-14.4476,58.55921,158.9214,296.377
100.0908,0,0,0,0,0,0,0,1,-168.8585,2.913707,-14.48756,41.96945,133.8441,281.0556
100.2018,0,0,0,0,0,0,0,1,-168.8549,2.935658,-14.51451,47.7531,141.1513,299.7249
100.3107,0,0,0,0,0,0,0,1,-168.8279,2.900122,-14.49673,54.9848,134.0023,258.7352
100.4221,0,0,0,0,0,0,0,1,-168.825,2.866093,-14.48958,64.72124,147.3207,252.1143
100.5326,1,-168.3563,3.244313,-14.48958,315.5863,319.6713,88.90878,1,-168.8232,2.865468,-14.49031,63.33805,156.8117,255.6952
100.6448,1,-168.3246,3.247993,-14.51984,321.7997,352.315,86.8373,1,-168.8253,2.875129,-14.49191,53.47003,216.3111,277.8255
100.7574,1,-168.3254,3.248604,-14.51948,320.0413,343.6812,86.68534,1,-168.8358,2.876996,-14.52186,37.08224,267.2488,301.9834
100.8752,1,-168.3692,3.178758,-14.61133,358.6464,352.3219,81.03906,1,-168.8472,2.87167,-14.53835,41.89804,285.9756,334.6073
100.9907,1,-168.3223,3.220191,-14.56481,333.9615,342.9351,91.6751,1,-168.838,2.869213,-14.56065,52.52316,283.0842,353.5898
101.0965,1,-168.3299,3.217199,-14.56725,330.8048,343.584,90.74454,1,-168.8279,2.874575,-14.55775,52.26652,276.2402,343.5768
101.2009,1,-168.3289,3.221637,-14.56613,327.8081,343.5982,94.374,1,-168.8141,2.868538,-14.5591,54.82364,274.215,336.8489
101.3167,1,-168.3217,3.227653,-14.57163,330.3546,341.5313,102.1784,1,-168.8274,2.868941,-14.55282,55.74578,269.7033,335.8251
101.4228,1,-168.3201,3.227401,-14.5699,332.8915,341.1332,104.8515,1,-168.8376,2.865066,-14.55291,54.27602,266.3814,335.5712
101.5232,1,-168.3209,3.228962,-14.56975,333.1767,340.8241,104.3829,1,-168.8455,2.863647,-14.55822,55.07854,265.351,336.3994
101.6269,1,-168.3188,3.227029,-14.57309,330.0077,343.6849,97.13913,1,-168.8509,2.866289,-14.55948,55.29184,265.2332,337.9706
101.7421,1,-168.3193,3.226029,-14.57531,325.4143,346.0148,87.77435,1,-168.8586,2.862496,-14.56256,56.11575,260.6315,336.0928
101.8585,1,-168.3289,3.227788,-14.57189,321.8251,333.447,91.95679,1,-168.8566,2.856794,-14.56185,66.44237,241.6741,320.823
101.9682,0,0,0,0,0,0,0,1,-168.8511,2.859821,-14.55826,65.19277,251.0918,328.0389
102.0879,1,-168.3387,3.219127,-14.56065,321.1184,330.0242,82.04716,1,-168.8488,2.859321,-14.55723,64.92136,252.2777,328.5996
102.2007,0,0,0,0,0,0,0,1,-168.8484,2.862356,-14.5565,65.69698,253.9734,330.1665
102.3203,0,0,0,0,0,0,0,1,-168.8499,2.861727,-14.55629,64.95458,253.8622,330.4529
102.4339,0,0,0,0,0,0,0,1,-168.8525,2.864028,-14.55618,64.69855,253.6893,331.3376
102.5467,0,0,0,0,0,0,0,1,-168.8572,2.866252,-14.55344,65.71391,252.1814,333.2377
102.6557,1,-168.4361,3.06245,-14.40102,327.6085,13.37571,61.8952,1,-168.8582,2.857324,-14.54909,79.43569,225.3714,309.4795
102.7662,1,-168.4994,2.973429,-14.41448,322.0551,6.582444,12.56953,1,-168.8332,2.826231,-14.52176,79.7756,186.3849,257.7796
102.8776,1,-168.6162,2.760214,-14.42009,301.0865,350.2581,65.84512,1,-168.7942,2.778001,-14.47377,88.4438,262.3456,315.381
102.9889,1,-168.6655,2.633667,-14.39207,274.5206,206.5733,242.9258,1,-168.7341,2.716857,-14.41188,75.65551,307.659,18.53804
103.0948,1,-168.6521,2.685206,-14.40166,295.2258,230.9512,237.6569,1,-168.7386,2.694587,-14.4013,41.2869,237.77,350.8477
103.2011,1,-168.601,2.724787,-14.42499,292.4454,214.239,249.9032,1,-168.7591,2.706559,-14.43581,44.78718,239.0701,343.8809
103.3048,1,-168.5977,2.721731,-14.42209,294.1158,242.6856,222.8533,1,-168.7615,2.712676,-14.43945,46.94714,244.0072,347.2242
103.4129,1,-168.6027,2.712572,-14.41318,297.4284,263.1075,198.8252,1,-168.7567,2.705974,-14.42441,38.78628,236.9907,339.5467
103.5216,1,-168.6037,2.711938,-14.41445,296.7338,259.3184,202.2991,1,-168.7582,2.706058,-14.42651,41.36772,237.4507,339.9573
103.6312,1,-168.604,2.714201,-14.41582,298.2125,260.2219,202.4188,1,-168.7603,2.707968,-14.42699,41.92075,238.08,340.762
103.7408,1,-168.603,2.713961,-14.41614,299.0297,261.2587,201.6289,1,-168.7597,2.707669,-14.42712,40.3348,237.7975,340.1305
103.8511,1,-168.6025,2.712356,-14.4165,300.0701,262.2818,200.4615,1,-168.76,2.706243,-14.4282,39.02082,237.6467,339.9572
103.9635,1,-168.6024,2.711468,-14.4159,300.4832,262.4931,199.9529,1,-168.7594,2.706668,-14.4279,39.34635,237.8208,340.1959
104.0798,1,-168.6023,2.712196,-14.41552,301.1776,262.4033,199.8766,1,-168.759,2.707419,-14.42847,39.19176,238.3279,340.8696
104.1911,1,-168.602,2.712397,-14.41565,301.5031,261.7698,200.5091,1,-168.7582,2.707895,-14.42872,39.86135,240.4331,343.2932
104.3039,1,-168.6016,2.711796,-14.41631,301.7389,261.2475,200.9601,1,-168.7576,2.709652,-14.42809,41.17433,240.8842,344.3646
104.4185,1,-168.6015,2.711215,-14.4159,303.423,263.078,198.6658,1,-168.7563,2.711668,-14.4277,40.13479,242.8185,346.6912
104.5317,1,-168.5994,2.713476,-14.40896,310.2942,272.6619,191.7232,1,-168.7421,2.717802,-14.42464,44.32043,260.1345,2.645955
104.6492,1,-168.5991,2.718147,-14.39968,309.2906,271.2992,192.5459,1,-168.7153,2.715181,-14.41119,60.20706,355.0344,95.31478
104.7597,1,-168.5987,2.71113,-14.39759,313.1872,277.8845,187.5343,1,-168.7192,2.692383,-14.40709,65.00687,353.0319,92.28283
104.871,1,-168.5939,2.712288,-14.40689,316.112,277.8721,191.5245,1,-168.7297,2.699761,-14.41559,69.02498,330.6301,72.25969
104.9818,1,-168.5921,2.712858,-14.41079,317.4474,275.9796,193.6036,1,-168.7291,2.700084,-14.41339,70.36987,313.7045,54.53571
105.0934,1,-168.5904,2.712588,-14.41095,317.8894,275.2347,194.2178,1,-168.7283,2.700556,-14.41332,68.71078,309.121,50.49176
105.2095,1,-168.5908,2.706719,-14.4083,319.0186,274.8405,193.9836,1,-168.7291,2.698866,-14.41249,66.92075,302.3929,44.92421
105.3192,1,-168.5902,2.704761,-14.40731,319.2294,273.1883,194.8259,1,-168.728,2.697615,-14.41278,65.56333,298.7747,41.6748
105.4321,1,-168.5829,2.707789,-14.41034,319.409,272.8068,195.9878,1,-168.7235,2.694708,-14.41379,65.58305,298.7112,41.24805
105.5455,1,-168.585,2.712217,-14.4144,322.1678,272.4117,200.4582,1,-168.7278,2.691715,-14.41222,65.84269,299.0057,41.30179
105.6479,1,-168.5902,2.713975,-14.41631,324.1897,273.5932,200.7369,1,-168.7323,2.690284,-14.41147,65.65949,300.0881,42.08785
105.7539,1,-168.5892,2.712559,-14.4149,323.4174,274.8097,199.8849,1,-168.7304,2.690198,-14.40847,63.181,299.5334,40.21679
105.8618,1,-168.5895,2.712582,-14.41483,323.2064,274.8291,199.6213,1,-168.7301,2.693087,-14.40698,61.50063,296.404,36.59874
105.9741,1,-168.5898,2.715152,-14.41539,322.9964,274.7856,199.8988,1,-168.7312,2.693945,-14.40804,61.79793,293.616,33.86942
106.0753,1,-168.5884,2.71526,-14.415,322.4352,274.8249,199.8504,1,-168.7301,2.693502,-14.41003,62.14939,292.2535,32.40082
106.1861,1,-168.5836,2.715994,-14.41477,322.326,274.7809,199.7806,1,-168.7268,2.692899,-14.40971,62.05398,289.7624,30.24517
106.3,1,-168.5816,2.715345,-14.41559,322.6142,274.8106,199.7992,1,-168.7267,2.692781,-14.40913,62.38813,288.6731,29.70164
106.4015,1,-168.5839,2.714703,-14.41578,323.2908,274.7893,199.7819,1,-168.7286,2.692676,-14.40864,62.95885,288.9865,30.15494
106.5118,1,-168.5851,2.712643,-14.41735,323.624,274.7772,199.7812,1,-168.7291,2.692662,-14.40931,62.90902,289.4765,30.5273
106.6243,1,-168.5842,2.712576,-14.41752,323.8806,274.7929,199.7113,1,-168.7289,2.692884,-14.4093,63.01397,289.338,30.49518
106.7353,1,-168.5844,2.712596,-14.41788,324.2563,274.655,199.9329,1,-168.7288,2.692654,-14.40925,63.39621,289.4092,30.6299
106.8399,1,-168.584,2.711325,-14.4183,324.0475,274.5534,199.9209,1,-168.7285,2.692584,-14.40963,63.43781,289.4278,30.60336
106.9498,1,-168.5834,2.712005,-14.41855,324.116,274.1602,200.2837,1,-168.7282,2.6924,-14.40952,63.68479,289.4089,30.71664
107.0628,1,-168.5835,2.711343,-14.41869,324.1436,273.9602,200.3367,1,-168.7285,2.692178,-14.40973,63.72877,289.3539,30.71704
107.1636,1,-168.5837,2.711562,-14.4185,324.3079,273.8983,200.3078,1,-168.7284,2.692364,-14.40991,63.70868,289.3094,30.78625
107.2688,1,-168.5834,2.71322,-14.41789,324.3597,273.9156,200.3309,1,-168.7284,2.692403,-14.41014,63.7739,289.4348,30.93338
107.38,1,-168.5836,2.712713,-14.41798,324.5118,273.8462,200.342,1,-168.728,2.692641,-14.40959,63.68409,289.3431,30.74713
107.4955,1,-168.5837,2.713092,-14.41737,324.5768,273.8878,200.2795,1,-168.728,2.692453,-14.41017,63.61955,289.3878,30.81926
107.6146,1,-168.5838,2.714005,-14.41715,324.6133,273.8721,200.3289,1,-168.7284,2.692565,-14.40988,63.75952,289.187,30.71984
107.726,1,-168.584,2.715199,-14.41644,324.797,273.7737,200.4491,1,-168.7281,2.692279,-14.40985,63.7091,289.0992,30.61707
107.8366,1,-168.584,2.715615,-14.41688,324.7643,273.7025,200.5861,1,-168.7278,2.691157,-14.4106,63.80944,289.2777,30.76689
107.9498,1,-168.5842,2.714076,-14.41744,324.8647,273.6855,200.4929,1,-168.7278,2.690911,-14.41096,63.84019,289.3745,30.86922
108.0566,1,-168.584,2.712999,-14.41795,324.9231,273.8257,200.3884,1,-168.7282,2.691042,-14.41145,63.84705,289.4852,31.00539
108.166,1,-168.5832,2.71292,-14.41816,325.0075,274.7177,199.6115,1,-168.729,2.692012,-14.41131,63.92399,289.3562,31.01108
108.2765,1,-168.5822,2.709434,-14.42126,327.6477,278.7705,196.7288,1,-168.73,2.697788,-14.40812,63.52805,288.7556,30.63414
108.3814,1,-168.5833,2.707195,-14.42278,326.6134,279.8161,195.9733,1,-168.7312,2.702643,-14.40573,63.61534,289.168,31.07928
108.4985,1,-168.5837,2.706705,-14.4219,324.9837,279.282,196.1089,1,-168.7323,2.701319,-14.4072,63.66909,290.0846,32.2657
108.61,1,-168.584,2.707147,-14.42021,324.3741,277.4297,196.8515,1,-168.7341,2.697462,-14.40845,63.81269,289.2554,31.70015
108.7283,1,-168.5857,2.708489,-14.4188,324.7755,276.5941,196.691,1,-168.735,2.69849,-14.4064,64.05926,286.7061,29.16257
108.8424,1,-168.5856,2.708622,-14.41826,324.8953,276.2212,196.709,1,-168.7347,2.698555,-14.40492,64.95608,285.4926,27.6201
108.9612,1,-168.5857,2.709402,-14.41763,325.1154,276.4511,196.8669,1,-168.7357,2.698123,-14.40447,65.5714,283.7374,25.78811
109.0744,1,-168.5851,2.709322,-14.41775,324.8114,275.9981,197.5595,1,-168.7355,2.69918,-14.40522,64.91086,284.5021,26.48546
109.1759,1,-168.5861,2.708534,-14.4187,324.7832,276.3542,197.5026,1,-168.7346,2.700732,-14.40638,64.09732,287.6233,29.87215
109.28,1,-168.5848,2.708035,-14.41935,325.3312,277.0417,197.1169,1,-168.7325,2.701496,-14.40707,63.40157,290.6373,32.97211
109.3821,1,-168.5837,2.708447,-14.41905,325.1321,276.7053,197.3333,1,-168.7307,2.6995,-14.40849,62.73623,290.7751,32.8833
109.488,1,-168.5841,2.70962,-14.41843,325.2237,276.5017,197.5547,1,-168.7301,2.698339,-14.40842,62.43249,289.8784,31.78392
109.5883,1,-168.5844,2.710174,-14.41817,325.5096,276.4492,197.6431,1,-168.7305,2.699209,-14.40855,62.44217,290.0804,31.93197
109.708,1,-168.5846,2.710832,-14.41776,325.365,276.2671,197.7176,1,-168.7304,2.698207,-14.40862,62.52402,290.1046,31.94219
109.8176,1,-168.5835,2.71345,-14.41822,325.462,276.5157,200.1899,1,-168.7308,2.697129,-14.4095,62.55386,290.213,32.03233
109.9309,1,-168.573,2.71924,-14.4233,320.1341,272.8072,217.2599,1,-168.733,2.698387,-14.4108,62.19763,289.304,31.6037
110.0396,1,-168.5744,2.714684,-14.41952,317.7907,273.0462,212.008,1,-168.7396,2.700532,-14.41389,70.14668,294.6137,42.58813
110.1509,1,-168.577,2.713107,-14.41879,319.9981,274.9437,207.9475,1,-168.7387,2.697963,-14.41455,68.58444,293.6075,40.76843
110.2626,1,-168.5775,2.713943,-14.41781,321.9906,276.4758,205.1472,1,-168.7328,2.694514,-14.41215,64.8148,291.1743,34.10225
110.3759,1,-168.5772,2.712464,-14.42023,323.3723,277.6772,204.5498,1,-168.732,2.69451,-14.41162,61.80188,286.3435,27.82082
110.4929,1,-168.5766,2.710119,-14.42035,322.5674,278.6386,203.1734,1,-168.7206,2.702177,-14.39719,24.19593,256.5744,340.5145
110.6044,1,-168.5799,2.694728,-14.41745,324.7528,280.2369,202.0417,1,-168.717,2.879232,-14.32567,30.87088,196.2439,287.2851
110.716,1,-168.574,2.696037,-14.41867,325.0858,279.6394,202.5566,1,-168.7481,3.003302,-14.23439,14.03951,136.3566,262.794
110.829,1,-168.6026,2.781193,-14.38972,330.2442,285.7563,205.1246,1,-168.7233,2.975811,-14.24509,7.479646,130.3261,259.4007
110.9374,1,-168.5963,2.708447,-14.41684,332.1354,286.5069,202.8819,1,-168.7258,2.976978,-14.22834,0.02993672,116.3185,258.1328
111.0448,1,-168.5958,2.713391,-14.41445,332.6068,287.0695,202.2962,0,0,0,0,0,0,0
111.1523,1,-168.5948,2.715943,-14.41242,332.3461,287.3417,201.9044,0,0,0,0,0,0,0
111.2634,1,-168.5943,2.71414,-14.41309,332.3944,287.6949,201.6731,0,0,0,0,0,0,0
111.3736,1,-168.5941,2.712053,-14.41356,332.3853,287.9709,201.5132,1,-169.0262,2.800348,-14.51779,351.9285,301.2702,322.6589
111.4885,1,-168.5942,2.711733,-14.41424,332.3201,288.0557,201.4935,1,-169.0194,2.826203,-14.52725,32.26746,290.8065,331.7466
111.5961,1,-168.594,2.710775,-14.41476,332.3095,288.2101,201.4403,1,-169.021,2.839847,-14.53066,40.81172,285.4181,327.5652
111.7084,1,-168.5941,2.708397,-14.41486,332.0629,288.3381,201.0063,1,-169.0248,2.884934,-14.51128,29.39483,281.0023,310.5123
111.8207,1,-168.594,2.707097,-14.41484,332.1473,288.7669,200.2047,1,-168.8779,3.065642,-14.31329,43.79805,258.0538,290.7458
111.931,1,-168.5939,2.708423,-14.41536,332.1635,288.6665,200.6103,1,-169.1089,2.874687,-14.49514,345.9585,304.1331,299.2062
112.0374,1,-168.5935,2.708527,-14.41567,332.0038,288.2755,201.3714,1,-169.0411,2.906482,-14.47497,316.2646,287.0904,299.801
112.1442,1,-168.5931,2.709874,-14.41318,331.0642,286.2083,203.2795,1,-169.0512,2.881134,-14.49263,307.3673,281.1187,320.2841
112.248,1,-168.589,2.693913,-14.41185,333.2249,289.1509,201.0863,1,-169.0629,2.897901,-14.48034,314.9623,306.3931,298.3604
112.3526,1,-168.5918,2.688915,-14.41475,347.0171,298.9812,199.8619,1,-169.0852,2.919739,-14.45942,341.2567,289.8588,291.7451
112.4698,1,-168.5907,2.686257,-14.41686,346.5563,300.0656,198.9267,1,-169.1109,2.932822,-14.43141,343.6449,292.8513,301.5029
112.5813,1,-168.5926,2.687007,-14.41675,347.415,300.0243,198.4678,1,-169.1196,2.955479,-14.41298,309.1083,292.4069,334.0701
112.6948,1,-168.5928,2.686336,-14.41728,348.4175,300.521,198.166,1,-169.0923,2.953701,-14.43508,309.2776,239.7709,357.3355
112.81,1,-168.5932,2.687507,-14.41705,348.1398,300.2621,198.2882,1,-169.0845,2.945706,-14.45145,338.2345,240.7737,4.549827
112.9233,1,-168.5941,2.688077,-14.41823,348.198,300.4216,198.8418,1,-169.1278,2.960458,-14.41277,331.4691,250.0079,2.112611
113.0332,1,-168.5949,2.68854,-14.41843,348.4207,300.5967,199.8534,1,-169.2004,2.982839,-14.34561,323.1386,281.2361,11.64403
113.1466,1,-168.5945,2.687281,-14.41855,348.673,300.6655,200.3004,1,-168.4086,2.511439,-14.40691,59.03701,216.343,328.7544
113.2652,1,-168.5942,2.687003,-14.4188,349.3195,300.973,200.609,1,-168.7134,2.681957,-14.40327,43.02221,250.2758,357.6719
113.3772,1,-168.5948,2.686896,-14.41902,349.6463,300.6667,201.4407,1,-168.7322,2.693328,-14.4023,41.21854,250.1539,357.0761
113.4897,1,-168.5955,2.687047,-14.41934,349.9008,300.1595,202.2678,1,-168.7323,2.694067,-14.40246,41.34609,250.0331,356.7878
113.5993,1,-168.5957,2.686651,-14.42007,350.2861,299.8078,203.372,1,-168.7321,2.693805,-14.40314,41.34986,249.857,356.5237
113.7095,1,-168.5958,2.687612,-14.42072,350.7136,299.4413,204.6094,1,-168.7319,2.693294,-14.40344,41.21829,249.7553,356.3207
113.8201,1,-168.5956,2.687974,-14.42059,350.8106,298.5894,206.0437,1,-168.7316,2.693476,-14.4038,41.19413,249.8536,356.4037
113.9363,1,-168.5953,2.686795,-14.42127,351.2449,297.5955,207.6195,1,-168.7317,2.693176,-14.40391,41.23274,249.6531,356.1299
114.0469,1,-168.594,2.685169,-14.42146,351.2373,296.5388,208.113,1,-168.7314,2.692667,-14.40418,41.34811,249.3954,355.7306
114.158,1,-168.594,2.682809,-14.42179,352.1666,295.532,209.5826,1,-168.7315,2.692353,-14.40467,41.36967,249.1454,355.455
114.271,1,-168.5936,2.678158,-14.42318,353.5379,294.6726,211.2113,1,-168.7314,2.692524,-14.40484,41.33996,249.0169,355.3606
114.3789,1,-168.5934,2.67897,-14.42332,356.3091,294.9739,213.0747,1,-168.7312,2.692528,-14.4051,41.40019,248.957,355.3574
114.4838,1,-168.5937,2.679157,-14.42355,357.427,294.2632,213.8562,1,-168.7309,2.693499,-14.40508,41.32219,248.9668,355.429
114.5885,1,-168.5943,2.678515,-14.42326,358.2456,292.7312,214.1805,1,-168.7311,2.693805,-14.40476,41.35876,248.8572,355.3997
114.7014,1,-168.5947,2.679008,-14.42212,358.4144,291.4206,214.4834,1,-168.731,2.693806,-14.40482,41.37975,248.832,355.3449
114.8045,1,-168.5944,2.679893,-14.42127,358.2766,290.2953,215.1599,1,-168.731,2.693754,-14.40497,41.3134,248.7851,355.3007
114.9222,1,-168.5947,2.680614,-14.42102,358.2636,288.2722,216.9043,1,-168.731,2.693159,-14.40523,41.22029,248.7672,355.288
115.0341,1,-168.5967,2.683172,-14.42032,358.1295,286.7707,219.2649,1,-168.731,2.692925,-14.40544,41.26532,248.8992,355.4343
115.1427,1,-168.597,2.683923,-14.42064,357.4103,286.0487,222.7112,1,-168.731,2.693045,-14.40538,41.2506,248.8551,355.4514
115.2523,1,-168.5974,2.684001,-14.42175,358.2248,287.1686,225.0256,1,-168.7309,2.692578,-14.40554,41.30469,248.9097,355.535
115.3581,1,-168.5967,2.684088,-14.42281,358.119,287.7188,224.8131,1,-168.7312,2.692888,-14.40569,41.29634,248.868,355.545
115.4621,1,-168.5967,2.684471,-14.42254,355.7588,285.502,227.3368,1,-168.7314,2.692402,-14.40547,41.3907,248.7299,355.3664
115.5758,1,-168.5972,2.684876,-14.42328,356.3018,285.9857,227.5653,1,-168.7315,2.692286,-14.40532,41.4081,248.7348,355.4073
115.6847,1,-168.5985,2.686377,-14.42317,356.4366,285.9603,227.8869,1,-168.7316,2.692246,-14.40497,41.46589,248.6849,355.3539
115.7945,1,-168.5973,2.686167,-14.42382,356.7823,286.8402,227.5023,1,-168.7317,2.692606,-14.40468,41.57535,248.6394,355.357
115.9043,1,-168.5978,2.685586,-14.42281,357.3499,286.2783,227.5458,1,-168.7314,2.692559,-14.4042,41.491,248.6864,355.3112
116.0163,1,-168.5989,2.686198,-14.4236,357.3686,285.9235,228.2498,1,-168.7317,2.692499,-14.4044,41.41048,248.6067,355.2349
116.1266,1,-168.599,2.685793,-14.42369,357.516,286.4327,228.176,1,-168.7316,2.692609,-14.40434,41.56429,248.5529,355.0883
116.2431,1,-168.5991,2.685715,-14.42375,357.7485,286.2906,228.5151,1,-168.7315,2.693038,-14.40422,41.58046,248.6335,355.1316
116.3543,1,-168.599,2.684548,-14.42453,357.9975,286.2983,228.9988,1,-168.7314,2.693236,-14.40431,41.49112,248.6744,355.174
116.4657,1,-168.5984,2.681243,-14.42528,358.0253,286.0371,229.0197,1,-168.7309,2.693196,-14.40409,41.49018,248.7752,355.1639
116.5778,1,-168.5986,2.680105,-14.42606,357.7911,285.056,229.6192,1,-168.7311,2.693203,-14.40414,41.32555,248.6344,354.901
116.69,1,-168.5986,2.679883,-14.42717,357.7645,286.0717,228.9271,1,-168.7315,2.69255,-14.40488,41.11733,248.2031,354.4256
116.7922,1,-168.5972,2.67587,-14.42797,357.5788,286.5989,228.2152,1,-168.7315,2.692073,-14.40563,40.99088,247.8902,354.0249
116.9032,1,-168.5959,2.674186,-14.42813,357.3091,288.2368,226.8366,1,-168.7317,2.691236,-14.40697,40.76053,247.4536,353.5421
117.0167,1,-168.596,2.673676,-14.42843,357.4934,287.6947,227.509,1,-168.7316,2.691335,-14.40699,40.70943,247.3424,353.4231
117.1305,1,-168.597,2.674315,-14.42855,357.5622,287.9296,227.4408,1,-168.7315,2.691175,-14.40734,40.72409,247.1809,353.291
117.2443,1,-168.5968,2.673166,-14.42821,357.7583,288.1977,227.2924,1,-168.7315,2.691111,-14.40766,40.7605,247.2115,353.3408
117.3603,1,-168.5974,2.672182,-14.42843,357.6661,287.3226,227.637,1,-168.7318,2.690486,-14.40826,40.90836,247.1211,353.2475
117.474,1,-168.5975,2.671937,-14.42849,357.9875,287.5146,227.8727,1,-168.7317,2.690239,-14.40883,40.93745,247.1406,353.4024
117.5885,1,-168.5973,2.672839,-14.4287,358.1457,287.7687,227.8724,1,-168.7317,2.690244,-14.40848,40.91967,247.0167,353.2906
117.7049,1,-168.5974,2.672316,-14.42852,358.1295,287.4266,228.112,1,-168.7318,2.690097,-14.40815,41.05911,246.7377,353.0762
117.8141,1,-168.5978,2.672486,-14.4291,358.4227,287.3676,228.2967,1,-168.7317,2.690062,-14.40791,41.17107,246.707,353.0104
117.9274,1,-168.5976,2.671581,-14.42885,358.6792,286.3903,229.4524,1,-168.7312,2.689798,-14.40825,41.15537,246.7273,352.9994
118.0416,1,-168.5974,2.671829,-14.42904,358.7337,286.2691,230.0473,1,-168.7312,2.689796,-14.40823,41.13284,246.4948,352.7354
118.1529,1,-168.598,2.672956,-14.42963,358.9276,286.7426,229.8481,1,-168.7315,2.689731,-14.40786,41.26511,246.2504,352.4935
118.2551,1,-168.5981,2.672995,-14.42939,359.0384,286.7425,229.8593,1,-168.7315,2.689867,-14.40793,41.32279,246.2212,352.4926
118.3645,1,-168.5988,2.67356,-14.42955,359.6167,287.5082,229.9044,1,-168.7315,2.689524,-14.40789,41.30728,246.2631,352.5367
118.4665,1,-168.5987,2.673846,-14.42912,359.5281,287.8409,229.5572,1,-168.7317,2.688893,-14.40772,41.44408,246.2105,352.406
118.5778,1,-168.5984,2.672685,-14.42949,359.5466,287.8287,229.5822,1,-168.7316,2.688981,-14.40757,41.47947,246.2932,352.476
118.6915,1,-168.5982,2.672047,-14.42953,359.4919,287.4542,229.8832,1,-168.7317,2.689013,-14.40744,41.53144,246.3282,352.5566
118.7923,1,-168.5988,2.67344,-14.43006,359.4208,287.4567,230.3339,1,-168.7315,2.688702,-14.40736,41.5826,246.3882,352.5517
118.9107,1,-168.599,2.673516,-14.43047,0.4423326,288.6792,230.2571,1,-168.7317,2.688841,-14.40723,41.61693,246.5651,352.811
119.0124,1,-168.6002,2.675284,-14.4298,0.3644016,288.2191,230.3935,1,-168.7316,2.688425,-14.40701,41.65889,246.5898,352.784
119.1282,1,-168.6012,2.677392,-14.43002,0.3753352,288.0969,230.5208,1,-168.7316,2.688044,-14.40676,41.57589,246.5097,352.6416
119.2282,1,-168.6003,2.677523,-14.42933,0.6008491,288.335,230.1996,1,-168.7314,2.687863,-14.40665,41.5997,246.6435,352.7657
119.3284,1,-168.6004,2.677927,-14.42916,0.6687129,288.1211,230.4638,1,-168.7313,2.688126,-14.40647,41.61931,246.7553,352.8475
119.4286,1,-168.6001,2.67803,-14.42946,0.6798708,287.7669,230.9197,1,-168.7311,2.688405,-14.40646,41.64239,246.9232,353.0317
119.5293,1,-168.6003,2.678927,-14.42961,0.1610544,286.3921,231.8829,1,-168.7312,2.688522,-14.40657,41.59944,247.0673,353.2019
119.6456,1,-168.6019,2.681154,-14.43013,0.3297514,286.689,232.147,1,-168.7313,2.688146,-14.40673,41.56705,247.0039,353.1261
119.7458,1,-168.6017,2.680881,-14.43026,0.4864707,287.1432,232.1681,1,-168.7311,2.687804,-14.40669,41.52186,247.0048,353.1138
119.8629,1,-168.6014,2.679511,-14.42865,0.7838399,287.6302,231.4298,1,-168.731,2.687727,-14.40592,41.68989,246.9866,352.8666
119.9632,1,-168.6017,2.680497,-14.42898,0.2197311,288.0201,229.1311,1,-168.7291,2.711147,-14.39462,53.8966,242.7278,343.4832
120.0639,1,-168.6009,2.67997,-14.42666,359.3863,287.0033,229.5274,1,-168.7217,2.90701,-14.32768,51.0652,158.2166,261.9708
120.1653,1,-168.6086,2.693221,-14.42981,356.5852,285.6671,229.5329,1,-168.7351,3.015385,-14.26521,27.05228,130.5155,246.93
120.2754,1,-168.588,2.669834,-14.42964,354.6137,285.7814,230.8528,1,-168.7686,3.083421,-14.23098,14.95741,130.8291,264.7965
120.3831,1,-168.6113,2.688217,-14.43274,342.1216,288.8514,206.2003,1,-168.7551,3.127064,-14.23813,5.83411,130.6835,286.4228
120.4991,1,-168.6049,2.694124,-14.42268,349.7974,293.4804,209.6558,0,0,0,0,0,0,0
120.6107,1,-168.6029,2.691915,-14.41945,351.1366,293.4163,211.0617,0,0,0,0,0,0,0
120.7131,1,-168.6024,2.691698,-14.41715,350.8253,293.361,210.565,0,0,0,0,0,0,0
120.8268,1,-168.6036,2.69426,-14.41547,350.1429,292.6302,210.6326,0,0,0,0,0,0,0
120.9354,1,-168.6043,2.694581,-14.41564,349.707,292.3248,210.9065,1,-168.9347,2.9347,-14.2051,60.1955,252.6215,321.641
121.0457,1,-168.6038,2.69427,-14.41559,349.2465,292.6252,210.3497,0,0,0,0,0,0,0
121.1597,1,-168.6035,2.702226,-14.41186,348.8958,292.1654,209.5916,0,0,0,0,0,0,0
121.2702,1,-168.6046,2.705779,-14.41014,349.0824,292.0821,209.2952,0,0,0,0,0,0,0
121.3796,1,-168.6045,2.705418,-14.411,349.0888,292.3211,209.1162,0,0,0,0,0,0,0
121.4891,1,-168.604,2.704455,-14.41141,349.1729,292.5718,208.7675,0,0,0,0,0,0,0
121.5999,1,-168.6036,2.703626,-14.41168,349.5588,293.2265,208.1409,0,0,0,0,0,0,0
121.7109,1,-168.6035,2.699656,-14.41409,349.27,292.8456,208.4779,0,0,0,0,0,0,0
121.8276,1,-168.6042,2.698847,-14.41852,348.5855,290.325,212.9636,0,0,0,0,0,0,0
121.9378,0,0,0,0,0,0,0,1,-168.7273,2.843189,-14.35125,50.35593,123.6554,247.6748
122.049,0,0,0,0,0,0,0,1,-168.7354,2.694613,-14.40255,74.49326,253.8418,343.8521
122.1558,0,0,0,0,0,0,0,1,-168.7275,2.652501,-14.42404,54.88913,276.798,13.65927
122.2658,1,-168.732,2.811809,-14.37226,298.5308,117.7194,272.6939,1,-168.7279,2.688109,-14.39972,49.97018,257.5221,357.0941
122.3701,1,-168.4983,2.649758,-14.41286,340.3072,300.7023,203.2879,1,-168.7278,2.696658,-14.39545,45.1973,244.2988,351.3661
122.4811,1,-168.5925,2.702564,-14.40072,350.3628,299.2357,201.2846,1,-168.7305,2.695251,-14.39948,49.94144,247.5113,353.5348
122.5889,1,-168.5972,2.707097,-14.40047,350.1971,299.5568,198.6461,1,-168.7302,2.693768,-14.40174,49.70726,246.6945,353.0009
122.6981,1,-168.5974,2.704659,-14.40282,349.6446,300.6905,197.6613,1,-168.7305,2.693216,-14.40274,49.59765,246.2824,352.7172
122.8009,1,-168.5977,2.701243,-14.40587,349.7882,301.5512,197.2323,1,-168.7303,2.692731,-14.40316,49.55613,246.3554,352.6986
122.9147,1,-168.5981,2.700534,-14.40826,350.8508,303.4886,196.7076,1,-168.731,2.69232,-14.40375,49.39394,245.8362,352.3632
123.0247,1,-168.5986,2.700189,-14.40991,351.5691,305.0163,196.6138,1,-168.7311,2.692857,-14.40381,49.25291,245.5966,352.2688
123.1272,1,-168.5985,2.698675,-14.41024,351.1829,305.7928,196.6995,1,-168.7309,2.692589,-14.40342,49.28891,245.625,352.1981
123.2436,1,-168.599,2.697747,-14.41097,350.8452,306.3919,197.0683,1,-168.7308,2.692284,-14.40405,49.18776,245.5833,352.089
123.3527,1,-168.5998,2.697872,-14.41288,350.223,307.1226,198.2832,1,-168.7312,2.692177,-14.40488,49.23464,245.48,352.0569
123.465,1,-168.6003,2.698251,-14.41526,350.9173,308.9657,199.3684,1,-168.7312,2.692088,-14.40486,49.24891,245.3949,351.9881
123.5834,1,-168.6002,2.697484,-14.41614,352.2098,310.2119,199.6574,1,-168.7313,2.691855,-14.40489,49.13118,245.3012,351.9755
123.6938,1,-168.5999,2.697467,-14.41657,353.5276,311.0466,200.1331,1,-168.7313,2.691539,-14.40494,49.13693,245.2062,351.8959
123.8081,1,-168.6003,2.697744,-14.4174,354.8919,311.3986,200.8567,1,-168.7311,2.690784,-14.40549,49.08429,245.1573,351.8007
123.9234,1,-168.6004,2.697795,-14.41747,356.3392,311.3076,201.4918,1,-168.731,2.690135,-14.40568,49.12463,245.0114,351.6641
124.0262,1,-168.6001,2.697426,-14.41786,357.3155,311.6945,201.9539,1,-168.7308,2.690503,-14.4057,49.13076,245.0196,351.6553
124.137,1,-168.5999,2.695495,-14.41904,358.2242,311.576,202.4007,1,-168.7308,2.691227,-14.4056,49.09024,245.006,351.6978
124.2506,1,-168.6011,2.694063,-14.418,358.5428,310.2538,202.1646,1,-168.7313,2.692011,-14.40548,48.80683,245.0733,351.976
124.3651,1,-168.6003,2.693363,-14.41823,358.1293,309.6479,202.4388,1,-168.7312,2.692331,-14.40476,48.44346,245.0544,351.9744
124.4819,1,-168.6011,2.690531,-14.41788,357.965,306.7896,202.283,1,-168.7309,2.691941,-14.40418,48.49953,245.173,351.9744
124.5921,1,-168.6027,2.686954,-14.41845,358.9532,306.62,201.5886,1,-168.7307,2.692195,-14.40372,48.34376,245.2457,351.9294
124.7012,1,-168.6017,2.687909,-14.41852,359.5818,306.3408,200.5633,1,-168.7303,2.692166,-14.40398,48.27722,245.3317,351.9453
124.8118,1,-168.6004,2.688263,-14.41799,359.4811,306.0374,199.4253,1,-168.7305,2.692219,-14.40457,48.3024,245.2838,352.0198
124.9224,1,-168.6005,2.688134,-14.41751,359.2366,306.2606,198.3536,1,-168.7306,2.692195,-14.40442,48.34094,245.2629,352.0261
125.0363,1,-168.6013,2.687266,-14.41802,359.3017,306.8648,198.2752,1,-168.7308,2.692104,-14.40478,48.32668,245.2764,352.1374
125.1378,1,-168.6017,2.685321,-14.41971,358.9893,307.6406,198.0744,1,-168.7306,2.691814,-14.40495,48.39986,245.2151,352.0791
125.2479,1,-168.6026,2.684402,-14.42045,357.8485,307.7791,198.9034,1,-168.7307,2.692482,-14.40476,48.40794,245.1354,352.0326
125.3496,1,-168.6028,2.685161,-14.42025,356.9778,308.4421,200.4318,1,-168.7308,2.692366,-14.40458,48.44528,245.1041,352.0347
125.4644,1,-168.6029,2.687108,-14.42054,357.7529,308.6853,202.559,1,-168.7308,2.692168,-14.40448,48.48697,245.0773,351.9921
125.573,1,-168.6031,2.687939,-14.42117,358.8318,308.8378,204.2812,1,-168.7308,2.691955,-14.40462,48.55337,245.11,352.0019
125.6856,1,-168.6035,2.689438,-14.42071,358.8318,307.5632,204.3182,1,-168.731,2.691921,-14.40485,48.63137,245.1369,352.0355
125.798,1,-168.6036,2.688836,-14.42074,359.3247,307.3821,204.2412,1,-168.7312,2.692347,-14.40481,48.73571,245.1509,352.1304
125.91,1,-168.6039,2.688449,-14.42005,359.963,306.3441,203.7843,1,-168.731,2.692905,-14.40434,48.85691,245.203,352.1549
126.0208,1,-168.6031,2.689077,-14.41931,0.2155681,305.4778,202.6919,1,-168.7312,2.692922,-14.40473,48.80729,245.2926,352.3361
126.1368,1,-168.6009,2.688893,-14.41768,359.6131,304.9232,200.7449,1,-168.7313,2.693356,-14.40465,48.9915,245.6548,352.7616
126.2469,1,-168.5999,2.688632,-14.41702,359.3878,304.4955,199.2998,1,-168.7311,2.69325,-14.40481,49.06583,245.706,352.8028
126.3558,1,-168.5992,2.68945,-14.4163,358.374,303.8521,198.7987,1,-168.7316,2.693142,-14.40544,49.0408,245.5847,352.785
126.4588,1,-168.5992,2.689753,-14.41512,357.8569,303.6709,198.17,1,-168.7319,2.693012,-14.40561,49.0365,245.5871,352.8685
126.5689,1,-168.5997,2.689548,-14.41508,358.1898,304.1337,198.1889,1,-168.7319,2.693389,-14.40476,49.11478,245.7295,353.0103
126.6788,1,-168.5995,2.689417,-14.41498,357.9138,304.3071,197.8056,1,-168.732,2.693204,-14.40482,49.07624,245.8143,353.0865
126.7905,1,-168.5997,2.689447,-14.41514,357.7436,304.8779,197.4421,1,-168.732,2.693402,-14.40433,49.04525,245.9828,353.3169
126.9054,1,-168.6001,2.689376,-14.41573,357.8268,306.3876,197.2496,1,-168.732,2.693437,-14.40453,49.07585,246.2219,353.6367
127.0147,1,-168.6004,2.688233,-14.41662,357.1135,307.6304,196.7366,1,-168.7324,2.693729,-14.40426,49.06265,246.1936,353.6224
127.1234,1,-168.5999,2.689144,-14.41599,355.4636,308.3755,196.6705,1,-168.7323,2.693766,-14.40417,49.09462,246.2708,353.6871
127.2351,1,-168.5998,2.689795,-14.41758,354.9965,310.0792,198.3043,1,-168.7321,2.693699,-14.40424,49.09625,246.259,353.7485
127.3463,1,-168.5995,2.69,-14.41817,355.8877,311.6884,198.9978,1,-168.7321,2.693884,-14.40458,49.20316,246.188,353.7331
127.4591,1,-168.5997,2.690545,-14.41924,356.1736,311.8589,199.5035,1,-168.7321,2.693861,-14.40444,49.39106,246.0206,353.5138
127.5711,1,-168.5999,2.690838,-14.41907,356.5172,311.9024,199.7132,1,-168.7322,2.694105,-14.40506,49.27095,246.1483,353.7821
127.688,1,-168.6001,2.691523,-14.41895,357.1126,312.2326,200.1793,1,-168.7321,2.693065,-14.40513,49.35382,245.9128,353.5606
127.7913,1,-168.6004,2.691406,-14.41915,357.0542,312.0082,200.4846,1,-168.732,2.693189,-14.40494,49.43374,245.796,353.3683
127.8992,1,-168.6008,2.692571,-14.41874,357.3752,311.6299,201.1651,1,-168.732,2.69324,-14.40487,49.40717,245.6246,353.1709
128.0081,1,-168.601,2.691539,-14.41873,358.1203,311.5096,202.1363,1,-168.7319,2.693641,-14.40466,49.42955,245.7371,353.266
128.1207,1,-168.6015,2.690606,-14.41923,358.8805,311.2096,202.7976,1,-168.7319,2.694036,-14.40404,49.49197,245.6946,353.1837
128.2382,1,-168.6021,2.688916,-14.42143,359.6928,311.3381,203.4519,1,-168.732,2.693417,-14.4042,50.63539,246.0195,352.5645
128.3467,1,-168.6034,2.688551,-14.42241,359.0766,306.2112,203.955,1,-168.7325,2.693833,-14.40376,59.18672,247.3966,346.4614
128.4582,1,-168.5975,2.679988,-14.42158,345.4469,280.3416,198.8345,1,-168.7352,2.697339,-14.40364,66.33875,251.1642,345.9353
128.571,1,-168.5964,2.67351,-14.42174,341.1966,272.1963,198.6245,1,-168.7345,2.700649,-14.40298,65.91747,250.3943,346.5159
128.6871,1,-168.6009,2.665237,-14.42217,346.2363,272.3711,197.6732,1,-168.7332,2.701289,-14.4027,65.89458,246.9536,343.2768
128.7977,1,-168.5994,2.66735,-14.42366,347.5798,273.5856,198.4276,1,-168.7332,2.704846,-14.40181,66.04603,245.1594,341.2747
128.9076,1,-168.5977,2.664201,-14.42964,345.2103,270.0951,199.8224,1,-168.7338,2.709063,-14.40062,67.52551,239.9428,336.1509
129.0197,1,-168.588,2.659595,-14.4416,338.6577,266.7394,207.4377,1,-168.7358,2.714172,-14.3962,82.74981,180.6337,277.6394
129.1379,1,-168.5861,2.675769,-14.42293,318.1583,262.255,198.1214,1,-168.7353,2.709102,-14.39821,81.32103,192.7001,290.7002
129.2477,1,-168.5968,2.696939,-14.39471,296.8086,285.7392,150.6128,1,-168.7332,2.694337,-14.40458,84.80846,171.2222,268.1055
129.364,1,-168.5953,2.694295,-14.40127,299.4125,277.5775,163.5753,1,-168.7352,2.696425,-14.40587,84.00574,207.8776,305.1635
129.483,1,-168.5955,2.694219,-14.40255,299.5995,276.3189,165.6959,1,-168.734,2.698831,-14.40419,83.18166,230.4443,327.3885
129.5975,1,-168.5946,2.6961,-14.40091,299.6086,276.7147,165.1976,1,-168.7296,2.700443,-14.40167,81.6068,229.5734,326.4588
129.6977,1,-168.5942,2.699043,-14.40037,298.127,281.4817,160.7414,1,-168.7269,2.708994,-14.39564,78.72527,220.5752,316.2597
129.7982,1,-168.5943,2.712317,-14.39507,309.0691,316.7548,123.8529,1,-168.7322,2.745378,-14.38469,58.72485,208.787,291.4894
129.9007,1,-168.6065,2.77787,-14.37293,308.2709,321.3674,110.4034,1,-168.7545,2.794364,-14.40018,39.31998,213.9275,285.9977
130.0032,1,-168.618,2.885014,-14.3437,319.9602,326.3229,97.39467,1,-168.7701,2.893694,-14.36666,34.62053,217.8976,281.2468
130.1049,1,-168.6149,2.932983,-14.30802,320.2368,329.6484,88.8501,1,-168.7763,2.944566,-14.32523,36.59893,217.9812,280.7307
130.2087,1,-168.6111,2.923772,-14.30728,321.663,332.9343,87.52292,1,-168.7752,2.934945,-14.32294,35.289,219.4045,281.802
130.3133,1,-168.6113,2.910288,-14.31285,315.3645,329.2585,94.55045,1,-168.7713,2.915004,-14.33374,39.63729,222.1068,290.0362
130.4205,1,-168.6095,2.904761,-14.30967,309.709,323.2009,104.1995,1,-168.7718,2.900392,-14.33115,41.57718,223.2158,294.2288
130.5229,1,-168.6076,2.901175,-14.31137,310.6248,325.0772,102.7309,1,-168.7734,2.897667,-14.3308,42.24708,222.5435,295.9219
130.6238,1,-168.5882,2.904473,-14.3143,306.5393,323.5289,122.8329,1,-168.8035,2.899301,-14.34523,59.22752,220.9795,328.8767
130.7434,1,-168.5459,2.92989,-14.32268,313.2792,81.55377,30.62959,1,-168.8513,2.93363,-14.34927,73.22068,109.7594,237.8175
130.8503,1,-168.5473,2.892632,-14.37066,309.595,59.88037,24.10173,1,-168.8455,2.89944,-14.3852,57.82742,88.67646,202.642
130.9514,1,-168.551,2.885222,-14.36043,311.4099,96.32281,342.5885,1,-168.8342,2.875655,-14.39641,53.77612,75.76326,182.1445
131.0653,1,-168.5604,2.890898,-14.34485,306.9136,76.63113,14.36765,1,-168.8333,2.862465,-14.38621,55.12493,92.76044,254.9358
131.1682,1,-168.5325,2.881115,-14.34852,311.8546,98.46198,48.26746,1,-168.834,2.851254,-14.39532,63.75568,65.56136,259.2168
131.2694,1,-168.5073,2.845577,-14.38502,284.4391,359.7312,135.6014,1,-168.8237,2.814704,-14.4224,70.0033,128.7234,300.5803
131.3701,1,-168.5125,2.858458,-14.38383,306.1996,306.4695,171.2333,1,-168.8333,2.80554,-14.42939,74.95055,167.6115,329.2883
131.4725,1,-168.5133,2.863131,-14.37884,294.4505,316.4224,160.6117,1,-168.8334,2.822488,-14.41688,75.84447,146.4809,312.9654
131.5859,1,-168.5366,2.854753,-14.37229,348.4025,260.2469,172.0415,1,-168.8233,2.861751,-14.38864,16.29266,231.2523,10.96848
131.6904,1,-168.5499,2.863106,-14.35919,324.1905,267.1404,140.6059,1,-168.8058,2.874779,-14.35516,18.43196,237.5657,329.086
131.8042,1,-168.5462,2.890238,-14.34208,332.06,263.2656,186.3847,1,-168.7991,2.875313,-14.3668,9.74188,260.7899,2.086791
131.9047,1,-168.5496,2.908556,-14.33166,322.2905,271.0449,163.1849,1,-168.8111,2.903222,-14.36235,33.82553,253.3123,5.79074
132.0075,1,-168.531,2.911131,-14.37832,321.9992,264.4603,166.947,1,-168.8109,2.921384,-14.38843,27.23501,268.5338,5.087175
132.1185,1,-168.5235,2.935945,-14.4121,322.8851,263.7602,166.3073,1,-168.8181,2.957231,-14.39489,29.68801,258.9421,357.7272
132.2312,1,-168.5209,2.947279,-14.48773,316.2803,287.4904,129.2108,1,-168.8117,2.961895,-14.46518,34.21426,258.0684,331.0938
132.346,1,-168.5069,2.938335,-14.548,316.8346,283.0995,125.9007,1,-168.8142,2.944973,-14.54378,38.75933,248.0679,304.0367
132.4651,1,-168.5015,2.94029,-14.55194,320.1721,276.0435,132.8625,1,-168.8223,2.926162,-14.56813,35.80564,247.8222,300.8782
132.5794,1,-168.4876,2.939224,-14.55859,320.6437,275.4955,140.2535,1,-168.8359,2.930447,-14.5737,49.45078,247.6611,317.9208
132.6943,1,-168.4845,2.91972,-14.5735,320.3178,276.1403,144.1201,1,-168.8355,2.921261,-14.57889,47.78661,252.6509,323.7663
132.8096,1,-168.492,2.907459,-14.57933,319.9094,276.3329,138.4218,1,-168.8331,2.899792,-14.59614,46.33481,252.9594,323.1859
132.9144,1,-168.4904,2.901811,-14.57847,323.7917,275.2657,134.9923,1,-168.9598,2.815382,-14.32896,286.607,356.2519,192.2096
133.0267,1,-168.4904,2.889902,-14.57245,321.438,274.764,135.3677,1,-168.9579,2.851851,-14.3853,288.2794,338.2601,206.1264
133.1426,1,-168.4948,2.889423,-14.57219,316.4588,274.566,133.3339,1,-169.0112,2.733356,-14.23378,287.8127,338.1323,205.0794
133.2595,1,-168.493,2.890389,-14.57398,317.2612,274.8971,132.5831,1,-169.114,2.492037,-13.9414,287.8301,338.1745,205.0492
133.3701,1,-168.4898,2.89483,-14.57563,316.0379,273.5936,134.7662,1,-169.2529,2.163548,-13.54272,287.8248,338.2356,204.9587
133.4852,1,-168.4691,2.918975,-14.56703,310.525,281.2896,142.7774,1,-169.4465,1.702431,-12.98197,287.8461,338.26,204.9434
133.6042,1,-168.4573,2.944441,-14.55781,304.435,302.1452,130.9695,1,-168.8706,2.96954,-14.58631,63.9986,228.5575,316.1062
133.7146,1,-168.4636,2.942573,-14.55444,308.4445,296.9495,128.8292,1,-168.8606,3.030904,-14.57241,22.20665,243.5894,329.7456
133.8286,1,-168.4596,2.935645,-14.55039,307.7285,292.404,127.4127,1,-168.8432,3.066094,-14.56704,338.9928,248.9686,336.7075
133.9443,1,-168.4662,2.928083,-14.54789,308.2056,287.4476,130.7936,1,-168.8566,3.082678,-14.57008,314.4964,232.0504,344.6893
134.054,1,-168.4817,2.926912,-14.55875,305.2386,285.5085,132.1055,1,-168.8678,3.079857,-14.59499,30.85857,241.3979,319.2482
134.1608,1,-168.4868,2.925423,-14.5609,307.3118,286.6702,131.592,1,-168.8584,3.022056,-14.5839,51.73028,230.4574,303.1359
134.2745,1,-168.4818,2.920301,-14.56212,313.7779,282.8632,136.0136,1,-168.8485,2.959817,-14.58644,53.22556,243.9973,320.8027
134.3763,1,-168.4753,2.905231,-14.56852,312.4459,283.927,138.2885,1,-168.8474,2.944019,-14.6,49.78284,250.0634,334.6298
134.4886,1,-168.4763,2.890974,-14.57919,307.5791,290.374,132.0583,1,-168.8372,2.928611,-14.60846,56.17035,236.6793,319.8883
134.6017,1,-168.4853,2.892341,-14.57779,305.0249,289.2139,126.2443,1,-168.8369,2.932855,-14.60961,59.06722,234.337,316.3689
134.7193,1,-168.4889,2.894974,-14.57499,305.8387,287.9611,126.1615,1,-168.838,2.931945,-14.60519,62.15313,234.4306,316.5524
134.8221,1,-168.4874,2.893826,-14.57606,306.4737,288.5168,125.5946,1,-168.8381,2.928074,-14.60515,59.84303,233.2871,315.2838
134.9257,1,-168.486,2.893378,-14.57649,306.8041,288.8197,125.3431,1,-168.8361,2.929231,-14.60462,59.13398,232.8947,313.8911
135.0441,1,-168.4845,2.892697,-14.5774,307.5892,289.2697,124.9902,1,-168.8351,2.928591,-14.60541,57.59856,234.8496,314.3691
135.1519,1,-168.4835,2.892471,-14.57774,308.3492,289.775,124.8226,1,-168.832,2.924375,-14.60695,54.97393,238.3855,314.1512
135.257,1,-168.4817,2.891333,-14.57942,308.7908,289.9339,125.2836,1,-168.832,2.923626,-14.60723,53.44176,240.8897,315.7364
135.3615,1,-168.4823,2.891383,-14.58022,308.5866,289.5402,125.5372,1,-168.832,2.924873,-14.60618,51.76523,243.17,317.6776
135.4703,1,-168.4823,2.890718,-14.58101,308.6965,288.5727,126.4088,1,-168.8325,2.924132,-14.60627,50.5076,242.2447,316.9023
135.5815,1,-168.4828,2.89073,-14.58033,309.0016,288.0138,126.7161,1,-168.8325,2.923531,-14.60624,49.63588,242.1682,316.6527
135.6907,1,-168.4847,2.890018,-14.57798,312.3716,292.869,121.3814,1,-168.8328,2.922519,-14.60642,49.38547,242.2236,316.558
135.8043,1,-168.4855,2.886456,-14.58022,318.7787,293.2524,120.3368,1,-168.8335,2.920577,-14.60749,49.25765,241.6575,316.1078
135.9144,1,-168.4873,2.88517,-14.57951,318.2658,289.6815,121.5305,1,-168.8333,2.917907,-14.60901,48.16465,239.7214,313.804
136.0342,1,-168.4892,2.882802,-14.57853,319.2729,281.3746,125.051,1,-168.8335,2.915875,-14.61068,47.04752,239.273,313.0105
136.1447,1,-168.4932,2.883859,-14.57601,317.3486,284.8019,120.571,1,-168.8336,2.914493,-14.61087,46.88194,239.5297,313.0253
136.2584,1,-168.4919,2.88797,-14.57384,316.2636,284.764,122.2628,1,-168.8336,2.913534,-14.61136,46.52334,239.7227,312.9515
136.3685,1,-168.491,2.886704,-14.57459,316.26,285.2435,122.0308,1,-168.834,2.913354,-14.61203,46.31219,240.1492,313.374
136.4806,1,-168.4907,2.886366,-14.57497,315.8931,285.6649,121.8758,1,-168.8342,2.913794,-14.61117,46.18089,240.2744,313.5537
136.5836,1,-168.4907,2.886893,-14.57439,315.3433,285.9249,122.188,1,-168.834,2.913829,-14.6113,46.19562,240.2103,313.506
136.6957,1,-168.49,2.886662,-14.57493,315.2074,286.4815,121.9959,1,-168.8338,2.913273,-14.6115,46.09347,240.2652,313.3476
136.7962,1,-168.4903,2.886416,-14.57485,315.339,286.4672,121.8241,1,-168.8339,2.912615,-14.61214,45.99485,240.1725,313.2184
136.9075,1,-168.4898,2.886824,-14.57475,315.1281,286.8749,121.757,1,-168.8341,2.912664,-14.61206,46.00705,239.8642,313.0036
137.0172,1,-168.4896,2.886371,-14.57534,315.1362,286.9318,121.6353,1,-168.8338,2.913315,-14.61109,45.95582,239.8615,312.9976
137.1203,1,-168.4893,2.886583,-14.57539,315.0724,287.2661,121.4237,1,-168.8338,2.913164,-14.61114,45.88752,239.8929,312.9992
137.2377,1,-168.4886,2.886707,-14.57539,315.0956,287.5161,121.3728,1,-168.8338,2.912831,-14.61097,45.87358,239.9937,313.0647
137.3487,1,-168.4886,2.88674,-14.57541,315.125,287.5777,121.4972,1,-168.834,2.912371,-14.61197,46.02128,240.1266,313.2303
137.4656,1,-168.4879,2.886687,-14.57539,315.2305,288.2299,121.2052,1,-168.8338,2.9123,-14.61147,46.01698,240.2173,313.2601
137.5783,1,-168.4876,2.886795,-14.57521,315.2598,288.865,120.7757,1,-168.8338,2.912262,-14.61156,46.19069,240.2028,313.3221
137.694,1,-168.4876,2.887203,-14.57513,315.203,288.5203,121.0688,1,-168.8337,2.912513,-14.611,46.3079,240.1289,313.3264
137.7975,1,-168.4876,2.886986,-14.57518,315.197,288.7016,120.9624,1,-168.8336,2.912537,-14.61073,46.5354,239.9069,313.1923
137.9015,1,-168.4875,2.887661,-14.57472,314.8377,288.7405,121.2065,1,-168.8336,2.912164,-14.61116,46.55889,240.0032,313.3252
138.0176,1,-168.4872,2.887378,-14.57526,314.4116,288.7394,121.4893,1,-168.8336,2.912079,-14.61146,46.56758,240.1435,313.4153
138.1277,1,-168.4865,2.886503,-14.57667,314.4708,288.7085,121.5866,1,-168.834,2.911602,-14.61209,46.74361,240.0521,313.4628
138.2418,1,-168.4865,2.887001,-14.57595,314.7152,289.0202,121.4941,1,-168.8342,2.911227,-14.61214,46.82586,240.0672,313.5232
138.3437,1,-168.4865,2.88485,-14.57583,315.1857,289.6827,120.9768,1,-168.8339,2.912406,-14.6125,46.78379,239.6949,313.1996
138.4553,1,-168.4872,2.88549,-14.57644,314.6108,288.6134,121.729,1,-168.834,2.914344,-14.61196,46.5141,240.2079,313.9211
138.5751,1,-168.4868,2.886391,-14.57605,314.6691,289.3266,121.3756,1,-168.8334,2.912893,-14.61252,46.54536,240.8804,314.2261
138.6882,1,-168.4852,2.886199,-14.5766,315.6033,290.7337,120.9644,1,-168.8333,2.91251,-14.6124,46.76628,240.9184,314.1582
138.8027,1,-168.4848,2.890491,-14.57582,315.9216,289.6127,122.4567,1,-168.833,2.910473,-14.61065,46.98057,241.6334,314.356
138.9214,1,-168.4848,2.895402,-14.57659,316.3233,288.562,123.5902,1,-168.8332,2.907336,-14.60779,47.48831,241.5128,313.9442
139.0371,1,-168.4844,2.893548,-14.57559,316.3818,288.6276,123.4853,1,-168.8333,2.909103,-14.60488,47.86253,241.4521,313.9654
139.1529,1,-168.485,2.893255,-14.57268,316.5227,287.9068,123.9025,1,-168.8334,2.909166,-14.60172,48.1974,241.9727,314.3601
139.2547,1,-168.4855,2.89328,-14.56646,316.618,287.5805,124.1893,1,-168.8334,2.909722,-14.59557,48.18347,241.7289,314.1256
139.3714,1,-168.4863,2.893261,-14.55602,316.6855,287.033,124.7428,1,-168.8336,2.909542,-14.58569,47.98074,241.3427,313.6514
139.4726,1,-168.4862,2.893378,-14.55586,316.8703,287.127,124.6552,1,-168.8338,2.909665,-14.58591,47.74696,241.0607,313.3647
139.5741,1,-168.4862,2.893599,-14.55588,316.9895,287.2979,124.5017,1,-168.8341,2.909632,-14.58627,47.67066,241.1351,313.4548
139.6765,1,-168.4858,2.893863,-14.55621,316.955,287.4025,124.4749,1,-168.8339,2.90976,-14.58571,47.66505,240.9094,313.1462
139.793,1,-168.4854,2.894147,-14.55704,316.7845,287.5681,124.6217,1,-168.8342,2.909248,-14.58543,47.70108,240.9377,313.1996
139.91,1,-168.4854,2.895621,-14.55727,316.6646,287.7282,124.9895,1,-168.834,2.908084,-14.58366,47.95804,241.0611,313.227
140.0105,1,-168.485,2.897372,-14.55758,316.9874,287.7702,125.047,1,-168.8339,2.905953,-14.58104,48.6721,241.2937,313.3713
140.1106,1,-168.4853,2.900483,-14.55805,318.0573,286.4762,126.482,1,-168.834,2.904084,-14.57921,49.11821,242.4175,314.0755
140.223,1,-168.4853,2.90647,-14.55989,321.6919,284.0568,129.4669,1,-168.8335,2.898564,-14.57769,50.99835,243.8543,314.6655
140.3318,1,-168.4839,2.913864,-14.57242,323.2774,282.8329,132.0735,1,-168.8319,2.892883,-14.58706,53.4575,239.569,309.7183
140.4494,1,-168.4829,2.915823,-14.60893,323.6551,282.9517,132.8023,1,-168.8293,2.887264,-14.62055,54.99152,234.1141,303.4254
140.564,1,-168.4812,2.915076,-14.66731,324.7515,283.0977,132.271,1,-168.8284,2.884674,-14.67943,54.96813,234.1511,303.7832
140.6828,1,-168.4796,2.916199,-14.74576,324.3972,282.7781,132.5896,1,-168.8262,2.885387,-14.75676,54.75489,234.3073,303.7834
140.7977,1,-168.4771,2.917207,-14.84566,325.4309,282.1031,133.1001,1,-168.8229,2.884634,-14.85638,54.99092,234.6918,303.7945
140.9176,1,-168.4745,2.919099,-14.96729,326.0605,282.2374,133.0867,1,-168.8196,2.881136,-14.97592,55.27194,234.8792,303.7096
141.0332,1,-168.4744,2.931448,-15.11046,328.1382,281.6448,134.2748,1,-168.8143,2.8697,-15.11632,56.45654,230.9733,298.3057
141.1383,1,-168.4712,2.937685,-15.25344,329.6139,280.3264,136.2133,1,-168.8094,2.864495,-15.25553,58.0697,230.11,296.5528
141.2518,1,-168.4657,2.938473,-15.44029,330.1679,280.9499,135.4928,1,-168.803,2.864141,-15.4368,58.90209,229.2709,295.3033
141.352,1,-168.4615,2.938826,-15.61598,331.4253,281.3568,134.9158,1,-168.7982,2.86348,-15.61088,59.63965,228.7097,294.6461
141.4525,1,-168.4561,2.939495,-15.80864,332.5675,281.8154,134.6392,1,-168.7941,2.861965,-15.80096,60.05311,228.6096,294.5154
141.5546,1,-168.4522,2.94204,-16.01249,333.4962,281.7765,134.9381,1,-168.7879,2.857569,-16.00176,60.4503,227.4728,292.8248
141.6555,1,-168.4493,2.947799,-16.22945,334.561,282.7637,134.4133,1,-168.7796,2.849967,-16.21168,61.02651,223.8779,287.4708
141.7565,1,-168.4474,2.956332,-16.45599,335.4662,283.0014,135.3724,1,-168.7723,2.843315,-16.43248,61.9278,223.6051,286.4449
141.8738,1,-168.4433,2.967381,-16.73528,339.1796,287.0341,135.6936,1,-168.7603,2.834869,-16.7048,63.28566,223.4334,283.0594
141.9884,1,-168.4371,2.973011,-17.03562,341.5176,290.7227,135.1348,1,-168.7481,2.82946,-16.9946,66.00414,220.0046,275.8526
142.0892,1,-168.4333,2.972765,-17.30091,340.1131,289.6584,135.8944,1,-168.7451,2.829916,-17.25719,67.89032,217.8459,274.6512
142.2044,1,-168.4274,2.970305,-17.62119,340.5077,292.1668,134.9197,1,-168.7411,2.83346,-17.57559,69.60368,222.0874,278.9375
142.3044,1,-168.4232,2.969488,-17.90664,340.9309,292.7005,134.5514,1,-168.7374,2.833699,-17.85871,69.26886,223.1096,279.558
142.4204,1,-168.4198,2.972384,-18.25102,341.7455,292.7241,135.18,1,-168.7308,2.832523,-18.19711,69.30135,224.2991,279.7924
142.5207,1,-168.4284,2.987873,-18.55246,342.3988,288.4717,141.8448,1,-168.7203,2.822026,-18.49081,69.64223,223.4931,277.6434
142.6365,1,-168.438,2.999208,-18.91457,347.324,287.2896,142.7423,1,-168.7038,2.807595,-18.83999,71.33115,211.8555,262.5231
142.7366,1,-168.4469,3.008129,-19.23387,352.7051,284.5016,146.5663,1,-168.689,2.798861,-19.14807,73.59379,207.5002,255.2273
142.8368,1,-168.4593,3.01445,-19.56364,357.0962,281.4619,148.2432,1,-168.6779,2.788166,-19.47127,75.26669,196.1772,241.0619
142.9371,1,-168.4684,3.016557,-19.89989,0.2551716,281.8272,147.3658,1,-168.6755,2.784882,-19.79939,76.68591,184.8101,230.1544
143.054,1,-168.4726,3.01875,-20.29566,359.8541,283.019,147.5576,1,-168.6761,2.784292,-20.19435,78.65089,181.9966,227.0508
143.1692,1,-168.4769,3.020536,-20.70041,359.7683,283.5599,148.5107,1,-168.6813,2.784501,-20.60078,79.86253,174.7182,218.8945
143.2857,1,-168.4881,3.022819,-21.11485,359.6537,283.1585,150.5198,1,-168.6821,2.781388,-21.0149,79.82597,172.7623,215.4019
143.3858,1,-168.5243,3.03435,-21.47185,1.270116,283.1753,153.4693,1,-168.6621,2.765112,-21.37481,77.71616,178.2061,215.8146
143.5014,1,-168.577,3.045602,-21.89738,4.190262,288.7426,157.1922,1,-168.6274,2.733262,-21.79229,73.69332,141.9387,176.3971
143.6158,1,-168.6243,3.048497,-22.31815,4.726351,293.9437,162.8358,1,-168.6301,2.73172,-22.21102,67.36195,100.809,145.5754
143.7306,1,-168.6299,3.044565,-22.75648,7.152121,295.9796,159.8616,1,-168.6587,2.748087,-22.63274,67.17514,86.55757,137.9248
143.8321,1,-168.6374,3.04647,-23.13071,6.519981,295.0939,159.3775,1,-168.6922,2.753107,-23.01564,65.44109,57.51295,111.939
143.9481,1,-168.6441,3.04575,-23.53627,4.226773,293.9845,157.9262,1,-168.7188,2.762828,-23.42074,66.25157,79.56659,127.3521
144.0603,1,-168.6553,3.038221,-23.88925,358.0557,290.888,154.6465,1,-168.7484,2.767532,-23.77957,72.48114,87.68153,127.7853
144.1772,1,-168.6542,3.025383,-24.19915,350.3148,290.1682,152.234,1,-168.7903,2.778908,-24.09072,80.14352,86.96172,124.8026
144.2879,1,-168.6646,3.027802,-24.45056,349.0377,288.9007,152.6183,1,-168.8315,2.775432,-24.3347,79.83231,141.2743,195.1159
144.4019,1,-168.655,3.023422,-24.64403,348.349,284.6705,150.2444,1,-168.8621,2.802868,-24.54455,83.69106,148.1507,197.1956
144.5191,1,-168.6413,3.0058,-24.80597,345.4263,284.4018,146.5796,1,-168.8877,2.824413,-24.7138,84.45465,144.6074,193.9602
144.6289,1,-168.6397,2.998884,-24.90729,343.5956,286.806,145.062,1,-168.9081,2.829317,-24.82486,85.86805,215.6853,268.1575
144.7409,1,-168.6462,2.995338,-24.97008,339.7969,286.0976,145.451,1,-168.9122,2.829456,-24.88611,81.43466,236.0406,286.9985
144.8512,1,-168.6544,2.989818,-24.98552,339.8788,283.554,144.9335,1,-168.9126,2.825737,-24.89882,78.70767,230.8822,281.5169
144.9575,1,-168.6546,2.98662,-24.98618,340.9871,281.8383,143.9828,1,-168.9134,2.82517,-24.90069,77.74173,232.7522,282.8888
145.0656,1,-168.6583,2.989876,-24.98608,344.442,280.5338,143.7949,1,-168.8986,2.812353,-24.90838,77.61907,234.3946,277.5957
145.1729,1,-168.7237,3.063291,-24.98221,357.7435,304.3779,149.9498,1,-168.8235,2.742961,-24.88878,80.72308,121.7178,158.5315
145.2876,1,-168.7747,3.054013,-24.98358,3.642222,297.0729,160.3364,1,-168.7844,2.731843,-24.86157,70.17625,118.2388,162.8707
145.3968,1,-168.827,3.033738,-24.96556,12.41334,297.5527,162.4083,1,-168.7552,2.737658,-24.84345,54.24921,49.0587,110.932
145.5066,1,-168.8589,3.021513,-24.92089,29.1514,313.812,177.3278,1,-168.7303,2.760655,-24.80598,49.13134,54.63153,137.4495
145.6077,1,-168.8677,3.004415,-24.93428,36.89306,315.2883,183.6508,1,-168.7403,2.768225,-24.81112,56.02016,56.09823,136.6654
145.717,1,-168.8534,3.017264,-24.93766,32.87592,310.4662,179.9072,1,-168.7581,2.760727,-24.82236,50.57241,59.33413,143.6391
145.8269,1,-168.852,3.01711,-24.94068,35.06588,313.948,180.6293,1,-168.7874,2.74971,-24.8334,45.47589,62.10643,156.8831
145.9421,1,-168.859,3.00882,-24.94601,36.91054,317.2506,182.6103,1,-168.7921,2.753316,-24.85229,42.30292,57.36187,150.8747
146.0553,1,-168.8649,3.00674,-24.97458,35.93597,317.1873,183.8434,1,-168.7855,2.756852,-24.87636,46.52042,50.44001,142.3593
146.1691,1,-168.874,2.997577,-25.01826,37.25472,320.191,186.7459,1,-168.7806,2.764626,-24.9194,51.71052,36.60886,128.3636
146.286,1,-168.8782,2.997032,-25.08377,37.53082,322.3262,187.3001,1,-168.7916,2.761591,-24.98769,48.64677,41.22877,134.2676
146.3961,1,-168.8854,2.997252,-25.18039,37.45916,322.9033,187.1729,1,-168.8381,2.742279,-25.08127,21.9481,65.56024,160.388
146.5055,1,-168.897,2.997057,-25.30638,37.20615,322.9498,187.228,1,-168.8499,2.753262,-25.2,33.03609,59.90067,157.0082
146.615,1,-168.9137,2.988961,-25.46193,41.32671,329.8428,191.0096,1,-168.8518,2.762828,-25.35743,34.10942,54.79944,155.111
146.7219,1,-168.9332,2.986474,-25.64701,39.41457,333.2729,193.4032,1,-168.8601,2.766839,-25.55468,36.33112,50.59582,150.1469
146.8288,1,-168.9531,2.995521,-25.88961,36.35286,330.7957,190.9926,1,-168.8938,2.768596,-25.77645,34.79032,54.38607,152.7568
146.937,1,-168.9723,3.011306,-26.16262,33.24818,322.7324,183.8932,1,-168.9508,2.771904,-26.03234,34.38917,58.18567,152.7213
147.0465,1,-168.969,3.021489,-26.46943,21.62414,312.2695,163.6105,1,-169.045,2.766119,-26.33188,53.90927,56.57919,149.714
147.1564,1,-168.9868,3.036707,-26.79932,14.06387,303.43,158.2594,1,-169.0993,2.776152,-26.6571,56.0218,57.21795,145.8687
147.2659,1,-169.0252,3.039732,-27.14273,18.53423,303.2179,158.6982,1,-169.1361,2.778836,-27.00933,57.6381,54.82937,134.9935
147.3749,1,-169.0805,3.03706,-27.51795,19.47369,300.0623,158.3385,1,-169.1801,2.776707,-27.38685,57.92491,56.5308,128.1874
147.4818,1,-169.1275,3.034029,-27.92207,16.01292,297.9091,156.2937,1,-169.2322,2.775151,-27.78663,62.09164,67.98967,136.0403
147.59,1,-169.1498,3.030331,-28.34473,12.06736,289.6108,147.4601,1,-169.3108,2.819585,-28.21527,77.10461,87.60691,143.5061
147.6975,1,-169.1839,3.029073,-28.78999,358.8429,290.0283,148.7143,1,-169.4044,2.852884,-28.65851,80.26908,315.897,10.76572
147.8043,1,-169.2423,3.039287,-29.22492,350.5634,288.5248,158.7612,1,-169.4915,2.845688,-29.1213,75.46072,306.2733,2.111934
147.9129,1,-169.3145,3.026833,-29.6761,354.8892,287.1649,157.5314,1,-169.5715,2.840273,-29.57627,76.56023,292.4852,348.9935
148.0152,1,-169.3852,3.00493,-30.1376,347.7129,286.7841,153.0813,1,-169.6655,2.864477,-30.03991,78.33096,256.3075,315.052
148.1205,1,-169.4504,2.976521,-30.58301,335.9658,282.1979,151.3979,1,-169.764,2.90209,-30.49348,70.67697,267.6385,330.6447
148.2277,1,-169.52,2.957176,-30.97287,334.0155,280.2609,151.8467,1,-169.8418,2.906034,-30.89139,65.78329,252.0055,312.4238
148.3362,1,-169.5863,2.960948,-31.32166,333.9016,282.16,151.9201,1,-169.9034,2.876155,-31.25393,61.39113,269.015,324.6235
148.4452,1,-169.6501,2.972948,-31.62476,334.8152,282.2139,152.9527,1,-169.9524,2.867348,-31.54601,66.69054,267.2207,323.6426
148.5473,1,-169.7053,2.981665,-31.88281,337.3276,283.0836,152.971,1,-170.0011,2.851453,-31.79721,72.99648,252.3383,308.8959
148.6552,1,-169.7448,2.980164,-32.09185,338.3215,284.0059,152.369,1,-170.0409,2.852887,-32.00034,72.19531,253.8114,309.9683
148.7647,1,-169.7713,2.979433,-32.25051,338.1454,285.8519,151.7807,1,-170.0715,2.855748,-32.15462,72.61779,255.8708,312.1918
148.8755,1,-169.7805,2.979622,-32.36366,336.4151,294.1598,149.9977,1,-170.0931,2.856664,-32.2612,73.27979,256.366,313.0273
148.984,1,-169.7801,2.968658,-32.42472,330.9047,297.0945,146.9456,1,-170.1059,2.858447,-32.32081,73.76486,257.8073,314.9654
149.0914,1,-169.7807,2.940289,-32.45945,328.1506,299.1586,140.1511,1,-170.1147,2.860876,-32.35517,73.16502,259.8484,317.4702
149.2005,1,-169.7877,2.927389,-32.48555,326.9227,300.4171,137.8365,1,-170.1219,2.863452,-32.39176,71.49377,261.7871,319.3348
149.3086,1,-169.8,2.918491,-32.53003,327.0634,302.7825,131.4834,1,-170.1302,2.870291,-32.43359,71.93764,260.6587,318.1229
149.4088,1,-169.8071,2.916945,-32.58323,327.1663,301.1308,134.181,1,-170.1412,2.872847,-32.4853,71.87584,260.2576,317.6221
149.5146,1,-169.8194,2.912743,-32.63907,325.5086,299.5422,134.9911,1,-170.1546,2.871543,-32.54636,72.42166,256.5454,313.9365
149.6226,1,-169.8336,2.899086,-32.71107,323.0563,299.2198,133.8286,1,-170.1705,2.869137,-32.62401,72.76144,256.3268,313.6504
149.7251,1,-169.8548,2.888813,-32.80323,319.6876,301.1897,129.4306,1,-170.1892,2.866876,-32.71989,72.50593,257.0896,314.281
149.8319,1,-169.8807,2.885806,-32.92205,318.373,301.5575,128.1847,1,-170.214,2.868811,-32.84267,71.98472,255.1236,312.1936
149.9375,1,-169.9096,2.884192,-33.0671,317.6442,302.0891,128.13,1,-170.2444,2.873213,-32.98726,70.61086,250.9699,308.8314
150.0456,1,-169.9429,2.883997,-33.23352,316.9814,302.6516,128.4167,1,-170.2796,2.874662,-33.15473,69.54932,250.3389,308.6686
150.1479,1,-169.9814,2.882855,-33.42358,316.4518,302.4395,128.9202,1,-170.3192,2.876632,-33.34604,69.27428,250.2412,309.0202
150.2535,1,-170.0264,2.87975,-33.636,315.5164,302.9974,128.1803,1,-170.3638,2.879618,-33.56073,69.22519,250.6725,309.673
150.3634,1,-170.0761,2.880812,-33.8737,315.6422,302.7832,128.1061,1,-170.4571,2.85049,-33.56945,279.7918,4.279519,199.0259
150.4669,1,-170.1309,2.885398,-34.13527,315.7478,302.0149,128.6628,1,-170.5151,2.907459,-33.91654,279.8634,4.893379,198.3783
150.5754,1,-170.1891,2.890708,-34.42194,316.6649,299.8848,130.9311,1,-170.5728,2.88404,-34.16606,279.873,6.736163,196.4142
150.6846,1,-170.2528,2.89437,-34.73058,316.7938,300.1715,131.3864,1,-170.6976,2.794291,-34.57333,280.7203,351.6026,215.438
150.7923,1,-170.3228,2.894563,-35.06209,317.3087,300.1392,131.671,1,-170.7657,2.778725,-34.882,280.6248,353.5432,213.3696
150.902,1,-170.3988,2.893514,-35.41816,317.4776,300.5104,131.229,1,-170.7348,2.867667,-35.33622,69.60683,247.5746,306.9593
151.0123,1,-170.4796,2.893468,-35.79795,317.7699,301.1949,130.8804,1,-170.8159,2.86776,-35.71471,69.65742,247.2832,306.6766
151.1199,1,-170.5669,2.895324,-36.20103,317.7715,301.3196,130.9647,1,-170.9019,2.867501,-36.11713,69.9527,248.1833,307.191
151.2336,1,-170.6711,2.90019,-36.68933,318.2829,301.8075,131.7664,1,-171.0076,2.867064,-36.60451,70.88419,251.3781,309.5385
151.3373,1,-170.7707,2.904448,-37.14029,317.7477,302.2104,132.7627,1,-171.1067,2.867403,-37.05451,71.74104,258.876,315.7252
151.4411,1,-170.8795,2.911782,-37.6141,317.8981,302.8492,132.7344,1,-171.2133,2.869347,-37.52386,70.15318,266.3309,323.9439
151.5476,1,-170.99,2.914479,-38.11154,318.5314,303.537,132.7457,1,-171.3261,2.873208,-38.0163,71.09253,262.9366,322.6183
151.6562,1,-171.1071,2.913348,-38.63266,319.3791,305.6967,131.4337,1,-171.4427,2.872838,-38.53313,70.97062,259.3583,319.3195
151.7639,1,-171.2312,2.914837,-39.1757,319.1104,305.7332,131.8155,1,-171.5676,2.872806,-39.07582,71.24593,260.3814,319.9578
151.8712,1,-171.3626,2.916603,-39.74126,319.2104,306.2729,132.1491,1,-171.7001,2.873303,-39.63866,71.34962,261.5781,321.4018
151.9729,1,-171.5053,2.905893,-40.32953,319.8372,303.779,133.5682,1,-171.8399,2.876503,-40.22561,71.1944,261.4283,321.15
152.0799,1,-171.6529,2.897082,-40.93022,318.2439,300.3027,135.0829,1,-171.986,2.881403,-40.83338,70.91403,261.2016,320.8037
152.1887,1,-171.7937,2.887204,-41.48859,317.1006,296.1697,135.7872,1,-172.1235,2.880056,-41.39244,70.01862,262.1158,321.7935
152.2962,1,-171.9161,2.874795,-41.96904,317.7473,297.8404,129.4628,1,-172.2402,2.877459,-41.87473,67.32549,260.5621,319.7884
152.4051,1,-172.0094,2.876269,-42.34351,317.6552,295.4399,131.6857,1,-172.33,2.881841,-42.25203,66.3587,261.793,319.5981
152.5146,1,-172.0626,2.881843,-42.55493,317.2065,291.3929,137.1636,1,-172.3848,2.880726,-42.46404,66.35921,261.9656,320.1181
152.6264,1,-172.0834,2.885204,-42.63688,317.4456,292.4334,136.3285,1,-172.4051,2.877153,-42.54646,66.31673,261.6468,319.6526
152.7319,1,-172.0879,2.886271,-42.65356,317.3947,292.2944,136.5175,1,-172.4097,2.876292,-42.56368,66.08678,261.2623,319.0831
152.8383,1,-172.0866,2.886521,-42.64781,317.1339,292.2369,136.6714,1,-172.4081,2.877574,-42.55712,66.29971,261.1637,319.0174
152.94,1,-172.0762,2.886394,-42.60733,317.2853,292.4934,136.4289,1,-172.3966,2.876312,-42.51688,66.92151,260.0661,317.0665
153.0483,1,-172.0545,2.888048,-42.52658,317.5189,293.8812,135.755,1,-172.3762,2.871179,-42.439,67.74252,255.7979,311.705
153.1504,1,-172.025,2.892373,-42.40724,317.208,294.8002,135.4509,1,-172.3484,2.873301,-42.32156,68.65448,254.994,312.197
153.256,1,-171.9866,2.891334,-42.25764,317.6915,296.0419,134.3633,1,-172.3105,2.873552,-42.16957,69.18713,254.0413,311.7619
153.3656,1,-171.9373,2.890898,-42.06387,318.2458,296.7923,133.726,1,-172.2621,2.872272,-41.97482,69.66503,253.5269,311.4084
153.4689,1,-171.8772,2.891657,-41.82159,318.2888,296.5778,133.8988,1,-172.2027,2.871572,-41.73278,69.92153,252.4303,310.6082
153.5703,1,-171.806,2.891495,-41.53202,318.563,296.5039,133.8715,1,-172.1313,2.872206,-41.44279,70.12824,252.3529,310.9686
153.678,1,-171.7225,2.891866,-41.19275,318.3805,296.7921,133.7746,1,-172.0486,2.871607,-41.10498,70.61856,250.9926,310.0202
153.7892,1,-171.6279,2.89167,-40.80563,318.5374,297.0448,133.5431,1,-171.9546,2.871788,-40.71883,70.87153,250.6455,309.9675
153.8909,1,-171.5222,2.889414,-40.36872,318.5251,296.9048,133.2423,1,-171.8492,2.873611,-40.28204,70.71555,250.4905,309.9762
153.9935,1,-171.412,2.865787,-39.87819,316.5204,295.5036,128.8988,1,-171.7652,2.860983,-39.57823,279.6569,14.5725,189.5206
154.0967,1,-171.292,2.841521,-39.33924,308.6241,300.6791,118.2778,1,-171.6892,2.893387,-39.15385,281.1537,20.32117,177.1965
154.2003,1,-171.1535,2.857387,-38.766,310.4331,298.1415,123.6026,1,-171.5545,2.867454,-38.53818,281.265,21.4983,175.7825
154.3078,1,-170.9985,2.940107,-38.14975,318.571,297.2432,138.5895,1,-171.409,2.867696,-37.91467,281.5304,24.26927,172.535
154.4078,1,-170.8679,2.980927,-37.49585,350.0482,282.1629,140.6211,1,-171.2541,2.867898,-37.24505,281.7769,26.41597,169.9313
154.5132,1,-170.7563,3.017618,-36.76971,339.5645,286.7347,143.3271,1,-170.9307,2.791543,-36.61944,77.58063,35.67192,93.77641
154.6217,1,-170.6311,3.010062,-35.99755,351.0918,295.1086,136.4525,1,-170.7263,2.7622,-35.8463,60.87066,63.22714,131.6923
154.7237,1,-170.4804,3.009778,-35.17213,353.5114,309.8684,144.5328,1,-170.5174,2.754022,-35.03577,41.86607,69.3737,149.8977
154.8275,1,-170.3195,3.000182,-34.31506,3.529518,308.2018,150.1546,1,-170.3354,2.756445,-34.1837,38.7566,63.40666,149.6717
154.9362,1,-170.1416,2.987575,-33.42766,0.7153827,302.1823,144.2592,1,-170.1617,2.765388,-33.28804,39.65475,67.9053,148.0468
155.0368,1,-169.9602,2.98827,-32.48418,0.5586893,300.1096,143.2032,1,-170.0061,2.768059,-32.34013,42.1194,65.94387,147.6448
155.1437,1,-169.7879,2.990981,-31.49221,357.9621,295.6216,143.2752,1,-169.8693,2.770857,-31.34535,50.19798,66.23325,149.3481
155.2495,1,-169.6296,2.995596,-30.44448,353.5127,291.507,144.1304,1,-169.742,2.774032,-30.30374,56.26691,68.69047,149.088
155.3578,1,-169.4871,2.991711,-29.35212,351.6003,292.3324,142.7471,1,-169.625,2.775911,-29.21671,58.20079,63.9308,145.1482
155.4661,1,-169.383,2.993438,-28.20912,351.506,292.1979,143.2609,1,-169.5115,2.773934,-28.07708,57.89727,61.46094,143.7954
155.5752,1,-169.2928,2.994471,-27.01747,348.9766,291.3698,142.1468,1,-169.425,2.774545,-26.89166,59.76854,58.35174,140.3372
155.683,1,-169.1913,2.978754,-25.77742,340.714,275.4475,131.4604,1,-169.381,2.792937,-25.66355,65.04843,66.77744,142.0854
155.7863,1,-169.0978,2.946425,-24.49099,336.6711,255.4418,140.8936,1,-169.3797,2.856956,-24.40919,78.64621,257.7579,316.435
155.893,1,-169.05,2.895535,-23.11567,316.626,249.6363,160.0826,1,-169.3834,2.904574,-23.13633,64.33163,242.5458,304.3306
156.0007,1,-169.0615,2.858856,-21.73367,305.144,253.3749,160.5252,1,-169.3861,2.9458,-21.78692,58.42951,251.0049,316.2651
156.1088,1,-169.0898,2.841368,-20.31083,309.4495,257.3529,156.6615,1,-169.4063,2.953682,-20.37514,52.37636,253.1214,323.8979
156.2166,1,-169.1246,2.837947,-18.85749,308.1796,253.2017,162.4194,1,-169.4314,2.953352,-18.93465,47.87807,248.6479,320.1508
156.3215,1,-169.1541,2.854566,-17.37155,302.6752,254.4867,163.1007,1,-169.4638,2.939786,-17.44706,48.00343,250.8068,319.0809
156.4326,1,-169.1871,2.882675,-15.86315,296.1305,299.2646,118.3612,1,-169.5103,2.903591,-15.91087,52.90189,251.3346,317.8511
156.5437,1,-169.2221,2.888422,-14.3166,298.2272,281.703,135.3544,1,-169.545,2.907449,-14.35609,55.14109,249.738,316.4807
156.6603,1,-169.2521,2.885277,-12.7445,301.9671,276.8404,142.3333,1,-169.5744,2.912649,-12.78435,56.57035,250.7838,317.737
156.7761,1,-169.286,2.885462,-11.17453,301.1782,277.8719,141.64,1,-169.6089,2.912063,-11.21347,56.88709,250.939,318.2043
156.8769,1,-169.3173,2.887923,-9.880171,301.0457,278.0203,141.3167,1,-169.6412,2.909276,-9.915555,56.80245,250.8639,318.1313
156.9911,1,-169.3549,2.887998,-8.442642,301.3855,278.1645,141.1057,1,-169.6801,2.907488,-8.477781,56.77866,250.7916,318.1874
157.1065,1,-169.3924,2.88634,-7.103253,302.0564,279.7943,139.707,1,-169.7171,2.907843,-7.140433,57.12271,251.3397,318.4456
157.2238,1,-169.429,2.886001,-5.885879,302.7578,280.3227,139.2804,1,-169.7552,2.906666,-5.92379,57.00193,251.1329,318.4196
157.3342,1,-169.4655,2.886712,-4.791944,302.5791,280.2257,139.1275,1,-169.7917,2.90592,-4.82987,56.8945,250.9377,318.3355
157.4462,1,-169.4995,2.88677,-3.821954,302.6813,280.1976,138.8898,1,-169.8255,2.904827,-3.859672,56.95236,250.7562,318.1802
157.5464,1,-169.526,2.886543,-3.089766,302.7419,280.228,138.7009,1,-169.8519,2.904484,-3.12748,56.97285,250.6347,318.0664
157.6564,1,-169.5536,2.886309,-2.353949,302.9264,280.3903,138.1362,1,-169.88,2.903031,-2.392455,57.0751,249.8695,317.4177
157.7717,1,-169.5773,2.886287,-1.745524,303.1651,280.1848,138.1769,1,-169.9043,2.90263,-1.784143,57.02579,249.585,317.3532
157.873,1,-169.5939,2.886192,-1.326848,303.1098,280.3638,137.933,1,-169.9208,2.902815,-1.365844,57.09129,249.5838,317.3859
157.9753,1,-169.606,2.883942,-1.005617,303.3125,280.8618,137.3258,1,-169.935,2.9015,-1.043487,57.36951,248.2661,316.5807
158.0778,1,-169.6143,2.882174,-0.7814955,303.6788,280.9406,137.1035,1,-169.9458,2.90008,-0.8188217,58.09929,245.2167,314.9999
158.1802,1,-169.618,2.87994,-0.653383,304.1914,281.446,136.6834,1,-169.9504,2.899653,-0.6907306,58.09363,246.034,315.4921
158.2822,1,-169.6181,2.877352,-0.6208382,304.6199,282.6092,135.9566,1,-169.9518,2.89917,-0.6581126,58.17725,245.6991,315.3371
158.3852,1,-169.6146,2.873714,-0.6720524,305.5785,287.1615,132.3693,1,-169.9495,2.898074,-0.7096711,58.19828,245.5399,315.1867
158.4898,1,-169.6077,2.870692,-0.7972862,306.8804,289.8042,129.849,1,-169.944,2.896406,-0.8346753,58.31325,244.198,313.9396
158.6019,1,-169.5994,2.865851,-1.000669,309.2869,288.8879,127.4954,1,-169.9361,2.896433,-1.032998,58.24283,244.5689,314.4229
158.7162,1,-169.5864,2.866449,-1.277042,309.2339,287.4789,129.4021,1,-169.9246,2.896737,-1.308448,58.2701,244.6797,314.5851
158.8184,1,-169.5726,2.869276,-1.576485,309.285,287.6713,131.2621,1,-169.9128,2.896044,-1.608783,58.21338,244.6205,314.6504
158.9311,1,-169.5545,2.896978,-2.005548,308.8875,289.4898,131.0618,1,-169.8935,2.877938,-2.024794,57.88417,245.7934,315.2972
159.0476,1,-169.5373,2.933284,-2.524388,311.9448,287.194,135.8681,1,-169.8677,2.84445,-2.516544,69.72791,256.1583,324.5218
159.1505,1,-169.5277,2.961109,-3.030594,313.4615,275.4749,152.5321,1,-169.8345,2.826326,-2.998675,76.50638,266.0307,333.9857
159.2601,1,-169.5162,2.978117,-3.689039,326.7298,274.0905,152.1087,1,-169.8049,2.817481,-3.640637,76.52996,277.4022,345.0012
159.3705,1,-169.4944,2.979119,-4.418827,330.7652,273.3745,153.0101,1,-169.7844,2.8112,-4.361864,72.10367,278.9155,346.3083
159.4819,1,-169.4729,2.97418,-5.214272,327.8751,275.0378,152.075,1,-169.7661,2.816532,-5.156952,73.17506,286.4376,353.0075
159.5942,1,-169.4539,2.9666,-6.076255,327.055,276.2941,151.5025,1,-169.7545,2.82411,-6.017509,75.68035,290.5772,356.6168
159.7112,1,-169.4363,2.938816,-6.996203,323.6932,275.3927,151.2135,1,-169.7553,2.843675,-6.943129,77.36185,266.5329,332.3427
159.8218,1,-169.4302,2.918165,-7.961883,318.6436,280.0727,146.1211,1,-169.7652,2.860308,-7.927791,75.37288,247.0609,315.0455
159.9371,1,-169.4395,2.912204,-8.995446,318.9207,281.3147,144.4307,1,-169.7676,2.86032,-8.961763,72.97509,257.9273,322.6837
160.054,1,-169.4559,2.919114,-10.0607,318.4014,281.3382,144.7696,1,-169.7825,2.858475,-10.02533,71.0954,260.8515,325.666
160.162,1,-169.4764,2.922709,-11.15675,318.505,281.754,144.9589,1,-169.8021,2.85624,-11.12033,71.93462,260.1039,324.7576
160.2719,1,-169.5034,2.924422,-12.27523,318.5787,282.092,145.0705,1,-169.8284,2.855639,-12.2368,72.30038,259.8397,324.3848
160.3815,1,-169.5379,2.925045,-13.41154,318.6232,282.3674,145.1537,1,-169.8616,2.85608,-13.37045,72.20245,260.807,325.0126
160.4912,1,-169.5793,2.923694,-14.56925,318.5605,282.812,145.1296,1,-169.9038,2.856676,-14.52454,73.04456,259.7199,324.1992
160.6026,1,-169.6294,2.923265,-15.74423,318.6285,283.3078,145.0279,1,-169.9544,2.85694,-15.69845,73.97875,258.1487,322.8599
160.718,1,-169.6871,2.922095,-16.92776,318.6869,283.6977,144.9292,1,-170.012,2.857476,-16.87908,74.33102,258.8496,323.2665
160.8282,1,-169.7533,2.922764,-18.11475,318.7325,284.2159,144.8342,1,-170.0773,2.858258,-18.06403,74.24905,259.5306,323.5756
160.9348,1,-169.8269,2.922622,-19.30707,318.8714,284.5648,144.7769,1,-170.1508,2.857788,-19.2539,74.09567,259.6085,323.2841
161.0443,1,-169.9076,2.92133,-20.50362,318.8809,285.0724,144.6419,1,-170.232,2.858048,-20.44802,74.05463,260.0799,323.364
161.1479,1,-169.9966,2.92056,-21.70346,318.9941,285.6876,144.312,1,-170.3211,2.858556,-21.64544,74.40105,259.0431,322.1256
161.2598,1,-170.0935,2.919617,-22.90743,318.8268,286.0037,144.3943,1,-170.4185,2.858135,-22.84786,74.59219,256.8922,319.6644
161.3714,1,-170.1989,2.916074,-24.11306,318.0234,286.9435,143.6154,1,-170.5253,2.859237,-24.05509,75.41039,247.1186,310.4826
161.4818,1,-170.3103,2.902984,-25.32417,316.5692,291.244,138.2006,1,-170.6422,2.86383,-25.26662,74.13258,246.6859,309.986
161.5917,1,-170.4302,2.889194,-26.53931,315.7756,293.7919,134.4006,1,-170.7647,2.874732,-26.47907,72.12367,248.3393,311.5744
161.7012,1,-170.5623,2.872568,-27.74708,312.9008,299.7929,127.4109,1,-170.8952,2.892409,-27.70469,69.33492,245.2741,308.9114
161.8086,1,-170.7026,2.851544,-28.96208,311.1403,302.3111,122.565,1,-171.0354,2.903118,-28.93604,66.84396,243.4845,307.6537
161.9137,1,-170.8472,2.835968,-30.17971,309.967,301.3527,123.2953,1,-171.2389,2.808282,-29.87195,279.6831,3.661204,193.8821
162.0281,1,-171.0151,2.83569,-31.57388,303.9121,302.098,122.2527,1,-171.5419,2.605022,-31.32301,278.2635,6.687827,188.9506
162.1331,1,-171.1586,2.840205,-32.80741,301.8704,304.157,121.515,1,-171.7458,2.384651,-32.32467,278.295,6.747197,188.9656
162.2413,1,-171.3011,2.850409,-34.04766,302.577,305.2854,121.2341,1,-171.9649,2.079923,-33.21351,278.3093,6.846459,188.8583
162.3498,1,-171.4646,2.86332,-35.47215,303.7893,305.1101,122.048,1,-171.8055,2.898051,-35.45978,57.33994,242.9116,310.6505
162.4541,1,-171.6117,2.865854,-36.71981,305.5494,304.27,123.643,1,-171.9551,2.894578,-36.70439,59.57932,240.4973,308.9463
162.5589,1,-171.7649,2.868435,-37.96986,305.7,303.9258,123.9092,1,-172.1048,2.89017,-37.95035,61.03258,239.8548,307.0007
162.668,1,-171.9184,2.863548,-39.2217,306.0606,304.0409,123.795,1,-172.2578,2.894013,-39.20208,61.44059,240.7948,307.7983
162.7706,1,-172.076,2.846766,-40.47956,306.9758,305.5164,121.8083,1,-172.4126,2.905014,-40.46119,61.34806,242.9771,309.7685
162.8768,1,-172.2423,2.842015,-41.73144,306.4402,305.8691,120.882,1,-172.5747,2.913364,-41.72276,60.51641,242.6243,309.9902
162.9875,1,-172.4129,2.835,-42.98667,303.5569,306.937,118.0369,1,-172.7353,2.927279,-42.9903,58.20521,245.0306,313.6162
163.0889,1,-172.5814,2.827424,-44.25435,301.9502,307.7966,116.5718,1,-172.8997,2.933853,-44.25949,56.1701,247.7392,317.1259
163.1914,1,-172.7504,2.823735,-45.52731,299.9933,308.3986,115.0962,1,-173.067,2.935711,-45.53504,53.96671,245.5112,315.2535
163.296,1,-172.9169,2.820012,-46.80367,298.294,311.9079,111.9394,1,-173.2325,2.937612,-46.81149,52.53341,245.6315,315.1432
163.4077,1,-173.1099,2.820529,-48.26382,297.3384,312.5437,110.8131,1,-173.421,2.939314,-48.27838,52.21531,246.0873,315.4406
163.5105,1,-173.2828,2.811444,-49.54651,295.3949,312.5511,108.684,1,-173.5835,2.944958,-49.57117,49.74615,248.5478,317.1811
163.6182,1,-173.4612,2.792241,-50.83236,290.4249,314.8513,102.3327,1,-173.741,2.964455,-50.8663,44.73368,251.0588,320.7971
163.7323,1,-173.6615,2.78187,-52.30447,283.9709,322.1264,93.18223,1,-173.9193,2.983822,-52.35225,38.94656,250.3047,323.3012
163.8348,1,-173.8312,2.773312,-53.59868,276.8474,327.8978,87.64495,1,-174.0677,2.991929,-53.66488,34.41316,251.099,324.5934
163.9425,1,-174.0011,2.767442,-54.88695,282.6149,98.48593,322.8951,1,-174.1973,3.010202,-54.97176,26.6863,253.495,327.1888
164.0538,1,-174.2057,2.778179,-56.35554,297.495,135.4817,290.6015,1,-174.3279,3.030168,-56.47795,15.70894,251.9406,328.3405
164.1612,1,-174.3502,2.770364,-57.66677,297.7746,127.641,300.6473,1,-174.4317,3.048481,-57.80468,5.010374,251.0644,334.0058
164.2747,1,-174.4898,2.779855,-59.17831,298.8532,131.4053,296.2669,1,-174.566,3.044736,-59.3176,3.431498,251.7334,333.8307
164.3814,1,-174.5639,2.781558,-60.50374,303.4123,116.2445,313.7318,1,-174.6904,3.036454,-60.64378,10.25103,248.7053,331.8981
164.4958,1,-174.6157,2.777279,-62.0518,298.947,116.7481,311.565,1,-174.813,3.011547,-62.16401,22.20505,248.9805,326.2655
164.6035,1,-174.6783,2.787128,-63.39397,290.0992,119.8423,306.372,1,-174.8861,2.996343,-63.50111,22.59624,244.0303,321.8799
164.7074,1,-174.7318,2.784419,-64.73454,288.3347,129.7238,295.8232,1,-174.9142,3.009544,-64.85114,21.39364,245.2299,324.539
164.8132,1,-174.7438,2.793479,-66.08886,285.5467,124.5493,297.8934,1,-174.9513,2.997564,-66.19033,29.08566,248.4808,323.4435
164.9188,1,-174.7216,2.851481,-67.46115,272.5651,280.8381,130.6992,1,-175.0093,2.944899,-67.5361,41.68944,251.4691,322.511
165.0276,1,-174.6969,2.878496,-68.84219,290.5291,297.6226,115.2996,1,-175.0251,2.894994,-68.87022,51.02905,250.0286,320.6063
165.1416,1,-174.6869,2.923702,-70.40343,291.2135,293.7804,125.1782,1,-175.0085,2.85745,-70.41486,61.75309,243.4828,310.5526
165.2466,1,-174.6846,2.913639,-71.77592,292.0797,280.5537,138.3816,1,-174.9972,2.870051,-71.79012,62.31765,245.5452,312.8004
165.347,1,-174.6841,2.901417,-73.14472,292.7985,282.0192,136.8128,1,-174.9971,2.882452,-73.16524,61.54385,242.9238,312.0998
165.4536,1,-174.6873,2.887979,-74.52419,291.9372,285.7577,132.938,1,-175.0048,2.891197,-74.54314,60.32589,242.5522,312.5582
165.5549,1,-174.6981,2.883619,-75.90717,291.6374,285.6948,133.0029,1,-175.0143,2.895599,-75.9277,60.03713,241.654,312.3667
165.6613,1,-174.7159,2.858807,-77.29168,288.4384,286.1498,130.6528,1,-175.0259,2.911859,-77.31808,57.8165,239.7451,310.7707
165.7639,1,-174.7352,2.842757,-78.67397,287.5616,288.4826,127.9501,1,-175.0339,2.938417,-78.71553,52.67839,244.3947,315.2306
165.8692,1,-174.7534,2.849956,-80.06831,286.1766,289.895,127.0948,1,-175.0527,2.931046,-80.10673,51.71865,246.1434,315.9279
165.9697,1,-174.7719,2.854085,-81.46619,286.0146,288.1823,129.0568,1,-175.0739,2.927658,-81.50426,51.29166,246.0408,315.5037
166.0743,1,-174.7921,2.847977,-82.86833,285.5457,287.8809,129.7471,1,-175.0916,2.932405,-82.91022,49.34455,245.8888,314.8429
166.1872,1,-174.8311,2.808803,-84.47301,273.2576,312.6988,104.79,1,-175.1029,2.958787,-84.54023,42.59526,243.2909,313.869
166.2937,1,-174.9127,2.771386,-85.85641,292.7787,120.3635,296.856,1,-175.076,3.024264,-85.96642,23.74732,246.6037,324.8847
166.4043,1,-174.976,2.760408,-87.44677,302.277,125.4114,301.9859,1,-175.0376,3.059943,-87.59404,358.9308,244.3701,332.5468
166.5158,1,-175.0209,2.771348,-89.05868,323.1515,110.2057,328.8446,1,-174.97,3.062941,-89.20607,346.5589,242.8339,343.0439
166.6305,1,-175.0027,2.765927,-90.69618,320.4324,133.1438,331.3103,1,-174.8874,3.045974,-90.81144,331.8426,232.3293,353.8146
166.7328,1,-174.9622,2.784397,-92.13361,315.1458,131.0796,324.7287,1,-174.8387,3.008928,-92.23235,327.9358,224.1802,350.2369
166.8444,1,-174.8598,2.805969,-93.78388,300.2114,157.3303,304.0661,1,-174.7399,2.996852,-93.85474,324.5358,220.2643,355.5897
166.9557,1,-174.6703,2.80736,-95.43849,285.0016,175.7453,303.5239,1,-174.5943,2.983197,-95.48601,319.8146,212.5873,359.3483
167.0585,1,-174.49,2.795338,-96.88033,277.7107,223.7619,257.1737,1,-174.4217,2.976736,-96.91229,318.6169,206.3603,2.620189
167.1702,1,-174.1394,2.838127,-98.42516,321.6635,282.3087,189.1213,1,-174.1688,2.945364,-98.53819,316.8112,191.9379,7.770377
167.2809,1,-173.7955,2.95926,-99.96064,321.3854,275.0064,182.0757,1,-173.8559,2.905973,-100.15,307.9983,184.3521,10.53891
167.3922,1,-173.4062,2.980966,-101.5796,318.7413,252.3822,143.7654,1,-173.4745,2.882374,-101.781,309.3748,180.148,4.411262
167.5069,1,-172.935,2.943942,-103.3031,317.7567,269.4073,123.4712,1,-173.0417,2.86512,-103.3845,312.9503,181.6337,354.804
167.6114,1,-172.4405,2.866779,-104.791,310.4638,254.7477,161.8015,1,-172.6029,2.897854,-104.8069,339.1303,185.6449,357.0781
167.7226,1,-171.8131,2.937047,-106.3523,307.2129,269.117,140.5801,1,-172.1003,2.892169,-106.4938,1.11941,211.5538,283.6678
167.8239,1,-171.2494,3.001299,-107.6981,336.7724,255.9869,148.5659,1,-171.5111,2.963703,-107.8462,35.9861,246.7377,330.7476
167.9271,1,-170.6427,3.009754,-108.9453,331.8423,256.4945,147.9012,1,-170.8747,2.960507,-109.055,21.84144,238.0757,332.0469
168.0413,1,-169.9104,2.999185,-110.2869,340.8528,257.7005,146.6356,1,-170.1554,2.920187,-110.4051,24.76579,232.0682,330.3967
168.1465,1,-169.2666,2.999132,-111.4093,347.5618,258.5855,137.7377,1,-169.5011,2.887744,-111.5117,36.83162,229.2146,325.714
168.2616,1,-168.5358,2.996789,-112.603,312.3048,211.9868,157.8277,1,-168.7494,2.823855,-112.6808,63.05576,223.1227,318.3312
168.3686,1,-167.8827,2.961289,-113.5428,310.7751,212.9651,171.9318,1,-168.0802,2.791078,-113.6138,76.78512,285.8767,27.82937
168.4793,1,-167.1515,2.950453,-114.6119,330.3584,236.0812,145.2403,1,-167.3481,2.788317,-114.6785,68.37653,275.4566,22.65658
168.5805,1,-166.5295,2.981552,-115.4807,319.2391,239.4358,150.449,1,-166.7536,2.814077,-115.5501,75.45519,318.7048,76.64458
168.6814,1,-165.9335,2.984091,-116.2763,317.388,241.1205,153.1143,1,-166.182,2.868998,-116.3778,80.15506,269.8219,17.26749
168.7836,1,-165.3914,2.967241,-116.9955,315.7188,238.6844,152.91,1,-165.633,2.868386,-117.1245,77.4082,263.0114,11.90738
168.8951,1,-164.8484,2.960937,-117.7236,311.9748,235.6656,153.2798,1,-165.0859,2.860492,-117.8558,73.85314,248.0867,0.3320734
169.0064,1,-164.3585,2.963651,-118.3679,313.6236,235.6198,153.1203,1,-164.5924,2.853605,-118.4955,74.39977,241.6617,353.5672
169.117,1,-163.9003,2.964333,-118.9557,313.4384,235.5963,153.2045,1,-164.1336,2.85192,-119.0848,75.1749,241.3586,353.2454
169.2285,1,-163.5236,2.9644,-119.4342,313.6542,235.4796,153.2425,1,-163.7548,2.850985,-119.5671,75.20921,241.7954,353.8727
169.34,1,-163.32,2.965367,-119.691,315.343,236.7361,153.0961,1,-163.5489,2.849919,-119.8252,74.62349,242.3122,354.1378
169.4506,1,-163.286,2.968399,-119.7326,316.7681,238.1131,153.3711,1,-163.5135,2.847102,-119.8671,74.57789,244.4605,355.9084
169.5622,1,-163.2863,2.96991,-119.7304,317.1451,238.5186,153.919,1,-163.5117,2.849134,-119.8661,72.9362,251.2922,1.526952
169.6729,1,-163.2858,2.969188,-119.731,317.0837,238.5848,153.9387,1,-163.5117,2.849227,-119.8661,73.61233,251.1723,1.92784
169.7838,1,-163.2863,2.969475,-119.7312,317.2043,238.4828,154.0993,1,-163.5119,2.8505,-119.8642,73.13222,251.073,1.857937
169.8953,1,-163.2869,2.970186,-119.7315,317.1912,238.4373,154.2296,1,-163.5116,2.849957,-119.8639,73.21326,251.2099,2.016023
170.0068,1,-163.287,2.971423,-119.7315,317.1117,238.3954,154.351,1,-163.5111,2.849442,-119.8631,73.15691,251.1413,1.757339
170.1083,1,-163.2869,2.97098,-119.7318,316.9059,238.4977,154.1822,1,-163.5109,2.849389,-119.8631,73.06779,250.9654,1.454363
170.2215,1,-163.2867,2.970707,-119.7318,316.9054,238.5994,154.1288,1,-163.5108,2.849282,-119.8644,73.38195,252.7526,3.40004
170.3329,1,-163.287,2.970785,-119.7314,316.8462,238.5516,154.2389,1,-163.5108,2.849644,-119.8651,74.01335,255.4953,6.147941
170.4435,1,-163.2873,2.970784,-119.7313,316.9911,238.464,154.2139,1,-163.5107,2.850313,-119.865,73.60111,256.5193,7.145185
170.5547,1,-163.2873,2.970764,-119.7315,317.0096,238.4242,154.2316,1,-163.511,2.850833,-119.8643,73.61317,257.1864,7.860781
170.6668,1,-163.2874,2.970414,-119.7316,317.1959,238.3524,154.1467,1,-163.5101,2.850699,-119.8637,73.5562,256.8777,7.486604
170.778,1,-163.2869,2.970503,-119.7319,317.0851,238.4343,154.0947,1,-163.5101,2.850863,-119.8633,73.51196,256.647,7.175614
170.8895,1,-163.2872,2.971363,-119.7323,317.2712,238.6134,154.0275,1,-163.5089,2.847364,-119.8626,72.89234,255.5366,5.716284
171,1,-163.2858,2.971416,-119.7326,317.19,238.7114,154.142,1,-163.5097,2.848284,-119.8627,73.22301,256.9644,7.330112
171.1106,1,-163.2878,2.970733,-119.7284,316.662,238.8142,154.3479,1,-163.5128,2.849878,-119.8607,73.50713,257.0682,7.513808
171.2217,1,-163.3163,2.969918,-119.6936,316.3762,238.8857,154.0487,1,-163.5412,2.849651,-119.8261,74.04622,257.2724,7.855269
171.3324,1,-163.3726,2.970229,-119.6224,316.2422,238.8889,154.1864,1,-163.5979,2.849652,-119.7569,73.9179,258.7872,9.68353
171.4433,1,-163.4541,2.970552,-119.5191,316.0932,239.0384,154.2636,1,-163.6788,2.849836,-119.6546,73.813,259.0479,9.838894
171.554,1,-163.5595,2.970244,-119.3869,316.1021,239.0273,154.3235,1,-163.7843,2.849595,-119.5213,74.02799,260.592,11.30696
171.6649,1,-163.6902,2.970103,-119.2217,316.0989,239.079,154.3279,1,-163.9152,2.849331,-119.3552,73.94655,260.6748,11.16787
171.7765,1,-163.847,2.969951,-119.0225,316.2908,239.2025,154.2585,1,-164.0726,2.848567,-119.1552,74.03796,260.0402,10.48511
171.8883,1,-164.0295,2.969999,-118.7898,316.3394,239.3368,154.2509,1,-164.2544,2.847422,-118.9226,73.98406,259.93,10.29303
172,1,-164.2372,2.969938,-118.5234,316.4843,239.4897,154.2629,1,-164.463,2.847821,-118.6548,74.34553,260.8246,10.97439
172.1115,1,-164.4686,2.970087,-118.2245,316.5782,239.6655,154.2809,1,-164.6943,2.847848,-118.3545,74.33794,262.0649,11.87685
172.2225,1,-164.7207,2.969952,-117.8961,316.6535,239.889,154.2691,1,-164.946,2.847585,-118.0251,72.16861,262.71,11.68269
172.3336,1,-164.9939,2.970222,-117.5376,316.7066,240.0642,154.1915,1,-165.2193,2.846358,-117.6666,72.20049,262.1818,11.09862
172.445,1,-165.2877,2.970754,-117.1486,316.7949,240.2886,154.2182,1,-165.5131,2.845025,-117.2779,71.86256,262.4091,11.10734
172.5565,1,-165.6014,2.971576,-116.729,316.9221,240.331,154.5094,1,-165.829,2.848247,-116.857,71.05062,261.2374,9.683864
172.667,1,-165.9338,2.970594,-116.2784,316.6974,240.7082,154.436,1,-166.1659,2.860481,-116.4067,77.15474,257.2556,3.54374
172.7781,1,-166.2862,2.97053,-115.7971,316.6112,241.0266,154.3878,1,-166.5207,2.877211,-115.9308,76.66704,247.382,351.3394
172.8897,1,-166.6569,2.970593,-115.2854,316.6414,241.2434,154.4768,1,-166.8889,2.875225,-115.418,74.64285,247.8651,351.7508
173.0009,1,-167.0449,2.969677,-114.742,316.6116,241.6222,154.3486,1,-167.2793,2.872757,-114.8718,75.14012,246.038,349.9481
173.1117,1,-167.4505,2.967651,-114.1664,315.9343,241.9231,153.9512,1,-167.6886,2.87319,-114.2953,75.1342,243.7641,347.8211
173.2214,1,-167.8741,2.962402,-113.5595,314.6413,239.9655,153.4696,1,-168.1154,2.874688,-113.6857,74.9104,239.5464,343.7195
173.333,1,-168.3139,2.961806,-112.9192,314.1534,239.3632,153.281,1,-168.5561,2.874391,-113.0465,74.85146,239.6021,343.4387
173.4444,1,-168.7687,2.960746,-112.2435,313.7227,239.4401,153.3727,1,-169.0127,2.878481,-112.3694,75.29911,236.6293,340.1618
173.5554,1,-169.2376,2.945007,-111.5287,310.7939,235.2746,155.0366,1,-169.4824,2.89428,-111.6655,75.11177,233.7169,336.3547
173.6592,1,-169.6603,2.931015,-110.8666,311.6196,236.8192,153.6637,1,-169.905,2.906438,-111.0236,68.60379,225.0492,328.3276
173.7603,1,-170.0926,2.931227,-110.1858,314.3465,236.4929,154.6952,1,-170.3409,2.904934,-110.3481,65.41073,227.1432,330.4314
173.8722,1,-170.5917,2.93871,-109.379,314.2584,237.911,154.5142,1,-170.8506,2.899614,-109.5371,67.31249,226.3042,329.079
173.9844,1,-171.1004,2.944544,-108.5347,313.2017,241.1276,153.8359,1,-171.3686,2.898109,-108.6885,67.21166,226.4007,328.395
174.0913,1,-171.5577,2.943498,-107.7649,312.883,242.3627,153.3115,1,-171.8299,2.899062,-107.9137,66.99492,226.8081,328.3939
174.2045,1,-172.0912,2.942206,-106.8473,313.1094,243.7696,152.1381,1,-172.3641,2.897066,-106.9954,65.79165,224.5698,325.8669
174.3118,1,-172.5643,2.940504,-106.0148,312.8525,244.6815,150.9414,1,-172.8373,2.886493,-106.169,66.30315,214.8312,315.7583
174.4152,1,-173.0397,2.940163,-105.1514,312.8492,245.0641,150.8649,1,-173.3141,2.888053,-105.3063,66.14967,219.748,319.4129
174.524,1,-173.5108,2.939184,-104.2691,312.7846,245.5621,150.826,1,-173.789,2.889734,-104.4196,66.66626,219.0502,319.2758
174.633,1,-173.9774,2.937843,-103.368,312.9843,246.2372,150.7308,1,-174.2595,2.889465,-103.5154,66.87802,218.599,318.3769
174.7421,1,-174.4241,2.938238,-102.4803,312.9022,246.8752,150.8508,1,-174.7076,2.890506,-102.6239,66.86562,220.3567,319.2834
174.8508,1,-174.8367,2.938843,-101.6304,312.9994,247.5911,151.0532,1,-175.125,2.892814,-101.77,67.03905,221.358,319.8066
174.9539,1,-175.2079,2.937416,-100.819,312.8874,251.2062,150.7546,1,-175.5101,2.893457,-100.9575,67.0086,222.4454,320.2215
175.062,1,-175.5415,2.931533,-100.0559,311.0495,255.8833,149.8544,1,-175.8664,2.894631,-100.1864,67.51854,222.5531,319.9764
175.1644,1,-175.8635,2.91656,-99.33105,313.7758,259.3798,144.7477,1,-176.1951,2.896018,-99.45676,68.22285,221.7433,319.4561
175.2719,1,-176.1616,2.914816,-98.64374,312.4806,267.8101,138.3792,1,-176.4973,2.895647,-98.76884,69.15561,219.0627,317.0292
175.3822,1,-176.4714,2.913177,-97.91366,311.0896,266.9732,139.8302,1,-176.8134,2.895554,-98.03729,71.94846,208.8112,308.3315
175.4877,1,-176.7192,2.910317,-97.32126,310.1786,268.493,138.4413,1,-177.0634,2.891405,-97.44585,74.23548,206.9394,306.9614
175.5945,1,-176.9453,2.899257,-96.76768,308.7234,270.6288,135.1718,1,-177.2875,2.905424,-96.90742,60.84003,214.3836,314.4574
175.7091,1,-177.2019,2.817012,-96.16077,293.0264,274.3876,125.5457,1,-177.5089,2.958158,-96.34998,49.78082,220.028,321.195
175.8155,1,-177.4266,2.773621,-95.69593,283.4347,60.4323,341.8958,1,-177.6774,2.976326,-95.89578,35.85382,229.0599,329.6788
175.9206,1,-177.6043,2.774389,-95.28844,286.1098,62.56043,342.5716,1,-177.8359,2.964198,-95.48175,37.64441,228.9113,328.3214
176.0282,1,-177.7414,2.792064,-94.9304,290.3098,60.74566,340.6869,1,-177.978,2.955522,-95.11419,38.4697,228.4379,326.9958
176.1295,1,-177.8591,2.80671,-94.61408,293.7997,74.46559,321.1399,1,-178.0996,2.952097,-94.79131,38.80543,227.9886,325.7767
176.2332,1,-177.9561,2.802284,-94.33565,291.7507,72.54131,325.7549,1,-178.2042,2.950611,-94.51311,39.01217,226.9544,324.5786
176.3409,1,-178.0371,2.805378,-94.10244,290.3305,73.39187,325.6111,1,-178.2907,2.949541,-94.27981,38.81781,227.8971,325.4877
176.4533,1,-178.1073,2.813441,-93.88761,287.4773,74.12287,325.8054,1,-178.3689,2.946593,-94.07114,38.70949,228.4912,326.2473
176.5611,1,-178.1252,2.840231,-93.75101,278.5184,314.2887,86.44499,1,-178.4175,2.944451,-93.93925,38.4825,228.1308,325.6096
176.6736,1,-178.1392,2.86439,-93.6686,286.0926,310.0883,93.32902,1,-178.4455,2.954704,-93.84206,36.75518,228.8392,326.2527
176.7803,1,-178.1798,2.839775,-93.63571,281.0976,292.5317,105.8157,1,-178.4446,2.975608,-93.80338,35.00232,229.5519,327.381
176.8917,1,-178.2221,2.801944,-93.64052,275.7491,231.8555,152.6343,1,-178.4213,3.011611,-93.80052,26.37591,232.4574,334.4738
176.9982,1,-178.2314,2.787923,-93.64264,272.9157,350.1852,34.3931,1,-178.4077,3.023631,-93.79849,23.91828,232.0442,335.4409
177.1123,1,-178.2296,2.788242,-93.65201,274.0983,4.936307,20.39774,1,-178.3977,3.019801,-93.80811,21.69484,231.9818,332.6952
177.2156,1,-178.2224,2.783564,-93.668,275.3452,8.337346,17.76514,1,-178.3921,3.015819,-93.82793,18.80824,231.6274,330.734
177.3279,1,-178.2129,2.77842,-93.6918,276.8784,3.929299,24.76859,1,-178.3792,3.017022,-93.85584,16.59268,232.0383,330.7104
177.4336,1,-178.2009,2.780766,-93.72555,277.3105,6.488519,22.75166,1,-178.3666,3.017658,-93.89127,16.19563,232.083,330.9813
177.5459,1,-178.1822,2.781204,-93.77837,277.2189,7.148592,21.77094,1,-178.348,3.017482,-93.94541,15.88644,231.6907,330.951
177.6541,1,-178.1627,2.779683,-93.8371,276.8668,10.18718,18.2726,1,-178.3258,3.018773,-94.00285,14.62876,231.4278,331.0125
177.7616,1,-178.1401,2.774439,-93.91939,276.9448,22.08062,5.346756,1,-178.2924,3.021636,-94.08138,11.69292,231.3016,331.0547
177.8708,1,-178.1094,2.768784,-94.0052,279.3314,27.7671,359.93,1,-178.2574,3.025299,-94.16232,10.94246,231.512,331.5073
177.9778,1,-178.0711,2.767929,-94.11167,281.9536,26.24877,1.258756,1,-178.2199,3.025073,-94.26898,10.80047,230.8759,331.7422
178.0903,1,-178.0183,2.768731,-94.25421,284.1923,22.2848,5.642512,1,-178.1667,3.024789,-94.41376,10.7579,230.6176,331.6392
178.1973,1,-177.9624,2.766652,-94.40329,283.0148,21.61724,6.473161,1,-178.1104,3.025363,-94.56283,10.3451,230.3963,331.8067
178.3084,1,-177.8964,2.763628,-94.60284,283.7986,24.24531,3.214025,1,-178.0314,3.029216,-94.75955,7.303789,229.5855,332.2475
178.4163,1,-177.8302,2.757766,-94.8019,287.9328,24.42074,1.554221,1,-177.9473,3.033664,-94.95853,5.818382,228.473,332.5173
178.5281,1,-177.7356,2.754204,-95.05565,290.6102,20.23705,4.876027,1,-177.8467,3.035124,-95.21213,4.814019,227.7042,332.8735
178.6357,1,-177.6426,2.754095,-95.29735,291.2074,18.00122,8.55078,1,-177.7493,3.035082,-95.45754,5.283303,227.2309,332.7866
178.7491,1,-177.5228,2.755776,-95.60056,291.5533,18.09663,10.55675,1,-177.6233,3.036022,-95.7643,4.70562,226.5201,332.9073
178.857,1,-177.4151,2.752183,-95.89565,291.1784,14.27556,11.67622,1,-177.4975,3.038993,-96.0557,1.261352,226.0247,333.9632
178.9574,1,-177.2899,2.748952,-96.2102,290.6007,14.43808,10.77384,1,-177.3636,3.042584,-96.3661,0.4860523,225.8804,335.0743
179.0648,1,-177.15,2.74534,-96.54461,290.0652,14.29967,10.64997,1,-177.2222,3.044477,-96.69787,0.02438207,225.571,335.636
179.1668,1,-177.0003,2.745224,-96.90051,289.205,12.96493,10.77724,1,-177.0672,3.046446,-97.05034,359.2878,225.2159,336.1069
179.2698,1,-176.8519,2.73762,-97.27821,286.4442,18.80866,3.404783,1,-176.8899,3.04835,-97.4189,358.0444,225.6212,336.8291
179.3829,1,-176.6588,2.734532,-97.73764,293.544,93.62791,293.6286,1,-176.6668,3.048946,-97.8596,353.3086,226.4314,337.2004
179.4866,1,-176.4752,2.742923,-98.14639,291.2617,91.06924,298.7241,1,-176.4666,3.049775,-98.27337,351.5135,224.1899,337.9742
179.5983,1,-176.244,2.752665,-98.6296,296.0657,90.20949,311.817,1,-176.224,3.053412,-98.76472,349.5109,222.0501,340.6492
179.6994,1,-176.0205,2.748579,-99.08852,301.7589,79.13302,322.8951,1,-176.0017,3.051794,-99.22123,348.6791,220.8185,339.6047
179.7998,1,-175.7863,2.747206,-99.56077,302.3517,76.19427,324.2023,1,-175.7637,3.051262,-99.69232,347.9094,219.0495,339.261
179.9033,1,-175.5555,2.735971,-100.0624,310.7276,69.41472,330.4238,1,-175.4989,3.045698,-100.1683,343.3236,215.2062,338.1878
180.015,1,-175.2794,2.740278,-100.6361,320.9142,81.68418,328.5834,1,-175.1593,3.031446,-100.7088,331.861,207.2945,341.262
180.1325,1,-174.9506,2.742622,-101.2177,315.8544,100.7913,330.7681,1,-174.8161,3.016923,-101.2822,326.4426,201.9338,347.5801
180.2505,1,-174.5885,2.762072,-101.8163,314.4149,102.0271,326.1281,1,-174.4588,3.011676,-101.8788,324.7647,200.1961,350.8431
180.3613,1,-174.2053,2.7739,-102.4372,315.1583,104.5958,324.2325,1,-174.0771,3.002055,-102.4908,324.0983,197.907,352.1244
180.4684,1,-173.85,2.770251,-102.9853,316.7045,100.8315,328.449,1,-173.7254,3.001578,-103.0448,323.2977,195.7565,352.3848
180.581,1,-173.4242,2.769068,-103.6165,320.3021,94.44463,334.2191,1,-173.3008,3.004227,-103.6826,323.599,194.8191,351.9902
180.6844,1,-173.0354,2.77603,-104.172,330.5375,80.23841,330.4065,1,-172.9127,3.003305,-104.2339,322.2471,193.2061,352.6153
180.796,1,-172.5484,2.775993,-104.7941,332.3388,73.63551,330.1695,1,-172.4482,2.978966,-104.8362,308.7603,174.5937,7.632675
180.9002,1,-172.136,2.776029,-105.3488,326.2116,79.97317,331.1028,1,-172.0161,2.934698,-105.3704,302.9519,153.1342,21.25867
181.0114,1,-171.6468,2.78196,-105.9993,325.0836,92.57622,328.6155,1,-171.5192,2.935084,-105.9923,303.6253,149.2936,24.56074
181.1209,1,-171.1807,2.782115,-106.5485,322.5281,95.90736,323.5966,1,-171.0579,2.946044,-106.5334,305.2363,150.3414,22.82749
181.2333,1,-170.6257,2.78305,-107.157,323.222,96.20762,321.6871,1,-170.5035,2.93618,-107.1338,305.3656,146.0551,27.89907
181.335,1,-170.1263,2.779262,-107.6816,319.773,99.00961,323.825,1,-170.0065,2.889673,-107.647,305.4161,125.1241,47.48633
181.4403,1,-169.6337,2.7693,-108.1661,315.4318,101.0442,321.7395,1,-169.5322,2.873134,-108.1297,305.1006,118.2412,51.74022
181.5444,1,-169.2943,2.958888,-108.5205,282.9197,9.500996,64.99152,1,-169.0708,2.876164,-108.5596,304.8924,107.3711,62.49939
181.6483,1,-168.8103,2.873475,-108.9616,312.1994,65.94465,7.659596,1,-168.6301,2.871143,-108.9436,304.9222,105.594,64.68906
181.7499,1,-168.4005,2.838297,-109.3669,351.9888,65.78119,0.2730318,1,-168.2153,2.854916,-109.2954,306.4758,82.3551,82.25763
181.8571,1,-168.0078,2.859595,-109.6973,352.2518,69.12592,350.4296,1,-167.8368,2.836371,-109.6058,323.4322,29.53308,120.6977
181.9574,1,-167.6208,2.831729,-110.0105,347.2173,71.08201,340.7677,1,-167.4916,2.833692,-109.8745,310.1453,53.17788,105.7057
182.0628,1,-167.3082,2.829065,-110.2335,345.7886,69.39523,344.2358,1,-167.1748,2.838485,-110.1042,309.0311,60.81718,99.65512
182.1731,1,-166.9938,2.829075,-110.4531,345.1512,68.28981,344.0998,1,-166.8535,2.842461,-110.326,309.1116,63.69979,96.65284
182.285,1,-166.726,2.827163,-110.6345,345.5881,67.62868,343.8882,1,-166.5799,2.846431,-110.5094,312.3958,45.6239,108.2021
182.3851,1,-166.5362,2.81351,-110.7433,349.0889,66.7072,344.1607,1,-166.381,2.873235,-110.6364,300.1315,98.09551,62.17683
182.5034,1,-166.3562,2.809216,-110.86,348.1318,70.33863,335.2143,1,-166.2109,2.948933,-110.7379,321.5058,142.951,18.81152
182.6149,1,-166.2195,2.812973,-110.9321,309.2523,105.9431,305.4294,1,-166.0947,2.921109,-110.8152,312.1049,129.1725,30.60728
182.7266,1,-166.1508,2.824737,-110.969,287.4065,119.0101,299.3204,1,-166.0303,2.913158,-110.859,311.8482,128.7848,31.45418
182.831,1,-166.1334,2.828495,-110.9818,281.9827,195.9193,225.5152,1,-166.017,2.923947,-110.8685,318.5673,139.6854,22.31221
182.9422,0,0,0,0,0,0,0,1,-166.011,2.934468,-110.87,318.2079,139.0034,21.54104
183.0529,0,0,0,0,0,0,0,1,-166.0163,2.923885,-110.866,316.1069,136.9841,24.02263
183.1645,0,0,0,0,0,0,0,1,-166.0236,2.906708,-110.8643,310.6612,128.1341,31.57707
183.2787,0,0,0,0,0,0,0,1,-166.0263,2.900312,-110.8643,309.5231,121.1467,38.26725
183.3864,1,-166.1595,2.81144,-110.9561,332.8198,70.61725,353.8858,1,-166.0296,2.90071,-110.8634,309.2745,120.6667,39.62925
183.5013,1,-166.1635,2.834754,-110.9381,337.1184,73.20443,351.6581,1,-166.0295,2.898938,-110.8656,308.8888,119.9018,39.88381
183.6084,1,-166.1587,2.834721,-110.9441,333.9382,71.99421,350.0392,1,-166.0247,2.897252,-110.8684,308.079,118.7027,41.22389
183.7206,1,-166.1327,2.836182,-110.9659,335.8096,70.56513,348.9774,1,-165.9969,2.897893,-110.8858,307.8818,118.8781,41.18225
183.8254,1,-166.0887,2.837787,-110.9976,336.3729,70.33179,348.5876,1,-165.951,2.898238,-110.9145,307.8813,118.8344,41.11827
183.9369,1,-165.9941,2.838684,-111.0563,336.1479,69.8412,348.5777,1,-165.8554,2.897663,-110.9746,307.702,118.3414,41.17692
184.0483,1,-165.8464,2.839324,-111.1488,337.8835,68.89139,346.7016,1,-165.7076,2.898082,-111.0658,308.0047,119.1281,40.09312
184.1518,1,-165.6696,2.84116,-111.2568,339.2136,68.46674,344.9275,1,-165.5287,2.901902,-111.1712,308.8652,121.3621,37.55821
184.2639,1,-165.4147,2.84074,-111.4084,352.2437,69.9099,345.8015,1,-165.2744,2.903557,-111.3207,310.3303,122.9975,34.92458
184.3667,1,-165.1364,2.840682,-111.569,355.4564,68.64514,345.273,1,-165.0042,2.903083,-111.4763,309.7956,121.4343,35.80091
184.4717,1,-164.8177,2.841381,-111.7479,359.8282,65.17891,344.2702,1,-164.6919,2.903696,-111.6497,309.7921,120.0946,36.25057
184.583,1,-164.4073,2.840833,-111.9677,3.617566,63.4116,342.4836,1,-164.286,2.902578,-111.8661,309.7065,118.9855,36.11395
184.6857,1,-164.0092,2.842088,-112.1711,2.379766,63.04218,342.8312,1,-163.8904,2.902542,-112.0669,309.6928,117.4858,36.57966
184.7887,1,-163.5717,2.840492,-112.3852,1.335801,61.57827,342.8699,1,-163.455,2.903001,-112.2773,309.75,116.2444,36.58268
184.9032,1,-163.0254,2.839545,-112.6387,358.2061,59.52792,343.1617,1,-162.9109,2.903106,-112.5255,309.6923,114.5363,36.89701
185.0105,1,-162.5051,2.8327,-112.8638,357.9057,58.36513,343.4844,1,-162.3974,2.90314,-112.7446,309.5933,112.7738,37.04445
185.1252,1,-161.8832,2.832518,-113.114,354.0908,56.93073,343.6369,1,-161.7768,2.902675,-112.9904,309.801,111.6411,36.63803
185.2272,1,-161.3056,2.828339,-113.3283,354.5331,55.29169,343.8484,1,-161.2038,2.902796,-113.199,309.6669,109.4865,37.23938
185.3472,1,-160.6145,2.830072,-113.5589,354.3742,53.52296,343.9055,1,-160.5167,2.902466,-113.4283,309.7023,107.6517,37.15549
185.4598,1,-159.8854,2.828553,-113.7786,356.9239,51.84706,343.8356,1,-159.7937,2.90257,-113.6435,309.4699,105.2783,37.56977
185.5699,1,-159.2167,2.827697,-113.9579,358.053,50.485,342.7667,1,-159.1335,2.902624,-113.817,309.6588,103.7411,37.45724
185.672,1,-158.5233,2.824142,-114.1228,358.458,48.90657,342.036,1,-158.4466,2.902504,-113.9756,309.5937,102.0543,37.57243
185.7775,1,-157.8029,2.823213,-114.265,347.3423,50.93597,340.3361,1,-157.7349,2.904338,-114.1163,309.9998,100.9121,37.08793
185.8779,1,-157.0658,2.824997,-114.3868,309.6155,58.95848,336.0967,1,-156.9966,2.909268,-114.236,311.5094,103.0637,34.36732
185.9846,1,-156.3037,2.828933,-114.4853,305.0909,63.66415,329.8272,1,-156.2339,2.924541,-114.3331,314.4887,107.5432,28.68804
186.0848,0,0,0,0,0,0,0,1,-155.4534,2.940241,-114.4113,320.0505,113.0119,20.9947
186.1898,0,0,0,0,0,0,0,1,-154.645,2.95778,-114.4628,323.7258,115.1853,14.13304
186.2904,1,-154.1004,2.882595,-114.5464,339.5557,21.83338,329.9136,1,-153.8211,2.976936,-114.5007,325.6574,118.6085,6.31625
186.3929,1,-153.0779,2.714808,-114.6385,339.6058,27.46631,343.0735,1,-152.9965,2.991643,-114.5133,326.7294,125.2638,357.6167
186.4957,1,-152.2502,2.764335,-114.5985,347.4557,13.44481,337.3921,1,-152.1454,2.997724,-114.5028,326.5558,127.6719,349.5153
186.6114,1,-151.308,2.780974,-114.512,337.8527,2.471805,331.0181,1,-151.1615,3.007953,-114.4585,328.8077,134.1651,342.8428
186.7118,1,-150.4274,2.771645,-114.4083,313.6523,7.882973,323.4976,1,-150.2839,3.020057,-114.4035,333.9923,147.9964,330.7862
186.8152,1,-149.526,2.783417,-114.2663,293.7203,30.12116,282.4063,1,-149.3868,3.03845,-114.3292,339.0085,151.5065,332.2567
186.9201,1,-148.6225,2.801063,-114.0973,282.7066,354.3387,314.2318,1,-148.4925,3.043434,-114.2319,348.7436,159.7382,334.2969
187.0251,1,-147.7186,2.84766,-113.9144,278.6912,160.5503,143.9718,1,-147.585,3.027653,-114.1322,4.331165,162.2167,335.1644
187.1351,1,-146.8411,2.864048,-113.7106,286.2416,205.9644,101.8452,1,-146.711,2.989081,-114.0085,15.79782,152.2618,325.7248
187.2461,1,-146.047,2.85376,-113.5329,289.4729,219.4184,97.29386,1,-145.9125,2.973901,-113.8457,25.00631,151.0112,329.0894
187.3529,1,-145.304,2.807486,-113.3884,278.059,207.1365,108.8814,1,-145.1532,2.96847,-113.673,25.20746,148.0277,327.3762
187.4593,1,-144.5936,2.78349,-113.2394,271.3103,153.5437,172.455,1,-144.4417,2.967951,-113.5023,26.59196,147.1664,326.7199
187.5644,1,-143.9186,2.800982,-113.084,271.7035,213.4782,100.3117,1,-143.7801,2.970745,-113.3385,26.52104,147.2668,327.6285
187.6724,1,-143.2982,2.814142,-112.9222,272.1461,192.1122,119.3872,1,-143.1636,2.959109,-113.1928,28.18293,145.5909,326.8701
187.7812,1,-142.7348,2.827697,-112.7622,279.6259,185.3143,126.2854,1,-142.5992,2.944862,-113.0539,31.49339,142.7923,324.0421
187.8941,1,-142.1111,2.83662,-112.592,283.6909,177.7474,131.2174,1,-141.9734,2.931071,-112.8881,35.38386,139.6806,319.9083
188.0068,1,-141.5655,2.839709,-112.4334,286.3058,182.7868,126.9774,1,-141.4335,2.918777,-112.7343,37.54771,137.9603,315.6303
188.1148,1,-141.0126,2.842748,-112.2743,288.7221,185.2463,124.1761,1,-140.8828,2.916592,-112.5757,38.13885,140.1662,317.8048
188.2239,1,-140.4433,2.842713,-112.1093,289.0333,184.6395,124.3554,1,-140.3106,2.918689,-112.41,38.0952,142.3699,320.639
188.3329,1,-139.855,2.842498,-111.9337,290.3122,186.198,122.5689,1,-139.7195,2.912927,-112.2329,38.52765,139.9741,317.7143
188.4339,1,-139.2443,2.847622,-111.7441,291.2542,184.7807,123.8928,1,-139.1177,2.908077,-112.0477,40.00596,138.6575,314.8853
188.5413,1,-138.6154,2.860018,-111.5446,295.9206,179.2375,129.0819,1,-138.4933,2.897094,-111.8528,41.10302,141.0626,315.7374
188.6513,1,-137.9682,2.877431,-111.3312,300.9598,180.7478,129.3056,1,-137.8542,2.879525,-111.649,43.20852,139.9609,313.8427
188.7605,1,-137.2952,2.90577,-111.1054,305.6355,177.972,134.636,1,-137.1979,2.854929,-111.428,51.38622,148.3184,316.744
188.8715,1,-136.6015,2.942572,-110.8744,316.817,176.017,142.1263,1,-136.5348,2.818669,-111.1931,61.46782,147.1251,313.1792
188.9865,1,-135.8855,2.982533,-110.6472,332.5804,168.0149,153.6223,1,-135.8498,2.786461,-110.9443,70.53224,152.0204,320.0994
189.0973,1,-135.1492,3.008896,-110.4381,333.1137,168.0563,150.5464,1,-135.1483,2.773836,-110.6831,74.91827,170.7986,339.7982
189.2073,1,-134.3845,3.022466,-110.2141,349.234,166.7725,148.3937,1,-134.4128,2.748224,-110.4087,66.01826,204.1068,14.39882
189.3167,1,-133.619,3.029978,-109.975,358.9784,168.7474,147.5958,1,-133.678,2.75959,-110.1448,71.48409,250.7111,77.10717
189.425,1,-132.8363,3.029815,-109.7126,357.8137,170.1099,147.6987,1,-132.9035,2.763664,-109.8763,73.1225,218.6731,39.03221
189.5329,1,-132.0337,3.02806,-109.434,356.3236,170.5253,147.8763,1,-132.092,2.762339,-109.6022,71.31356,212.6131,30.72934
189.6411,1,-131.2099,3.027921,-109.1577,355.7475,171.4394,148.287,1,-131.2655,2.762131,-109.3288,71.00483,212.3581,30.089
189.7461,1,-130.3681,3.028244,-108.8827,355.0549,171.6296,148.9547,1,-130.4232,2.762609,-109.0537,70.79363,212.7174,30.08532
189.8541,1,-129.5071,3.028542,-108.6061,355.3464,171.9355,148.946,1,-129.5676,2.766167,-108.7715,70.15202,212.6949,29.12541
189.963,1,-128.62,3.035101,-108.3393,359.863,176.8337,150.9201,1,-128.716,2.767157,-108.4711,72.45093,241.783,58.92999
190.0728,1,-127.7186,3.044504,-108.0904,5.351651,182.8277,156.3434,1,-127.835,2.764759,-108.1811,69.06281,265.1212,90.33154
190.1846,1,-126.8034,3.041986,-107.8265,7.170145,183.7664,156.2022,1,-126.9292,2.755133,-107.8892,61.99107,304.0284,130.0845
190.3017,1,-125.8836,3.040285,-107.5698,12.89638,186.1102,157.8613,1,-126.0174,2.762629,-107.5996,49.83183,315.8089,141.847
190.4119,1,-124.9464,3.036342,-107.3182,15.78696,188.0853,159.3331,1,-125.0959,2.765319,-107.3275,29.81935,322.7603,159.8404
190.5229,1,-124.0067,3.034249,-107.0692,19.49931,188.8286,160.573,1,-124.1591,2.772533,-107.0554,34.74126,326.3248,151.466
190.6353,1,-123.0639,3.022172,-106.842,27.07026,194.9788,160.8468,1,-123.2239,2.789795,-106.7988,26.99697,324.9484,157.153
190.7486,1,-122.1282,3.003118,-106.6356,39.32825,208.3199,169.6389,1,-122.2865,2.804468,-106.5596,31.20138,313.2315,152.2191
190.8506,1,-121.3557,2.999313,-106.4564,42.27432,209.7365,171.1903,1,-121.5104,2.808596,-106.3816,39.82239,301.1776,142.7199
190.9612,1,-120.5007,3.00465,-106.2631,38.06576,207.3476,169.011,1,-120.6512,2.813433,-106.1964,41.14196,300.257,139.34
191.076,1,-119.6915,3.0052,-106.0982,37.71372,208.0866,168.6736,1,-119.8346,2.810617,-106.0244,39.17393,303.9715,144.9963
191.1862,1,-118.9281,3.002763,-105.9567,38.9161,209.987,168.7867,1,-119.0701,2.808008,-105.8852,42.10392,301.7654,143.0108
191.2957,1,-118.2094,3.002241,-105.8329,39.91613,211.5971,169.53,1,-118.3483,2.812277,-105.7558,44.47306,298.511,139.4435
191.4109,1,-117.5341,3.009447,-105.711,31.71207,207.5713,164.4423,1,-117.6692,2.801393,-105.649,43.33465,302.0182,141.7072
191.52,1,-116.9095,3.012146,-105.6129,29.81849,204.0099,159.9633,1,-117.0494,2.785355,-105.5603,35.79743,321.7503,160.1052
191.6299,1,-116.3346,3.009452,-105.5392,31.82113,205.9011,161.7893,1,-116.4781,2.793159,-105.4737,40.08484,318.0467,155.7478
191.7409,1,-115.8081,3.006024,-105.4754,35.0146,208.8208,163.4332,1,-115.949,2.79991,-105.4036,44.68199,311.729,149.3795
191.851,1,-115.3326,3.005307,-105.4199,37.05285,210.9332,164.0526,1,-115.4662,2.802971,-105.3451,47.3475,304.995,142.6272
191.9647,1,-114.8721,3.00641,-105.3678,36.11681,211.0549,163.9217,1,-115.004,2.804308,-105.2931,46.16501,307.3803,144.1175
192.078,1,-114.4096,3.007547,-105.3202,36.25341,211.6061,164.2165,1,-114.5403,2.805163,-105.2451,44.35291,307.9609,143.7637
192.1897,1,-113.9391,3.008231,-105.2757,36.23827,212.194,164.4202,1,-114.069,2.803997,-105.1996,41.74735,309.5721,144.4728
192.3018,1,-113.4584,3.008116,-105.2344,36.25336,212.7878,164.6143,1,-113.586,2.800395,-105.1557,41.7564,311.8929,146.0354
192.4086,1,-112.9678,3.007905,-105.1961,36.06509,213.3916,164.6396,1,-113.0951,2.799111,-105.1177,41.64026,313.2828,146.9982
192.5172,1,-112.4658,3.007149,-105.1611,36.0639,214.0497,164.4591,1,-112.5937,2.797969,-105.0835,42.11122,313.1898,146.4109
192.6263,1,-111.9526,3.007523,-105.1296,36.05302,214.5911,164.4526,1,-112.08,2.799131,-105.0511,42.52188,313.5258,146.2212
192.7341,1,-111.4197,3.010414,-105.0974,34.50246,215.0153,164.1676,1,-111.5539,2.796727,-105.0232,42.52418,315.2115,147.0706
192.8422,1,-110.8682,3.027461,-105.0523,22.22532,207.1968,160.3148,1,-111.0187,2.781123,-105.0126,31.29609,339.0336,162.191
192.9499,1,-110.3206,3.039533,-105.0014,16.69871,199.9702,154.3746,1,-110.4716,2.761941,-105.0331,39.69154,332.6673,152.1645
193.057,1,-109.7552,3.0399,-104.9536,12.37512,196.2934,151.696,1,-109.9025,2.755731,-105.0542,57.01526,330.3334,144.2393
193.1676,1,-109.1796,3.028669,-104.919,9.205127,193.8416,145.4087,1,-109.3168,2.766579,-105.0542,59.0609,335.6021,146.88
193.2781,1,-108.5842,3.026031,-104.8931,5.144826,192.2265,146.6449,1,-108.7204,2.776926,-105.0605,58.54026,337.305,146.2906
193.3828,1,-107.9897,3.034743,-104.8662,0.1353965,193.5336,153.0304,1,-108.1092,2.77836,-105.061,60.14363,339.3691,146.8322
193.492,1,-107.352,3.02861,-104.8339,358.5172,191.1098,155.0918,1,-107.473,2.780505,-105.0642,56.44169,338.6882,146.75
193.5999,1,-106.7097,3.018238,-104.8279,358.2181,194.2868,153.8869,1,-106.8392,2.77142,-105.0526,57.55503,340.034,147.3395
193.7035,1,-106.0664,3.02131,-104.8393,358.2875,194.2833,153.4833,1,-106.1919,2.767869,-105.0492,57.80672,344.6181,150.6292
193.8093,1,-105.4062,3.022903,-104.8461,359.4926,194.6375,153.1071,1,-105.5308,2.768526,-105.0536,54.42854,345.5494,151.9721
193.9132,1,-104.7301,3.029184,-104.8599,1.283758,195.2464,153.8754,1,-104.8557,2.772352,-105.0682,48.14153,348.9066,156.8053
194.0179,1,-104.0437,3.035767,-104.8755,359.2913,196.3268,154.3083,1,-104.1568,2.772953,-105.1028,50.7321,350.7299,156.9081
194.1263,1,-103.3422,3.031038,-104.8872,358.0365,196.8322,151.1597,1,-103.456,2.778629,-105.1247,50.77568,4.574133,168.4309
194.2402,1,-102.526,3.028697,-104.9058,359.5419,196.5253,152.0638,1,-102.6468,2.781557,-105.1507,59.73449,9.397223,183.0611
194.3455,1,-101.7963,3.026317,-104.9261,358.809,197.1866,152.7384,1,-101.9197,2.781886,-105.1703,56.58767,6.348055,175.8917
194.4533,1,-101.0523,3.021494,-104.9558,359.1783,197.7066,152.1252,1,-101.1768,2.783792,-105.1933,54.62044,5.632507,169.1898
194.5559,1,-100.2991,3.021529,-104.9905,359.5619,198.2603,151.7751,1,-100.4197,2.786147,-105.2264,59.05239,6.202366,163.2717
194.6618,1,-99.53127,3.015674,-105.0255,359.1826,198.9028,151.1793,1,-99.65457,2.793559,-105.2695,71.52927,17.07648,170.7305
194.7656,1,-98.765,2.967008,-105.0494,340.7416,194.1425,139.6001,1,-98.8615,2.824157,-105.3315,88.54196,20.3811,167.3753
194.8749,1,-98.00253,2.90312,-105.0877,317.0176,189.5335,135.0678,1,-98.04569,2.892804,-105.4171,69.59161,176.6236,324.0784
194.9853,1,-97.21475,2.855022,-105.1471,302.299,194.8616,128.2695,1,-97.23014,2.926834,-105.4799,56.71492,162.7592,312.951
195.0885,1,-96.40488,2.854387,-105.2136,306.8851,204.1219,118.413,1,-96.41651,2.921995,-105.5319,58.15211,172.1808,321.1208
195.1968,1,-95.58788,2.869824,-105.2721,308.999,199.1853,124.3971,1,-95.60608,2.909225,-105.5908,58.59385,171.6918,320.6753
195.3062,1,-94.77252,2.880167,-105.3281,309.8717,198.7698,125.3423,1,-94.78857,2.893353,-105.6509,58.61514,169.5946,317.8623
195.4159,1,-93.95882,2.885194,-105.3823,310.9935,197.1063,129.0521,1,-93.97253,2.892289,-105.7083,58.39808,169.1443,316.9755
195.5263,1,-93.1423,2.883857,-105.4385,311.6566,197.4076,128.6984,1,-93.15599,2.892906,-105.7657,58.03488,168.9894,316.9779
195.6357,1,-92.32103,2.888763,-105.4942,313.0449,196.9746,129.1541,1,-92.336,2.885226,-105.8234,57.64758,169.4476,317.1898
195.7388,1,-91.49693,2.902184,-105.5483,317.464,194.6089,134.017,1,-91.52056,2.87286,-105.8755,58.78189,170.4208,317.0284
195.8458,1,-90.67467,2.913793,-105.6031,320.0224,190.2101,141.0616,1,-90.70233,2.864517,-105.9303,60.51572,169.6037,315.4045
195.9524,1,-89.85394,2.911398,-105.662,317.9829,191.0378,139.4914,1,-89.88026,2.867317,-105.9859,61.40074,169.6639,314.917
196.0603,1,-89.03007,2.908665,-105.7187,317.8205,192.1665,138.2795,1,-89.05655,2.869681,-106.0422,62.16085,171.4159,316.6463
196.1668,1,-88.20321,2.908012,-105.7759,317.9796,192.6049,137.8271,1,-88.23155,2.870253,-106.1002,62.28079,171.8292,317.1774
196.2708,1,-87.37541,2.905439,-105.8335,318.6028,192.9908,137.1498,1,-87.40469,2.872202,-106.1586,62.11889,172.3329,317.6241
196.3846,1,-86.42621,2.895601,-105.9007,317.98,193.5872,135.7422,1,-86.45661,2.87639,-106.2275,61.97583,171.5771,317.148
196.4956,1,-85.47997,2.887889,-105.9696,315.8208,194.1021,133.2684,1,-85.50571,2.883319,-106.2978,60.71368,170.8361,317.146
196.6022,1,-84.6498,2.887647,-106.031,315.0654,193.0695,133.1033,1,-84.67352,2.884827,-106.3595,59.39841,168.4366,315.7413
196.7091,1,-83.81844,2.884146,-106.0918,314.9075,193.4156,132.1235,1,-83.83771,2.884573,-106.4208,58.86671,168.4601,315.8673
196.8097,1,-82.98434,2.87819,-106.1524,314.2777,194.2218,130.332,1,-83.0011,2.889794,-106.4817,57.87788,167.8622,316.0896
196.9149,1,-82.14314,2.869126,-106.2137,313.3778,196.1316,127.0654,1,-82.1563,2.892957,-106.5431,57.21534,165.3577,314.4322
197.024,1,-81.30007,2.866312,-106.2756,311.1542,196.485,126.3259,1,-81.30415,2.898876,-106.6044,54.98708,167.2959,316.8951
197.1263,1,-80.45187,2.853558,-106.3417,308.9771,196.3762,123.3909,1,-80.44507,2.912813,-106.6644,50.46429,168.4596,319.7296
197.2325,1,-79.59292,2.837892,-106.4069,304.6063,196.2206,121.323,1,-79.58544,2.926095,-106.7245,46.77761,166.6965,320.6841
197.338,1,-78.72916,2.832159,-106.4676,303.8845,198.54,117.7915,1,-78.71707,2.930602,-106.7839,45.99681,166.3183,321.1495
197.4478,1,-77.85669,2.829282,-106.5232,304.7251,199.9333,115.7498,1,-77.84439,2.932292,-106.8407,45.60954,166.7119,321.8526
197.5514,1,-76.98464,2.832026,-106.5794,302.5168,201.1544,116.8883,1,-76.96546,2.934563,-106.8947,43.93411,167.3167,322.6888
197.6578,1,-76.1058,2.826121,-106.6369,301.685,200.6848,116.5314,1,-76.07502,2.938966,-106.9488,41.66627,165.7534,322.9413
197.7641,1,-75.2179,2.814885,-106.6934,299.2126,204.5086,110.5941,1,-75.18181,2.946253,-106.9973,39.97625,163.3117,321.9412
197.873,1,-74.32426,2.814287,-106.741,298.947,207.7597,108.007,1,-74.28782,2.948329,-107.044,38.59631,159.3859,318.7396
197.9863,1,-73.28943,2.816772,-106.7904,298.6551,206.679,108.6082,1,-73.25366,2.947147,-107.0943,38.61053,159.882,319.0323
198.0919,1,-72.37464,2.817942,-106.8296,298.9459,206.0058,109.2197,1,-72.33837,2.946827,-107.1345,38.79586,160.1631,319.4913
198.1938,1,-71.45039,2.820317,-106.8661,298.9895,205.4937,109.4827,1,-71.41241,2.943159,-107.1738,39.04153,159.4777,319.2083
198.2946,1,-70.51481,2.821107,-106.8979,299.2389,204.9315,110.0662,1,-70.47832,2.943542,-107.2063,39.31039,159.8364,319.5567
198.3991,1,-69.57145,2.824183,-106.9277,299.6526,203.4391,111.4462,1,-69.53482,2.941117,-107.2378,40.29876,159.3325,319.6355
198.5074,1,-68.61715,2.825658,-106.9537,299.9836,202.3474,112.4827,1,-68.5778,2.938316,-107.2657,41.03867,158.9474,319.3089
198.614,1,-67.65297,2.824902,-106.9773,300.0274,202.295,112.5661,1,-67.61081,2.938844,-107.2885,41.76688,159.6983,320.1175
198.7195,1,-66.67889,2.824628,-106.9969,300.2575,203.0703,112.0319,1,-66.63492,2.939187,-107.3084,42.0016,159.7454,320.3365
198.8315,1,-65.55187,2.824601,-107.0158,300.2412,202.741,112.2097,1,-65.50652,2.939221,-107.3269,42.02578,159.7383,320.3813
198.9384,1,-64.55492,2.824693,-107.0282,300.2962,202.8544,111.997,1,-64.50803,2.938735,-107.3389,42.12222,159.9142,320.5518
199.047,1,-63.54806,2.826478,-107.036,300.5,202.7824,112.0696,1,-63.49792,2.93687,-107.3483,42.1927,159.9706,320.8044
199.1553,1,-62.52967,2.827643,-107.0404,300.436,202.112,112.6176,1,-62.47926,2.936149,-107.3528,42.17275,159.7492,320.6242
199.2635,1,-61.50148,2.831853,-107.039,300.5708,202.1785,112.9227,1,-61.45118,2.935214,-107.3534,42.6172,159.3979,320.1647
199.3756,1,-60.3094,2.852337,-107.0236,300.9439,200.4609,118.5638,1,-60.26916,2.920334,-107.353,43.96383,158.4693,318.6553
199.4805,1,-59.2576,2.870684,-107.0055,304.5848,205.3661,118.2961,1,-59.22577,2.901185,-107.3438,47.8538,160.4622,317.3322
199.5882,1,-58.19916,2.871351,-106.9915,305.799,201.0673,123.0776,1,-58.16727,2.891932,-107.3324,49.7313,162.9462,318.2036
199.7023,1,-56.97418,2.859643,-106.979,305.6034,194.547,128.5659,1,-56.94429,2.888088,-107.3142,52.36871,163.289,317.0597
199.8088,1,-55.88974,2.854168,-106.9665,304.7372,192.8993,128.789,1,-55.85987,2.889425,-107.2999,53.50136,161.4106,315.685
199.9167,1,-54.79485,2.853828,-106.9537,303.5113,193.2715,127.8606,1,-54.76628,2.890963,-107.2838,53.69095,159.4925,314.4229
200.0194,1,-53.69132,2.853918,-106.9351,303.5488,193.8002,127.4748,1,-53.66229,2.891095,-107.2663,54.27438,158.8528,314.318
200.1237,1,-52.57693,2.854124,-106.9156,303.52,193.7749,127.4626,1,-52.54871,2.890789,-107.2473,54.44576,157.3788,313.1674
200.2307,1,-51.45267,2.853733,-106.8947,303.4623,193.7585,127.482,1,-51.42418,2.890716,-107.2269,54.53062,156.979,313.0175
200.3311,1,-50.31871,2.853388,-106.8725,303.5763,193.7214,127.5195,1,-50.29068,2.890736,-107.2045,54.61809,156.3091,312.4613
200.4373,1,-49.17323,2.852644,-106.8489,303.5669,193.5058,127.6755,1,-49.1465,2.890606,-107.1802,54.58018,156.4897,312.4606
200.5461,1,-48.01892,2.852821,-106.8238,303.9821,193.5299,127.5657,1,-47.99196,2.890157,-107.155,54.58192,156.1329,312.0256
200.6484,1,-46.85327,2.854239,-106.7971,303.8345,193.4207,127.688,1,-46.82725,2.889235,-107.1283,53.97651,156.3093,311.7108
200.7546,1,-45.6772,2.855013,-106.769,303.9531,193.1689,127.8902,1,-45.65147,2.887898,-107.1002,53.71166,156.8122,311.7988
200.8636,1,-44.49165,2.855495,-106.7391,304.1125,193.0044,128.072,1,-44.46534,2.886794,-107.0709,53.54282,157.3977,312.1951
200.9649,1,-43.2953,2.855562,-106.7078,304.561,193.087,127.91,1,-43.26892,2.886423,-107.0402,53.62972,157.1447,312.0244
201.0689,1,-42.089,2.855762,-106.6746,304.8152,193.156,127.8565,1,-42.06316,2.886541,-107.0077,53.59497,157.403,312.1362
201.175,1,-40.87465,2.856325,-106.6411,304.8635,193.432,127.6223,1,-40.84838,2.886394,-106.9744,53.67392,157.459,312.2849
201.2876,1,-39.47503,2.856621,-106.6008,305.1759,193.6019,127.4282,1,-39.448,2.886088,-106.9342,53.79601,157.2277,312.1081
201.3898,1,-38.24059,2.858154,-106.5639,305.1364,193.2798,127.8934,1,-38.21283,2.885678,-106.8976,54.08796,156.7708,311.8402
201.4904,1,-36.99723,2.859183,-106.526,305.4823,193.4037,127.8243,1,-36.96875,2.885457,-106.8594,54.1767,156.7119,311.8675
201.5939,1,-35.74361,2.859388,-106.4865,305.6115,193.3221,127.874,1,-35.71561,2.884991,-106.8199,54.40545,156.4397,311.7368
201.6945,1,-34.48154,2.860683,-106.4449,305.6255,193.179,128.1753,1,-34.45337,2.885935,-106.7791,54.37495,156.7916,312.0313
201.7982,1,-33.21058,2.8652,-106.3974,308.3187,196.1067,125.3061,1,-33.18345,2.888371,-106.7378,53.46434,158.2316,313.4866
201.906,1,-31.92916,2.880141,-106.3504,311.2669,202.3815,118.593,1,-31.90671,2.893287,-106.6929,53.67957,161.6337,317.0746
202.017,1,-30.45416,2.883355,-106.3025,310.3193,199.7048,122.1843,1,-30.43211,2.896934,-106.6387,53.96517,163.0468,319.8299
202.1308,1,-28.97314,2.879651,-106.2507,310.7813,201.9745,122.7304,1,-28.94877,2.899205,-106.5837,53.41811,162.5858,319.4677
202.2363,1,-27.67406,2.884039,-106.2021,309.327,199.7316,129.1623,1,-27.64627,2.899808,-106.5363,52.9937,162.7979,319.8821
202.3468,1,-26.37171,2.888242,-106.1519,309.0108,197.0777,132.4732,1,-26.34091,2.89887,-106.4868,52.82813,162.9013,320.0168
202.4523,1,-25.06479,2.888621,-106.1014,308.7716,197.1047,132.1349,1,-25.03236,2.89838,-106.4352,53.16545,164.0646,320.8067
202.5593,1,-23.7524,2.887888,-106.0488,308.3574,196.5754,132.4624,1,-23.72108,2.898271,-106.3807,53.41275,166.1998,322.4521
202.6662,1,-22.43835,2.887799,-105.9947,307.9574,195.6281,133.1816,1,-22.40614,2.898327,-106.3239,53.4019,166.0948,322.2783
202.775,1,-21.12189,2.886773,-105.9389,307.7913,195.3979,133.2202,1,-21.08855,2.898543,-106.2676,53.30715,164.9129,321.6638
202.8877,1,-19.61216,2.870548,-105.8734,307.5968,196.4873,130.9671,1,-19.57629,2.905501,-106.1996,52.01208,162.8641,320.4879
202.9944,1,-18.29961,2.838996,-105.8239,301.847,194.6529,128.3239,1,-18.24546,2.933228,-106.1331,43.56222,161.2462,321.0617
203.1092,1,-16.8012,2.785583,-105.7836,286.0365,198.8563,119.5188,1,-16.71969,2.988483,-106.0318,25.62193,166.237,325.8572
203.2148,1,-15.49482,2.726718,-105.7961,289.9315,47.76786,272.1852,1,-15.39271,3.052728,-105.8998,4.773468,160.0648,327.9734
203.3236,1,-14.23346,2.73543,-105.7893,302.1584,80.9842,269.7705,1,-14.07341,3.06314,-105.7148,349.8986,150.6058,340.9912
203.4342,1,-12.76779,2.772077,-105.7005,312.6219,39.26905,343.1213,1,-12.65475,3.023695,-105.5612,334.0054,136.7248,347.9121
203.5344,1,-11.52285,2.774209,-105.5467,288.75,123.0965,262.5851,1,-11.43231,2.969604,-105.4502,324.4997,137.2719,337.5973
203.6492,1,-10.29688,2.990278,-105.2357,330.605,213.9307,193.1059,1,-10.14084,2.882695,-105.2733,298.9414,92.92256,14.84352
203.7505,1,-9.222577,3.0508,-105.0293,0.02230441,206.6486,198.6513,1,-9.061046,2.733089,-105.1471,300.3214,83.33142,21.96851
203.8528,1,-8.099414,3.010403,-104.8725,352.8414,177.6532,154.371,1,-7.996497,2.728494,-105.1074,338.162,94.55594,1.456901
203.9643,1,-6.824978,2.898816,-104.6285,338.3838,187.8762,113.5276,1,-6.857801,2.73038,-104.9189,319.7498,102.8097,7.701026
204.0695,1,-5.925567,2.86183,-104.4106,313.3693,151.818,142.1035,1,-5.899814,2.739428,-104.6791,349.4171,149.6541,9.906827
204.1802,1,-4.974946,2.80278,-104.0975,300.553,154.6045,152.1265,1,-4.873843,2.79615,-104.3726,17.76244,141.1361,14.11973
204.281,1,-4.181319,2.786235,-103.8315,293.9671,152.5146,150.1655,1,-4.061112,2.813502,-104.0959,56.81339,162.3321,21.51096
204.3887,1,-3.306385,2.743214,-103.5337,288.0424,96.37752,205.2668,1,-3.194075,2.844793,-103.723,79.63356,211.1875,56.08696
204.5,1,-2.564611,2.798898,-103.2122,295.5179,39.27751,273.9202,1,-2.387922,2.887374,-103.2997,73.61707,144.6965,333.8734
204.6113,1,-1.863274,2.791285,-102.8163,309.1093,13.24225,338.7581,1,-1.667857,2.925904,-102.8999,53.66298,159.4399,346.7675
204.7222,1,-1.227051,2.775738,-102.429,299.0689,46.06511,306.723,1,-1.025725,2.963306,-102.5097,41.14487,146.8831,346.6845
204.8335,1,-0.674286,2.813623,-102.0444,295.5122,106.0465,264.0653,1,-0.4522371,2.983329,-102.1162,25.06691,118.9118,325.6805
204.9448,1,-0.2090677,2.844609,-101.6806,290.1307,166.6755,176.9239,1,0.03668153,3.012735,-101.7243,21.91078,127.0134,337.5917
205.0559,1,0.204294,2.875367,-101.3353,287.072,180.3257,148.5792,1,0.4328081,3.025933,-101.3876,16.41585,123.2213,337.7727
205.1674,1,0.5645164,2.881101,-101.0124,288.5685,183.8689,137.9368,1,0.7834347,3.036659,-101.0712,13.42032,122.9844,340.1731
205.2783,1,0.8759954,2.876769,-100.7381,290.7502,165.2143,153.0397,1,1.08592,3.041667,-100.7838,9.980679,122.0056,341.1554
205.3909,1,1.141132,2.863914,-100.5035,290.3091,163.744,155.9131,1,1.338889,3.042097,-100.5283,11.35278,119.1942,340.0095
205.5048,1,1.39442,2.851843,-100.2735,291.4561,162.4194,160.3083,1,1.588771,3.044708,-100.2644,8.551338,114.9349,339.9758
205.6115,1,1.613653,2.851012,-100.0456,293.0799,162.066,162.808,1,1.802294,3.04855,-100.0229,8.877887,113.6492,340.381
205.724,1,1.870721,2.851695,-99.75262,292.6217,159.0506,163.6394,1,2.058688,3.049956,-99.72549,8.834687,111.8832,340.5558
205.8369,1,2.139026,2.854283,-99.42584,292.531,157.3432,163.4532,1,2.325584,3.051374,-99.39256,8.661824,109.7686,341.2385
205.951,1,2.416712,2.856694,-99.0632,292.1997,156.0577,162.9656,1,2.602449,3.052307,-99.02244,8.042736,107.8864,341.8304
206.0555,1,2.667487,2.855922,-98.70531,291.6729,154.9808,162.1446,1,2.852341,3.052434,-98.66162,8.12494,105.8266,341.8333
206.17,1,2.957146,2.854779,-98.24863,291.5647,151.8085,162.4663,1,3.14486,3.052799,-98.20277,7.878894,103.4721,342.0421
206.2831,1,3.249497,2.848983,-97.74554,290.8041,144.9618,165.8209,1,3.439868,3.052907,-97.69286,7.780443,100.8336,342.2062
206.3893,1,3.507891,2.834033,-97.26489,289.6388,134.484,173.5424,1,3.693949,3.05273,-97.20155,7.865069,98.14477,342.1705
206.4914,1,3.758073,2.829668,-96.73587,288.0414,124.3133,180.5404,1,3.941692,3.051717,-96.66634,8.48568,95.29627,342.1029
206.5997,1,3.986179,2.816401,-96.15215,294.641,91.7188,215.381,1,4.177543,3.04978,-96.08504,8.932313,91.72815,342.0688
206.7071,1,4.199836,2.808365,-95.53337,294.6,89.32578,216.1237,1,4.393242,3.046646,-95.46355,10.5772,88.01298,341.3029
206.8097,1,4.386967,2.796898,-94.88133,301.6308,87.54181,226.7427,1,4.591842,3.035551,-94.80192,13.6983,85.76758,340.8275
206.9196,1,4.53784,2.756165,-94.19845,299.0005,85.61057,223.9808,1,4.793892,2.978502,-94.11333,28.13607,84.68112,339.052
207.0285,1,4.651727,2.759928,-93.48963,295.3013,64.05494,238.2376,1,4.912962,2.947357,-93.44296,40.73434,77.8754,332.4539
207.137,1,4.731738,2.758491,-92.75767,297.04,329.1496,313.0353,1,4.980332,2.940373,-92.68784,47.80992,75.16969,329.763
207.248,1,4.769047,2.760591,-92.01823,310.0277,301.9877,328.0753,1,5.007686,2.897881,-91.93434,50.93997,89.13433,340.6417
207.3606,1,4.754204,2.771116,-91.30689,293.5311,282.4633,320.6525,1,4.972443,2.827131,-91.2664,67.63831,117.92,9.269279
207.472,1,4.673506,2.837992,-90.59671,280.7057,136.8194,82.83058,1,4.88868,2.766009,-90.65076,51.50412,123.8522,26.75269
207.5804,1,4.573651,2.881222,-89.96418,301.3526,93.97819,123.239,1,4.85015,2.803303,-90.01738,52.16302,122.2809,36.5297
207.689,1,4.474388,2.931885,-89.41026,309.3645,85.96745,142.3565,1,4.776809,2.921027,-89.4269,53.32145,40.67749,282.1526
207.8035,1,4.389256,2.99092,-88.89148,320.1825,84.22646,153.0144,1,4.684824,3.014569,-88.84719,18.14708,50.13981,305.8216
207.9054,1,4.312265,3.016102,-88.42506,330.0926,90.50636,152.4891,1,4.567695,3.038214,-88.35375,13.4314,42.09232,325.628
208.0065,1,4.226427,2.996603,-88.07728,328.2277,100.34,137.3692,1,4.482007,2.997357,-87.99596,9.236857,58.1954,328.8794
208.1217,1,4.137489,2.907443,-87.75352,305.5267,103.58,117.2527,1,4.397588,2.976063,-87.64877,15.99986,64.58086,327.3618
208.2404,1,4.048679,2.860709,-87.45764,308.5694,88.43232,131.5519,1,4.332962,2.95013,-87.33662,31.85325,65.13277,333.1804
208.3526,1,3.952242,2.831422,-87.12769,293.6047,70.52636,149.1132,1,4.246905,2.925778,-87.00822,35.1186,62.42865,330.2774
208.4533,1,3.871695,2.805486,-86.84371,293.4405,32.53611,192.6403,1,4.166986,2.907249,-86.73367,42.25249,62.19769,329.7824
208.5551,1,3.789253,2.793555,-86.55692,292.1636,41.11437,182.6579,1,4.079623,2.878947,-86.45751,45.79966,58.82829,323.5841
208.6561,1,3.69772,2.803689,-86.26175,291.6503,42.47031,179.3819,1,3.980671,2.862274,-86.16971,48.33786,54.32012,318.2934
208.7572,1,3.590059,2.825214,-85.94857,289.2946,46.26135,169.9502,1,3.873137,2.858111,-85.86967,51.39621,60.18631,321.5677
208.8579,1,3.462643,2.841601,-85.62907,291.0092,58.45479,156.978,1,3.765674,2.844626,-85.56339,57.42643,64.56871,329.0254
208.9583,1,3.346997,2.874251,-85.31351,293.2813,72.32509,145.9527,1,3.643871,2.833604,-85.25021,60.57019,66.8494,332.3212
209.0599,1,3.211444,2.910944,-84.96954,307.4853,75.36028,141.5982,1,3.50634,2.812274,-84.93644,62.00336,87.91811,356.3992
209.162,1,3.083438,2.984063,-84.61684,315.1567,73.20792,147.9608,1,3.354789,2.791262,-84.60165,60.49807,108.6321,24.47248
209.2668,1,2.942712,3.01661,-84.22711,327.6719,68.86107,155.8634,1,3.213558,2.789867,-84.23122,64.31474,118.6328,48.91771
209.3677,1,2.799187,3.034986,-83.83549,344.1395,73.6544,158.3465,1,3.06911,2.878802,-83.83361,74.18893,60.82218,325.4135
209.4694,1,2.650931,3.046248,-83.43996,359.6333,79.06269,158.9109,1,2.891827,2.936608,-83.4017,33.98079,27.34422,287.6431
209.5736,1,2.504541,3.056186,-83.01643,1.74558,86.72456,161.3287,1,2.698611,2.955002,-82.96065,25.87274,40.91597,320.6626
209.6788,1,2.340269,3.061179,-82.59295,9.778045,88.05941,164.5929,1,2.498217,2.905356,-82.52964,41.02281,56.60541,327.0818
209.7792,1,2.170187,3.030196,-82.16125,12.23806,108.111,159.1384,1,2.302569,2.80377,-82.15962,61.28718,76.94587,334.0717
209.8798,1,1.972036,2.998591,-81.76301,352.9928,113.2402,136.0304,1,2.070476,2.749597,-81.77003,64.54073,132.1353,38.10249
209.9919,1,1.644439,2.958102,-81.32645,324.8796,87.42533,118.4305,1,1.792179,2.763754,-81.29391,43.80996,220.1104,153.9675
210.1029,1,1.31033,2.87855,-80.78382,316.5725,40.04454,147.7753,1,1.499374,2.765121,-80.73685,22.91099,212.2023,152.8671
210.2095,1,1.112064,2.870303,-80.24816,313.608,38.86288,179.6603,1,1.252548,2.768708,-80.24841,5.65977,209.7927,155.7462
210.3116,1,0.8872913,2.921433,-79.70776,313.4885,68.38163,134.3098,1,0.9683304,2.767675,-79.77433,2.587836,206.2748,163.3948
210.4227,1,0.6322569,3.020529,-79.13491,336.3864,79.86573,143.0356,1,0.6445696,2.820697,-79.19005,58.80069,165.9595,154.4338
210.534,1,0.386616,3.03592,-78.52981,352.6166,88.25925,152.7426,1,0.4145483,2.856076,-78.57899,77.26543,220.2569,209.902
210.6407,1,0.208004,3.037611,-78.0267,2.406798,94.40991,155.8757,1,0.3879512,2.909805,-78.10762,50.15537,18.94072,340.9118
210.7412,1,0.06915331,3.029783,-77.55192,15.26725,103.5512,165.6566,1,0.2270604,2.877477,-77.65366,71.26875,70.35004,345.4678
210.843,1,-0.04073628,2.984275,-77.12041,36.73323,119.3865,181.7191,1,0.08710023,2.846141,-77.18331,63.03268,106.3419,0.4962947
210.9455,1,-0.1696019,2.915432,-76.76425,40.09794,123.8084,184.5813,1,-0.02948774,2.846739,-76.78366,49.79172,101.2788,353.474
211.0464,1,-0.3182912,2.863476,-76.42513,55.51021,145.2037,202.2673,1,-0.1422186,2.866904,-76.43912,61.40903,88.65136,330.2689
211.1619,1,-0.4601993,2.813179,-76.08005,62.84954,156.2997,222.6283,1,-0.3129562,2.882759,-76.04018,61.42028,39.30958,312.8125
211.281,1,-0.6037752,2.793552,-75.77553,65.57551,154.3915,214.1115,1,-0.4919306,2.880704,-75.69687,56.54689,49.98309,342.2716
211.3949,1,-0.7749751,2.747621,-75.52845,21.02789,129.8562,158.3947,1,-0.5889413,2.8514,-75.40828,53.54079,66.15601,342.0586
211.4952,1,-0.8490885,2.793744,-75.32525,0.8456075,136.1555,170.6415,1,-0.633433,2.839936,-75.20422,52.52279,61.05779,335.9005
211.5967,1,-0.9591159,2.869642,-75.17395,358.8228,116.2641,124.3954,1,-0.6846041,2.850758,-75.0274,56.94713,57.53035,332.8673
211.6976,1,-1.051907,2.9548,-75.00043,336.3217,91.65107,106.8133,1,-0.7326964,2.899647,-74.87576,56.78289,56.9443,331.2626
211.7982,1,-1.091552,2.988514,-74.8608,323.2014,86.57048,122.9642,1,-0.7649754,2.907886,-74.7602,53.23087,60.30666,332.345
211.9012,1,-1.116117,2.98949,-74.73937,328.3812,90.45261,140.1743,1,-0.7931913,2.900897,-74.64829,51.27411,62.24323,333.1193
212.0123,1,-1.153674,2.967277,-74.57111,335.204,87.43398,154.3769,1,-0.8242249,2.893288,-74.50629,51.84423,59.73334,330.7643
212.1273,1,-1.203939,2.947517,-74.40527,332.603,88.25684,142.3864,1,-0.8645578,2.888868,-74.33994,51.16544,59.01874,328.6526
212.2275,1,-1.255113,2.935147,-74.2477,324.1521,87.84366,143.8049,1,-0.9064502,2.891362,-74.17387,51.96045,59.82869,328.961
212.3306,1,-1.298903,2.915142,-74.0589,325.0478,91.95023,138.0698,1,-0.9543481,2.893059,-73.98511,51.8807,60.62806,328.7094
212.446,1,-1.352243,2.900975,-73.80531,323.8591,92.75573,136.084,1,-1.016926,2.877683,-73.72142,50.70454,67.2,326.1172
212.5611,1,-1.407195,2.904759,-73.51865,321.293,93.3223,136.4695,1,-1.071226,2.878952,-73.44221,52.36559,64.51304,325.0497
212.6778,1,-1.467351,2.907184,-73.19525,321.3904,94.24174,136.9075,1,-1.128459,2.877324,-73.12823,53.54692,64.03638,325.2399
212.7936,1,-1.531713,2.898689,-72.8381,321.1554,97.66536,135.0617,1,-1.183925,2.869867,-72.78373,59.87381,51.84803,315.8271
212.9097,1,-1.560619,2.830674,-72.46569,302.4139,92.49307,128.3355,1,-1.242125,2.886613,-72.39516,61.70103,52.94064,314.1075
213.0263,1,-1.522998,2.719471,-72.07298,277.2116,330.975,244.1418,1,-1.297514,2.909839,-71.96674,62.41862,67.28623,325.084
213.1411,1,-1.492106,2.681119,-71.6552,292.5955,334.8909,273.2884,1,-1.351782,2.904697,-71.53169,51.84787,81.23563,338.0749
213.2511,1,-1.564433,2.75938,-71.18112,300.7802,302.3936,308.7759,1,-1.391784,2.886801,-71.04661,44.36531,73.98318,325.8319
213.3665,1,-1.682932,2.774578,-70.64066,292.8656,236.7679,359.4411,1,-1.422145,2.852847,-70.54785,50.59386,62.36482,318.2949
213.476,1,-1.791388,2.823615,-70.06262,286.2928,140.7869,84.34883,1,-1.463367,2.842139,-70.03336,59.35822,68.70202,323.5492
213.582,1,-1.832481,2.831278,-69.49815,284.183,106.7808,128.0768,1,-1.48691,2.884031,-69.4574,53.79269,59.37412,313.7667
213.6891,1,-1.850278,2.810198,-68.92313,286.6699,120.4344,116.7612,1,-1.527234,2.907671,-68.86441,49.86813,83.51293,332.034
213.8015,1,-1.865177,2.834913,-68.32191,298.8993,106.1347,130.3447,1,-1.532884,2.888463,-68.2747,48.10981,76.7332,321.4424
213.9103,1,-1.865011,2.856809,-67.68803,295.0291,107.8885,128.3164,1,-1.531933,2.884723,-67.6623,48.34313,73.98193,317.5083
214.0214,1,-1.850901,2.845686,-67.05276,301.2876,103.5608,130.6691,1,-1.52031,2.884763,-67.03111,47.05605,73.65157,315.4117
214.1297,1,-1.81941,2.832763,-66.39661,300.9128,104.0335,129.8074,1,-1.494937,2.889379,-66.37937,45.84256,74.79651,315.0568
214.2388,1,-1.753526,2.786375,-65.72956,293.5321,109.4046,116.9832,1,-1.456218,2.921722,-65.69833,36.33817,78.62716,318.0807
214.347,1,-1.622094,2.716664,-65.06367,277.2725,342.1409,240.8535,1,-1.433707,3.023534,-65.01476,31.5391,79.33997,332.7463
214.4562,1,-1.492855,2.708182,-64.42441,302.1841,359.3915,251.841,1,-1.437963,3.044284,-64.29588,348.86,75.50137,321.9312
214.565,1,-1.397165,2.762767,-63.73238,306.5996,310.6567,323.0114,1,-1.401293,3.04481,-63.57039,346.234,69.1502,325.7926
214.6735,1,-1.32556,2.7383,-62.97202,317.0672,300.8193,346.9484,1,-1.320195,3.047121,-62.83473,348.0154,69.3245,343.3843
214.7803,1,-1.220597,2.737204,-62.21999,310.0956,303.0514,336.9331,1,-1.19933,3.046571,-62.09663,350.3965,71.76008,340.6259
214.8843,1,-1.106306,2.737143,-61.46996,313.9358,303.5517,342.5286,1,-1.088026,3.045192,-61.34414,345.5607,71.32448,342.1711
214.9873,1,-0.9581136,2.76442,-60.72317,348.1449,308.8849,350.3708,1,-1.007567,3.039227,-60.59738,332.9873,61.93949,346.7284
215.0905,1,-0.8098665,2.81245,-59.97797,336.7028,319.3294,349.8701,1,-0.9209347,3.011519,-59.85826,324.4598,53.53588,351.8411
215.1932,1,-0.7057758,2.798951,-59.25256,321.314,325.5561,333.5061,1,-0.8117871,2.982134,-59.13564,317.2829,51.86531,354.8289
215.2962,1,-0.5926883,2.803763,-58.58238,320.3071,325.9274,332.0283,1,-0.6954404,2.973551,-58.47542,313.1682,47.53218,358.8181
215.4044,1,-0.4798353,2.793952,-57.95912,320.3064,325.8944,330.8026,1,-0.5904933,2.958757,-57.86238,304.0431,35.12869,11.85784
215.5126,1,-0.3785122,2.75875,-57.36254,318.2922,329.2479,330.1872,1,-0.4915836,2.921999,-57.30117,297.206,17.64517,24.75945
215.6154,1,-0.2842671,2.755037,-56.8301,309.7961,339.1408,323.7665,1,-0.3970994,2.874784,-56.80194,299.8655,347.8212,57.88817
215.7232,1,-0.3382484,2.849348,-56.46908,276.5806,41.25732,281.398,1,-0.2892608,2.849748,-56.3656,305.2693,320.8836,88.72359
215.8325,1,-0.2843627,2.773756,-56.01185,292.7798,44.21799,294.1987,1,-0.2041908,2.821292,-55.9265,301.0441,336.3878,71.93806
215.942,1,-0.2611253,2.858014,-55.60498,318.4939,150.4608,207.0023,1,-0.1223164,2.818204,-55.54867,303.8771,356.5652,49.89933
216.0519,1,-0.2341246,2.850251,-55.26671,316.3235,147.5421,191.0386,1,-0.06695622,2.817528,-55.21208,302.3494,350.0006,55.30569
216.1613,1,-0.1911091,2.867642,-54.95071,307.2686,138.0231,158.1272,1,-0.01225383,2.80838,-54.8806,301.9056,349.479,54.23988
216.2708,1,-0.1038603,2.868623,-54.61065,296.5963,100.0177,143.2645,1,0.04613248,2.794818,-54.54698,296.2846,7.664904,29.25483
216.3794,1,-0.01646321,2.838646,-54.21319,310.0128,91.67661,153.6553,1,0.1261237,2.788778,-54.21061,294.3694,357.4382,38.52704
216.4945,1,0.0595554,2.818116,-53.74587,305.1759,98.21729,158.4044,1,0.2237478,2.77114,-53.78168,315.9303,32.33025,345.521
216.5958,1,0.1159526,2.812424,-53.33559,309.567,85.94391,170.6565,1,0.3085269,2.76571,-53.37752,310.7771,28.89629,352.9091
216.7019,1,0.1848628,2.804603,-52.91688,306.6748,84.45015,172.5749,1,0.3735953,2.79315,-52.93504,343.7149,27.86855,30.78008
216.8111,1,0.2640731,2.789947,-52.44205,301.7051,69.20819,190.664,1,0.5229681,2.879228,-52.47877,26.88689,44.9783,346.3357
216.9218,1,0.3512277,2.78665,-51.93034,299.1086,60.10603,199.2877,1,0.6290998,2.918695,-51.94965,12.13925,73.27924,305.9279
217.0317,1,0.4713111,2.74243,-51.37493,297.36,37.19144,222.898,1,0.6902639,2.931156,-51.32584,22.8207,96.27572,310.5114
217.1406,1,0.615597,2.746836,-50.80122,295.4865,338.3557,284.1357,1,0.7063209,2.979751,-50.70988,15.41238,77.06823,316.7903
217.2436,1,0.7051705,2.761328,-50.15509,331.254,298.6429,336.3712,1,0.7197191,3.007408,-50.03978,10.88479,71.47736,317.4304
217.3512,1,0.7613063,2.776586,-49.45544,330.333,305.2392,347.26,1,0.7645371,2.994637,-49.31962,0.7430037,70.35469,325.2802
217.4581,1,0.8053843,2.76868,-48.70242,327.0277,308.0004,335.6874,1,0.8020525,3.000016,-48.58216,1.831264,63.60676,326.6529
217.5641,1,0.824428,2.770269,-47.93214,326.6285,308.5931,338.1006,1,0.8265586,2.994884,-47.80804,0.5976567,65.75276,326.1075
217.6727,1,0.8257471,2.773065,-47.12337,325.9437,307.1493,338.0606,1,0.8403876,2.994024,-46.99877,1.537092,64.17773,325.7805
217.7816,1,0.7978367,2.779999,-46.28939,321.8486,302.8205,332.9871,1,0.8518335,3.006753,-46.15586,350.5838,75.44077,325.9859
217.8842,1,0.7228218,2.771785,-45.41925,310.0178,295.9006,315.6696,1,0.8792866,2.998269,-45.29099,357.4883,75.1413,328.6735
217.993,1,0.6710877,2.77121,-44.51829,303.3743,295.549,311.9945,1,0.8227987,2.973733,-44.39272,1.48055,70.07175,325.0611
218.1035,1,0.6020175,2.775547,-43.60201,302.6407,307.4392,303.6429,1,0.7069352,2.990144,-43.47351,1.154151,67.59563,323.568
218.2138,1,0.5142785,2.776568,-42.67016,316.119,298.2013,317.9436,1,0.5719253,3.01065,-42.53847,357.9553,66.63383,326.24
218.3139,1,0.4080253,2.772195,-41.87113,323.0687,289.1609,337.1879,1,0.4560244,3.012226,-41.73429,357.4189,63.82602,328.1533
218.4243,1,0.2752993,2.78423,-40.91944,320.7999,291.8677,332.0556,1,0.286625,3.013362,-40.78545,354.8027,58.64515,330.1178
218.5343,1,0.106199,2.798798,-39.9689,324.2232,292.8049,331.9153,1,0.07894538,3.02458,-39.83836,351.7401,53.11837,336.5499
218.6439,1,-0.1128509,2.799911,-39.01782,324.4236,290.0204,332.5416,1,-0.1634311,3.045379,-38.8914,352.0179,43.11559,337.5006
218.7527,1,-0.4099408,2.790205,-38.0739,322.0625,283.855,315.523,1,-0.3880354,3.041847,-37.9189,355.8434,61.18261,339.3577
218.8578,1,-0.7784154,2.837516,-37.12877,293.0551,303.5424,267.7227,1,-0.5316758,2.963619,-36.96272,25.18519,71.85928,331.5435
218.9686,1,-1.148994,2.959851,-36.09095,311.6722,69.78952,132.7854,1,-0.8347734,2.799611,-36.10897,53.19516,120.2794,15.76041
219.0856,1,-1.371934,3.080352,-35.06068,349.794,81.8075,148.9444,1,-1.300401,2.719029,-35.22106,55.88755,196.7559,108.0769
219.1956,1,-1.560754,3.022142,-34.07249,25.58481,102.4221,163.662,1,-1.673646,2.804307,-34.27073,58.85005,190.9854,155.2484
219.3112,1,-1.890162,2.889305,-33.11807,58.2236,127.6633,180.7168,0,0,0,0,0,0,0
219.4115,1,-2.183913,2.843732,-32.32333,63.75871,167.3285,229.2507,1,-2.006758,2.917412,-32.19535,14.4675,21.43765,9.716227
219.5235,1,-2.556277,2.793348,-31.35519,66.62633,170.3206,222.3459,1,-2.311572,2.906895,-31.30376,38.00488,33.93368,66.61616
219.6389,1,-2.902954,2.748997,-30.35229,57.25817,126.884,163.8366,1,-2.695992,3.011424,-30.31438,37.14177,3.345544,286.4177
219.7549,1,-3.185676,2.750504,-29.31137,54.11944,143.7981,186.9875,1,-3.04642,3.008103,-29.16374,24.11782,68.42561,302.5876
219.8555,1,-3.448168,2.724005,-28.425,52.94573,137.2841,187.1762,1,-3.226373,2.949083,-28.2567,24.08088,67.39024,348.1705
219.9715,1,-3.669545,2.723629,-27.33723,14.0752,127.7085,167.5332,1,-3.385741,2.896332,-27.22679,35.94717,67.25792,315.998
220.0717,1,-3.795596,2.76679,-26.40126,5.061146,140.4516,167.8383,1,-3.498044,2.895441,-26.28818,42.26762,67.64696,319.8322
220.191,1,-3.890571,2.83712,-25.27572,346.8471,125.6049,133.1091,1,-3.59181,2.888976,-25.1722,45.67652,71.71013,319.6117
220.2962,1,-3.935363,2.912461,-24.08146,325.7647,111.0499,103.2246,1,-3.630131,2.931402,-24.03466,45.86491,70.42625,317.128
220.4094,1,-3.915786,2.940335,-22.87839,308.3456,105.0115,127.6462,1,-3.617789,2.974838,-22.87151,42.03334,68.20609,316.8835
220.5249,1,-3.811516,2.911524,-21.72787,316.7671,93.69696,153.703,1,-3.531668,2.977059,-21.72382,35.72171,75.5712,323.9978
220.6419,1,-3.669905,2.900904,-20.57273,315.8602,98.20229,146.6442,1,-3.382589,2.964205,-20.58632,35.60596,79.31474,323.7165
220.7548,1,-3.46284,2.877613,-19.41936,313.736,96.66704,143.0502,1,-3.180362,2.951727,-19.45696,41.12588,114.1025,336.3235
220.8678,1,-3.148499,2.740703,-18.33108,288.4147,45.08235,190.2857,1,-2.990073,2.990667,-18.30115,20.66363,99.13425,331.1777
220.9796,1,-2.758682,2.719184,-17.31209,301.3415,25.2171,245.621,1,-2.772119,3.055442,-17.13809,348.9084,73.35331,333.8232
221.0886,1,-2.445353,2.798808,-16.1841,294.8297,35.68827,281.0842,1,-2.466704,3.004105,-16.0276,334.6162,66.37901,342.9922
221.1949,1,-2.162924,2.878282,-15.06006,309.791,127.5562,198.6106,1,-2.07473,2.97326,-14.92871,336.8451,70.18319,333.2027
221.3046,1,-1.851151,3.003563,-13.9833,319.6658,150.0363,156.4557,1,-1.686602,2.954811,-13.83977,326.8427,61.24319,343.6089
221.4131,1,-1.413038,3.044056,-12.88426,321.2568,132.7522,141.7336,1,-1.265332,2.824205,-12.74993,317.4451,51.22567,346.1698
221.5149,1,-0.8920242,2.958242,-11.66352,336.1888,121.9683,113.2186,1,-0.7912071,2.690494,-11.78971,325.6891,47.89802,352.4072
221.6185,1,-0.429191,2.871522,-10.52221,330.7263,93.5535,143.7034,1,-0.2553753,2.697226,-10.76093,343.0544,55.80921,331.2851
221.7232,1,-0.01840273,2.815574,-9.527246,291.6871,107.2636,135.6134,1,0.2543266,2.739768,-9.681726,2.053142,91.6995,12.4011
221.8318,1,0.5019325,2.72457,-8.524944,291.5028,350.8738,258.0906,1,0.714707,2.838257,-8.581587,69.52528,149.5983,34.3803
221.9342,1,1.037883,2.728115,-7.533506,300.1534,20.55624,275.2594,1,1.142472,2.925057,-7.464705,74.32312,89.11854,321.349
222.039,1,1.488427,2.805369,-6.427396,294.783,92.44709,216.4691,1,1.543533,2.996852,-6.284613,54.92692,91.86723,319.0208
222.1454,1,1.84673,2.816087,-5.29943,307.9519,108.3742,200.1154,1,1.865675,3.034386,-5.156223,9.374922,114.4341,332.643
222.2537,1,2.070092,2.876734,-4.220472,311.2523,129.4393,176.7396,1,2.156905,3.039236,-4.059242,358.2692,95.86105,325.985
222.3556,1,2.262765,2.953923,-3.164913,301.9774,123.7175,163.714,1,2.368057,3.035686,-3.021662,340.4497,75.48236,337.0969
222.4616,1,2.410676,2.99471,-2.18899,303.9693,100.5899,150.5286,1,2.56444,3.001405,-2.029523,329.6003,59.33353,341.0352
222.5688,1,2.598174,2.942919,-1.210324,301.1125,106.6687,128.1317,1,2.756852,2.997385,-1.067069,336.4048,66.17108,335.3297
222.6771,1,2.75688,2.863965,-0.2891704,309.7696,75.87222,170.4679,1,2.948858,3.036833,-0.1525737,353.5986,84.0148,335.2672
222.7773,1,2.870971,2.791312,0.5896336,305.7892,59.12988,200.7295,1,3.08978,3.035541,0.7043377,358.2652,91.59216,335.877
222.8827,1,2.946677,2.753431,1.410777,298.782,47.58631,205.4223,1,3.160343,3.002448,1.5279,0.3295414,83.28647,324.0299
222.9883,1,2.960659,2.758938,2.193883,285.4781,343.1115,264.5132,1,3.157006,3.009273,2.309167,1.254971,76.96848,328.6219
223.0908,1,2.946498,2.789756,2.916295,281.573,317.7923,283.2183,1,3.161732,3.003819,3.027054,12.36158,77.60443,333.5416
223.1989,1,2.885513,2.825612,3.62059,285.7274,103.636,127.7752,1,3.183522,2.963016,3.689362,27.26077,77.33031,332.664
223.3085,1,2.828669,2.836656,4.259743,286.7543,85.44234,148.9628,1,3.149165,2.940176,4.316747,27.6227,72.59196,329.5032
223.4136,1,2.783535,2.839636,4.832734,295.9801,92.33689,138.4924,1,3.090093,2.938328,4.889969,35.63346,73.81817,331.3769
223.5231,1,2.730161,2.867907,5.391769,299.4345,94.88998,128.7949,1,3.033774,2.910561,5.428997,43.11899,78.54738,334.3759
223.6389,1,2.657924,2.925481,5.952427,307.8215,99.10482,127.9238,1,2.964497,2.85776,5.961994,53.20398,76.14991,327.6846
223.7495,1,2.573905,2.987313,6.525282,327.573,95.69873,147.3668,1,2.871617,2.820851,6.501781,61.19491,90.46381,339.744
223.86,1,2.524048,3.031551,7.099482,343.7226,88.06991,157.8005,1,2.777703,2.79652,7.046979,56.13552,112.6206,14.0773
223.971,1,2.454209,3.032243,7.671896,351.0984,91.94807,154.4856,1,2.686307,2.798135,7.612241,55.63058,110.1323,22.60497
224.0849,1,2.352187,3.021012,8.241857,345.0298,89.33636,153.8153,1,2.58734,2.826448,8.197824,67.29777,104.5634,7.861486
224.1977,1,2.229352,3.016145,8.81254,345.8196,89.64526,153.4696,1,2.473524,2.878366,8.821723,52.04609,41.42435,293.7254
224.3078,1,2.103596,3.012679,9.397019,347.1227,89.59631,153.1802,1,2.356473,2.852114,9.393859,54.74234,61.80679,318.9751
224.418,1,1.976323,3.012283,9.991192,351.379,96.11133,149.4743,1,2.225682,2.831444,9.984575,58.60334,59.69386,318.0943
224.5281,1,1.841136,3.011196,10.59716,349.2501,94.66759,148.9341,1,2.088835,2.835049,10.59124,64.23467,58.83479,320.4416
224.644,1,1.684794,2.99981,11.20475,335.4175,98.57625,135.7874,1,1.942643,2.837234,11.21082,63.2669,57.91203,320.06
224.7538,1,1.512568,2.978874,11.80936,330.6716,84.12271,144.2152,1,1.771401,2.819537,11.83282,66.06043,58.32837,319.4905
224.863,1,1.350029,2.972411,12.46085,329.3573,60.41597,161.7338,1,1.567186,2.777202,12.4245,79.20565,78.58395,336.8023
224.976,1,1.218389,2.98916,13.12516,344.1228,82.27225,145.0773,1,1.362596,2.781175,13.0472,63.92384,185.3147,97.6826
225.0878,1,1.084669,3.030814,13.81421,357.5385,104.0856,145.527,1,1.130448,2.769282,13.66946,43.42115,224.548,158.296
225.1886,1,0.9819666,3.022478,14.4197,18.45319,108.1587,159.1362,1,0.9388753,2.78869,14.24676,36.29956,209.2384,162.9995
225.2987,1,0.8240741,2.974154,15.08293,40.85649,113.7978,166.4801,1,0.7604007,2.789699,14.95664,72.91147,157.4415,119.4901
225.4104,1,0.6554126,2.883284,15.74342,52.54432,138.7957,189.5731,1,0.5923736,2.789947,15.69544,61.98804,53.781,32.92446
225.5293,1,0.4389299,2.778367,16.38418,61.12518,161.1105,221.3816,1,0.7426606,3.007918,16.36669,16.30068,12.81059,20.90989
225.6423,1,0.134124,2.712626,17.01277,24.18386,128.4358,156.9007,1,0.3911278,3.050274,17.09329,48.50005,12.96202,297.4718
225.7579,1,-0.06697477,2.727807,17.66619,28.01819,128.4567,165.5205,1,0.05374192,2.978135,17.8574,22.1729,72.32719,315.9799
225.8613,1,-0.2185926,2.727175,18.19021,35.10121,120.4701,178.5801,1,-0.02203427,2.950538,18.37053,23.72676,75.00923,332.7546
225.9711,1,-0.3750101,2.717418,18.75478,31.88061,100.9878,167.2409,1,-0.09827263,2.891025,18.89547,40.20269,80.29965,330.7181
226.0836,1,-0.5327282,2.822466,19.27162,29.21282,85.93315,183.8084,1,-0.2046509,2.816321,19.36936,57.48709,93.43451,349.5438
226.2003,1,-0.6405666,2.858684,19.78698,6.409074,66.34228,178.7217,1,-0.3303831,2.779286,19.84301,56.52507,109.214,9.838026
226.31,1,-0.7148323,2.89407,20.23189,332.5236,66.88985,165.3745,1,-0.4099573,2.786951,20.29499,58.81224,109.8125,7.042108
226.422,1,-0.755101,2.922149,20.63689,295.9009,91.90611,153.6672,1,-0.4615656,2.794824,20.68601,58.18679,109.9738,6.284633
226.5352,1,-0.7669473,2.906373,21.01883,313.1358,82.28342,160.9403,1,-0.5253278,2.777173,21.02047,57.94945,112.2259,8.278324
226.6524,1,-0.8143693,2.929933,21.32071,320.8891,99.95207,143.0718,1,-0.5893875,2.766513,21.28442,65.84499,143.1125,45.34274
226.7653,1,-0.8332496,2.944588,21.58809,325.6284,88.10052,152.9895,1,-0.6014884,2.773811,21.55621,66.63215,136.2848,36.09261
226.8788,1,-0.8571464,2.93818,21.86201,323.1464,84.61751,155.715,1,-0.6113251,2.776963,21.83311,64.92975,133.2889,33.08619
226.9976,1,-0.8790547,2.928353,22.15648,319.9406,84.04251,155.6004,1,-0.6306639,2.777277,22.11656,62.42315,129.918,29.54892
227.1114,1,-0.8938779,2.930592,22.45765,319.6846,85.27516,155.7666,1,-0.6498927,2.774946,22.41702,62.30853,130.1943,28.53012
227.222,1,-0.9081007,2.927925,22.77798,319.9708,86.56489,155.5458,1,-0.6633112,2.773586,22.73466,62.38868,130.7081,28.01704
227.3237,1,-0.9143323,2.925206,23.06733,319.9218,87.32976,155.4324,1,-0.6701882,2.773328,23.02125,62.35765,131.3375,27.86613
227.4317,1,-0.9185024,2.923333,23.42158,318.6443,88.21819,155.4436,1,-0.6703176,2.7767,23.37533,62.50256,132.6183,28.0421
227.5449,1,-0.9180135,2.888457,23.79397,316.1024,87.59435,154.2388,1,-0.6481144,2.800234,23.75113,65.00648,131.6407,24.00844
227.6471,1,-0.9010113,2.824545,24.16039,313.4962,80.91097,157.94,1,-0.6034833,2.839942,24.16945,59.34924,98.95938,341.6713
227.7506,1,-0.8544344,2.764854,24.50252,317.2549,63.67287,173.8292,1,-0.5706569,2.895846,24.54151,53.56408,72.84636,313.633
227.8595,1,-0.7832516,2.735547,24.93219,316.2462,57.32965,194.8894,1,-0.5613892,2.963969,24.99352,42.63235,79.63819,321.2356
227.9691,1,-0.6938999,2.770741,25.34886,300.8912,336.1328,291.2136,1,-0.564065,3.006718,25.46001,28.82621,84.08044,326.3564
228.0775,1,-0.6245042,2.761978,25.81675,299.6096,319.2375,338.1308,1,-0.5681074,3.034559,25.95778,13.42366,87.25465,328.8719
228.1874,1,-0.5548118,2.79044,26.33558,302.0564,30.04493,271.1147,1,-0.5658512,3.033246,26.46686,4.038966,82.94006,326.8994
228.2903,1,-0.526176,2.858322,26.84896,321.1868,117.2282,214.4068,1,-0.5402976,3.017128,26.98598,353.1124,73.23138,327.0046
228.3956,1,-0.5912679,3.02481,27.33263,338.1568,137.9415,198.3886,1,-0.5028113,2.98242,27.50722,332.5587,52.41247,330.0512
228.5017,1,-0.5894518,3.121084,27.81742,341.6201,108.4597,165.7566,1,-0.4758846,2.860038,28.08092,306.9301,37.83492,331.9417
228.6106,1,-0.4622545,3.064121,28.48866,327.8389,113.0907,120.3598,1,-0.3628112,2.729513,28.53931,323.2668,27.17211,5.425947
228.7141,1,-0.3457935,2.950533,29.23092,342.8159,116.9104,122.0653,1,-0.192292,2.715182,29.09801,330.4615,31.93236,343.4732
228.821,1,-0.2410758,2.89258,29.80869,330.7525,108.102,146.0838,1,-0.07224479,2.737533,29.69151,2.750915,36.2104,344.5373
228.9281,1,-0.1714017,2.872619,30.36687,310.2646,97.44423,142.0643,1,0.07135372,2.787588,30.28795,30.80976,64.25499,14.11932
229.0287,1,-0.06724258,2.797176,30.94692,296.7818,63.53886,181.8931,1,0.2231239,2.881641,30.87065,31.6197,94.62099,8.867333
229.1352,1,0.06844626,2.73691,31.54628,296.9659,43.52935,200.695,1,0.330992,2.914421,31.49179,20.34689,97.69402,341.7477
229.2433,1,0.1607973,2.735287,32.16736,298.7049,45.73926,207.8672,1,0.3886813,2.92384,32.17403,21.83528,91.36076,296.3034
229.3461,1,0.2233377,2.759632,32.80586,292.4194,38.2038,213.2794,1,0.4783699,2.95386,32.89882,38.94965,62.71802,321.8122
229.4523,1,0.2801722,2.760178,33.45498,299.0051,45.95525,210.7258,1,0.5141015,2.961596,33.50345,32.405,76.85133,327.4453
229.5597,1,0.3549386,2.755819,34.10499,301.0943,44.56399,212.0542,1,0.5629542,2.964114,34.17202,23.2271,78.31915,326.9438
229.6668,1,0.4212532,2.754165,34.75382,292.876,12.87426,249.3644,1,0.5952565,2.993521,34.85706,17.4265,74.80505,330.155
229.7737,1,0.4417458,2.751345,35.44014,289.6367,6.478188,253.2001,1,0.6468096,2.989855,35.54909,21.05767,70.16607,336.3139
229.8836,1,0.4367398,2.756218,36.14099,288.8952,0.7286688,254.7055,1,0.6996357,2.953519,36.24816,26.03518,60.14408,330.0539
229.9915,1,0.4233869,2.775277,36.84094,289.4925,7.932326,247.5013,1,0.6950524,2.956749,36.9453,29.59247,64.56046,332.5475
230.0916,1,0.4133826,2.77612,37.55955,290.5452,19.50044,234.2136,1,0.6825397,2.960038,37.66627,30.26686,63.87346,327.729
230.197,1,0.3933605,2.777718,38.28234,290.8571,20.66495,232.2124,1,0.6487136,2.968172,38.40252,27.24174,65.02612,323.8052
230.3015,1,0.3624932,2.7778,39.01584,287.2907,344.64,261.4238,1,0.6101517,2.967797,39.13426,20.54355,69.32619,327.345
230.4058,1,0.3077187,2.783437,39.76314,295.0462,233.4725,11.90922,1,0.566214,2.961554,39.87885,22.27993,67.70135,326.5351
230.5119,1,0.2381891,2.79112,40.52005,276.052,198.4229,39.94751,1,0.5101693,2.947693,40.63184,26.22634,66.83341,325.0327
230.6194,1,0.1295188,2.868958,41.30087,291.8549,92.11582,137.4141,1,0.4421117,2.848789,41.35328,56.67622,77.80074,324.4005
230.728,1,0.02574727,2.951353,42.09491,298.6805,99.70646,134.497,1,0.3450319,2.794962,42.09764,67.60766,71.39615,324.7253
230.837,1,-0.0686256,2.939995,42.86293,305.6738,77.06705,162.7329,1,0.2394462,2.807954,42.88779,65.30737,60.69823,316.6696
230.9464,1,-0.1584592,2.834603,43.60842,291.5024,61.12869,167.7411,1,0.139654,2.904038,43.7002,56.75031,58.91966,316.2468
231.0558,1,-0.2123641,2.719559,44.3821,276.3987,274.7714,310.8121,1,0.008816391,2.999532,44.53531,23.53217,65.64002,333.7202
231.1643,1,-0.3349289,2.745682,45.18386,283.662,272.4968,316.1744,1,-0.1461465,3.003237,45.30947,24.95909,67.83488,338.2545
231.2681,1,-0.5166268,2.789714,45.97659,278.7267,267.392,318.3562,1,-0.2737692,2.94465,46.10347,33.3941,66.6384,333.9395
231.3771,1,-0.7258591,2.829709,46.76782,276.2228,112.462,116.3681,1,-0.4228314,2.906738,46.88954,45.90126,57.91502,324.9401
231.4846,1,-0.8943433,2.811124,47.5724,272.7674,106.5359,120.0946,1,-0.6114581,2.919533,47.69675,43.6135,58.83969,328.223
231.5934,1,-1.08849,2.813618,48.36915,275.1451,75.61391,150.3288,1,-0.8114078,2.919912,48.49777,43.93851,61.58643,331.495
231.7036,1,-1.327302,2.864767,49.18007,291.4779,87.14124,136.8512,1,-1.02343,2.860614,49.27845,57.89903,56.03894,320.9867
231.8142,1,-1.564813,2.953593,49.99736,307.715,84.09571,142.1571,1,-1.275492,2.783369,50.04979,76.67165,53.05626,312.4578
231.9233,1,-1.754157,3.047741,50.86703,355.7364,68.60812,150.7629,1,-1.598719,2.718265,50.78735,64.62276,191.379,88.10303
232.0314,1,-1.882612,3.077293,51.68274,0.1868718,100.9911,156.6861,1,-1.892191,2.730728,51.50837,54.55856,213.5813,154.7874
232.1399,1,-2.103917,3.021109,52.49892,20.52057,93.03432,158.8082,1,-2.120419,2.784029,52.35473,69.92584,89.5072,54.01206
232.2486,1,-2.372924,2.991424,53.31958,26.45961,97.42618,153.5169,1,-2.202371,2.996853,53.15483,36.11193,33.56326,1.845982
232.3597,1,-2.588025,2.947947,54.12193,42.46949,111.6717,164.7625,1,-2.371577,3.061509,53.98173,22.5213,4.171627,320.8076
232.4749,1,-2.785138,2.806526,54.88026,48.6368,122.8018,185.5007,1,-2.738403,3.078173,54.80942,30.91258,39.47853,295.7417
232.5844,1,-3.114678,2.76067,55.65763,55.36823,145.407,199.812,1,-3.079172,3.009404,55.76218,14.64563,59.70357,319.871
232.6926,1,-3.395402,2.734563,56.45241,21.06542,128.0191,149.7475,1,-3.296692,2.978638,56.61524,19.22363,59.32531,339.3646
232.8048,1,-3.634575,2.753948,57.25508,1.664994,115.4839,172.3172,1,-3.476696,2.962572,57.41737,28.515,58.80919,326.3244
232.9176,1,-3.913601,2.761703,58.06306,333.1422,104.359,171.4861,1,-3.651907,2.913702,58.23662,42.12819,65.69111,324.1342
233.0303,1,-4.12353,2.751706,58.915,313.9539,92.64503,120.33,1,-3.826777,2.899376,59.09169,44.9348,59.61643,319.0239
233.1322,1,-4.300552,2.823557,59.72935,295.9265,94.68439,107.5139,1,-3.976553,2.933628,59.84239,42.85105,55.86644,315.6903
233.2428,1,-4.446746,2.888391,60.64219,290.5375,133.1941,90.12963,1,-4.122815,2.957406,60.73495,37.06802,56.30285,316.6996
233.354,1,-4.550673,2.879273,61.539,285.9071,114.4672,127.4458,1,-4.236049,2.956625,61.62227,36.0353,59.31889,319.0319
233.4633,1,-4.637356,2.855327,62.45744,295.7542,83.98415,157.7118,1,-4.324655,2.954516,62.51899,35.38142,61.34716,319.8561
233.5747,1,-4.691653,2.831271,63.37591,293.7863,87.86875,149.5646,1,-4.397218,2.964229,63.43268,33.61214,62.38043,320.5131
233.6861,1,-4.716083,2.792277,64.28771,291.1587,85.72047,149.4905,1,-4.464584,2.990224,64.36463,24.91577,63.34018,320.5022
233.7986,1,-4.732164,2.786961,65.2203,286.8981,81.36726,157.6418,1,-4.497554,2.998947,65.30294,21.72809,67.39742,321.0768
233.9095,1,-4.734291,2.792008,66.16735,286.8263,87.32405,153.7961,1,-4.487556,2.996085,66.24065,20.75461,69.55004,322.9356
234.0161,1,-4.709524,2.793891,67.12341,287.3199,89.96622,151.9823,1,-4.457781,2.993235,67.18974,21.48358,70.07626,322.5261
234.1233,1,-4.66051,2.79268,68.08546,287.2969,91.76176,151.1042,1,-4.408552,2.993641,68.14748,21.21662,70.99924,322.8913
234.2306,1,-4.587721,2.789486,69.05351,286.3006,95.88675,147.7942,1,-4.337793,2.994687,69.11267,20.48149,72.31319,323.2361
234.3398,1,-4.477689,2.780821,70.02589,282.368,91.26205,151.8368,1,-4.251783,3.000072,70.08473,14.79175,74.29424,322.9538
234.4489,1,-4.265948,2.754624,70.97084,294.6022,328.8522,273.3925,1,-4.224797,3.031781,71.07738,350.3629,74.61914,322.1485
234.559,1,-4.144584,2.788822,71.89539,297.3622,11.28357,309.012,1,-4.215509,3.017725,72.06551,333.9123,50.96317,352.1974
234.6615,1,-4.080645,2.916816,72.90869,342.6069,149.6573,206.8984,1,-4.071812,2.890975,73.01458,311.799,33.23055,3.806015
234.7663,1,-4.049469,3.09173,73.84253,339.0247,172.2122,208.6026,1,-3.852762,2.755272,73.9506,300.6037,11.07513,24.23483
234.8689,1,-3.861319,3.015278,74.89938,327.5304,151.7695,143.1173,1,-3.590781,2.706048,74.92278,315.0518,47.70472,348.4706
234.9696,1,-3.535451,2.888927,76.04204,311.8994,122.7713,107.0812,1,-3.315278,2.724134,75.88039,1.21001,49.38987,348.2406
235.0771,1,-3.354526,2.85709,76.98869,320.3149,106.1821,128.7252,1,-3.070298,2.781792,76.92086,8.409881,91.31975,29.87477
235.1865,1,-3.230313,2.870139,77.89558,313.7662,91.36298,138.1527,1,-2.930784,2.842292,77.84074,31.1528,79.55334,30.72129
235.2894,1,-3.110781,2.798436,78.74314,296.4359,82.8953,158.1992,1,-2.799999,3.000521,78.69886,357.6374,74.15605,34.43
235.3955,1,-2.965827,2.736845,79.58187,297.8739,66.98291,172.1286,1,-2.724039,3.058668,79.5382,359.8592,80.41421,349.9229
235.5049,1,-2.878022,2.761349,80.3842,288.9552,53.61884,187.6977,1,-2.719221,3.032403,80.43945,2.401657,78.86387,295.7838
235.6069,1,-2.859188,2.846444,81.13367,290.0132,105.297,131.3308,1,-2.601284,3.002645,81.23988,14.13661,69.25836,331.2168
235.7115,1,-2.800334,2.835008,81.82664,294.8652,95.68742,141.9772,1,-2.526109,2.996876,81.91274,11.55005,63.65833,326.5078
235.8204,1,-2.753103,2.817232,82.47592,293.7569,91.75624,145.5793,1,-2.497447,2.994333,82.55271,12.21024,62.69605,325.321
235.9305,1,-2.719373,2.812685,83.07112,293.1181,91.21572,145.1051,1,-2.473803,2.998197,83.16112,12.14622,63.11629,325.8271
236.0333,1,-2.700534,2.80824,83.62133,294.1933,91.14149,145.2154,1,-2.451788,2.995644,83.713,12.28306,61.78793,324.4385
236.1401,1,-2.687009,2.807735,84.12173,294.662,90.64623,145.3732,1,-2.440214,2.996104,84.21494,12.6973,61.35527,323.9941
236.2466,1,-2.680239,2.808924,84.57215,295.1733,90.52905,145.3601,1,-2.434173,2.995076,84.66717,13.40749,61.4572,323.6219
236.3549,1,-2.679821,2.812689,84.9734,295.5424,89.99699,145.9385,1,-2.430032,2.991804,85.07292,14.844,60.76365,322.7352
236.4634,1,-2.688773,2.829039,85.32415,296.6143,89.49008,147.1408,1,-2.422947,2.979155,85.4297,18.82572,57.60743,318.0143
236.5702,1,-2.720648,2.913386,85.65122,314.4067,101.4561,137.0476,1,-2.416887,2.912568,85.69852,43.68839,69.13783,306.6477
236.6836,1,-2.665036,3.045486,85.98371,341.8458,93.59395,149.534,1,-2.44037,2.78597,85.92809,76.86892,112.4671,336.6592
236.7906,1,-2.561943,3.046765,86.19934,355.0455,106.3416,150.3886,1,-2.502998,2.745582,86.06544,56.2431,143.2285,25.93974
236.9037,1,-2.529207,3.014004,86.35919,17.89533,116.9738,154.3884,1,-2.498051,2.763829,86.19901,56.45848,119.6553,52.78423
237.0137,1,-2.516847,2.980764,86.52688,26.69298,117.1053,156.0803,1,-2.416114,2.913726,86.36054,27.46714,69.14645,38.02654
237.1208,1,-2.503597,2.945156,86.69017,34.45921,122.9797,157.0812,1,-2.349427,3.066642,86.49687,35.24805,72.6045,345.1644
237.2354,1,-2.479466,2.900686,86.83289,39.7376,124.8152,166.7604,1,-2.421189,3.082221,86.72234,18.05861,66.81757,298.5548
237.3428,1,-2.496285,2.852351,86.99905,28.99337,131.6341,168.9421,1,-2.464303,3.036273,87.06637,10.13136,58.56683,306.5771
237.4563,1,-2.571442,2.847755,87.18578,349.9592,149.0495,150.1391,1,-2.454592,2.999716,87.3121,16.12556,66.23672,337.4041
237.5672,1,-2.673851,2.86873,87.39974,341.5683,136.4696,112.0271,1,-2.434753,2.984119,87.51871,21.07424,67.12025,329.2651
237.6682,1,-2.721712,2.916132,87.63881,325.3311,103.0317,108.5615,1,-2.433505,2.982067,87.71324,20.88864,67.26276,323.7967
237.7736,1,-2.734875,2.909715,87.92657,318.1559,95.75953,118.2789,1,-2.430532,2.981384,87.97241,22.34784,67.32813,322.5744
237.8817,1,-2.723557,2.896117,88.19228,302.1847,104.6493,136.0999,1,-2.422286,2.974032,88.25037,26.16327,68.70905,323.3324
237.9929,1,-2.713218,2.878932,88.49512,299.1428,100.0076,141.6355,1,-2.418983,2.974986,88.5497,27.80842,69.97178,324.3674
238.1001,1,-2.710765,2.85908,88.83447,300.4673,96.36177,144.5134,1,-2.414085,2.973911,88.87398,29.9369,71.8768,325.1577
238.2147,1,-2.701183,2.858242,89.18395,302.0229,95.87995,145.6685,1,-2.40321,2.96733,89.22019,30.00007,72.18375,325.0105
238.3298,1,-2.690944,2.861318,89.55708,301.9548,96.82517,147.2265,1,-2.390205,2.960189,89.58945,31.6672,73.37984,325.0672
238.4398,1,-2.67565,2.874341,89.95777,298.9034,98.6674,147.9878,1,-2.374227,2.945097,89.97887,35.17928,74.23906,323.3664
238.5431,1,-2.655108,2.89346,90.37993,299.0511,99.82596,146.4244,1,-2.349965,2.915715,90.3906,38.51942,72.94596,319.2417
238.6478,1,-2.643344,2.903677,90.82221,304.9413,99.74593,148.4996,1,-2.328107,2.903511,90.82476,40.14704,72.5202,317.3853
238.7494,1,-2.628163,2.902201,91.22112,312.005,98.72305,151.3157,1,-2.308544,2.900972,91.21609,40.64954,74.3419,318.0061
238.8528,1,-2.604112,2.900384,91.63701,311.0834,100.4125,150.2956,1,-2.284734,2.90174,91.62526,40.2606,74.28235,317.501
238.9615,1,-2.568139,2.89867,92.14111,312.6321,101.1838,149.8592,1,-2.250036,2.904006,92.1273,40.86504,74.76048,317.5942
239.0721,1,-2.52636,2.899259,92.6685,312.9822,100.9724,150.4352,1,-2.208914,2.902181,92.65225,40.7107,75.5219,317.5434
239.1826,1,-2.477678,2.901375,93.21977,313.061,101.0886,150.956,1,-2.159483,2.899183,93.19975,40.787,75.86989,317.0927
239.2947,1,-2.420741,2.900331,93.79327,313.1939,101.4723,151.071,1,-2.102696,2.900721,93.76958,40.67877,76.55362,317.0781
239.4059,1,-2.355032,2.89856,94.38945,313.1996,102.3626,150.7451,1,-2.036838,2.901884,94.3625,40.76889,77.18543,317.1275
239.5214,1,-2.278848,2.897876,95.00832,312.7743,103.2726,150.3625,1,-1.96167,2.903006,94.97699,40.92184,77.61897,317.0194
239.6299,1,-2.192629,2.89779,95.64866,312.7976,104.0924,150.2335,1,-1.876169,2.903462,95.6144,40.89807,78.46372,317.0955
239.7386,1,-2.096019,2.897369,96.3109,312.5912,105.0529,150.0882,1,-1.779428,2.903131,96.27364,40.82294,79.11286,317.0681
239.8483,1,-1.990153,2.894347,96.99429,312.8985,106.484,149.5139,1,-1.671223,2.902783,96.95473,40.62967,80.2666,317.3409
239.9583,1,-1.874648,2.87391,97.69345,312.9966,108.7527,147.5158,1,-1.548812,2.900023,97.65819,40.67671,80.82074,317.223
240.071,1,-1.739324,2.857134,98.41446,312.1781,108.2493,147.5482,1,-1.413286,2.898526,98.38244,40.61537,81.58351,317.1375
240.1878,1,-1.588785,2.862418,99.16502,311.1594,108.2049,148.1774,1,-1.264528,2.896023,99.12634,40.62695,82.56757,317.0348
240.2972,1,-1.419626,2.879472,99.93959,309.4599,110.4494,146.8596,1,-1.101492,2.87858,99.88734,42.00414,83.26801,315.1254
240.4081,1,-1.235695,2.892388,100.7273,310.4974,111.8389,146.6111,1,-0.9235027,2.869965,100.6619,48.50974,81.04154,311.6401
240.5193,1,-1.0324,2.89123,101.5365,312.4439,111.9417,146.8607,1,-0.7239068,2.870494,101.4675,49.28628,83.17245,313.0159
240.6256,1,-0.8112567,2.890548,102.3639,313.7076,111.4783,147.7186,1,-0.5087219,2.864501,102.285,52.4206,84.11552,312.2534
240.7377,1,-0.5689364,2.8892,103.2101,312.8564,111.7219,148.4258,1,-0.2740634,2.841091,103.1248,54.65142,84.36918,309.3338
240.8411,1,-0.3060243,2.886883,104.0731,311.4296,112.8295,148.1303,1,-0.0321136,2.805664,103.9793,67.76398,81.8069,301.4977
240.9474,1,-0.01683325,2.885633,104.9523,310.3222,112.5964,148.5565,1,0.2238886,2.774853,104.8339,69.29214,99.10712,315.265
241.0618,1,0.2992669,2.884223,105.843,310.0344,113.096,149.2816,1,0.5073964,2.75897,105.7174,69.97511,134.4287,356.4615
241.171,1,0.6484907,2.880988,106.7485,309.7405,114.615,149.0096,1,0.7870162,2.768583,106.6039,58.22546,199.5844,82.03398
241.2807,1,1.026591,2.874081,107.6641,309.488,116.4979,147.8601,1,1.104935,2.785059,107.5347,43.26814,251.7914,143.7885
241.3857,1,1.43375,2.8705,108.5817,306.4765,119.3395,147.0673,1,1.510703,2.799167,108.4767,40.44793,249.1836,160.7131
241.4924,1,1.891106,2.867929,109.5082,308.4565,117.3384,152.1589,1,1.985321,2.803808,109.3977,53.73425,237.1761,140.6397
241.6067,1,2.40742,2.875247,110.4203,307.1083,118.7061,156.0842,1,2.508201,2.788034,110.2947,54.59529,241.7018,139.9275
241.7165,1,2.97675,2.874098,111.3173,306.5091,119.0895,158.7471,1,3.075107,2.784007,111.1851,54.70998,243.7325,139.0428
241.8301,1,3.592939,2.86992,112.1998,305.1976,120.5744,159.0468,1,3.689871,2.784132,112.0551,56.11869,241.6436,133.1121
241.9412,1,4.270268,2.770269,113.004,302.743,91.13471,193.5619,1,4.364276,2.78373,112.8843,58.47556,250.6112,100.2743
242.0481,1,5.02149,2.7153,113.7586,304.5976,74.03744,224.6344,1,5.122695,2.796579,113.6901,78.21463,241.7564,71.43813
242.1588,1,5.750949,2.745487,114.5657,296.3267,341.2638,345.0268,1,5.896426,2.834557,114.4776,79.20426,204.0018,44.79115
242.2756,1,6.528531,2.756539,115.3808,286.9232,357.5011,306.9378,1,6.657264,2.799073,115.2764,63.81593,185.5779,31.50746
242.3881,1,7.325024,2.810925,116.2054,279.9628,41.0877,238.5609,1,7.385579,2.75535,116.058,59.26944,269.5095,139.7702
242.5014,1,8.171153,2.852549,116.9908,289.4742,138.6191,143.5938,1,8.24861,2.771655,116.7878,53.42057,150.6442,53.87325
242.6142,1,9.077312,2.91413,117.7495,324.1021,157.4018,125.5641,1,9.166773,2.917892,117.446,38.42325,123.5346,325.4861
242.7258,1,10.04453,3.066113,118.3939,357.8201,153.9483,152.2919,1,10.15866,2.997158,118.1345,9.184582,124.2794,272.6869
242.8319,1,11.05536,3.086407,118.9017,25.81874,175.3984,160.8001,1,11.15932,3.006564,118.7633,39.51913,139.5176,343.5057
242.937,1,12.07411,3.006949,119.391,28.16814,183.6227,163.4357,1,12.10363,2.862541,119.3045,71.81931,181.7867,348.119
243.0483,1,13.06981,2.892954,119.8304,1.84003,225.8044,178.7971,1,13.00458,2.685031,119.8037,63.77872,161.449,327.4911
243.1594,1,14.00985,2.851871,120.2787,327.659,228.5704,140.9538,1,14.05743,2.717104,120.2509,66.80589,173.3174,344.7074
243.2664,1,15.09172,2.862753,120.741,344.8586,199.2971,112.9189,1,15.13362,2.76059,120.6091,64.20541,289.0529,117.0861
243.3733,1,16.30038,2.909426,121.0566,324.9767,172.501,112.2761,1,16.26717,2.766121,120.8195,65.62801,309.8264,130.2299
243.4828,1,17.49157,2.937463,121.1638,329.0656,191.7215,130.6529,1,17.42367,2.767143,120.9177,69.14375,315.5051,131.5003
243.5913,1,18.68118,2.846992,121.1393,326.0463,162.2749,146.821,1,18.61967,2.844338,120.8592,84.46378,210.6325,357.3067
243.6974,1,19.76934,2.676297,120.9419,297.6856,125.9761,204.8407,1,19.85502,2.960006,120.7293,44.95894,169.8575,301.0435
243.7995,1,20.82625,2.768224,120.6637,292.0112,180.9668,234.0291,1,21.02955,3.11396,120.6389,358.7981,175.2626,324.5435
243.9011,1,21.95476,2.918398,120.3631,356.7186,242.8882,206.3012,1,22.18841,3.030739,120.4375,336.3878,159.0849,339.728
244.0071,1,23.0035,3.230862,120.2272,354.584,271.3072,228.235,1,23.27195,2.87683,120.1196,312.0851,130.8331,2.765491
244.1182,1,24.38444,3.058877,119.7492,323.908,237.6444,188.6439,1,24.45916,2.690917,119.5751,309.1649,144.1365,5.557379
244.2187,1,25.53914,2.952867,119.2433,329.1081,257.2708,114.8758,1,25.4281,2.721698,118.9483,6.229729,155.0479,359.2552
244.3233,1,26.64778,2.919679,118.6526,314.3854,233.006,106.3029,1,26.48355,2.726274,118.3927,17.20887,171.9064,357.9998
244.4346,1,27.86756,2.895803,117.9761,312.8527,216.0818,136.5683,1,27.70555,2.73717,117.7651,50.52235,183.1133,5.578323
244.5462,1,29.05376,2.856006,117.2892,308.0652,231.5979,144.1313,1,28.89232,2.755921,117.1165,54.91212,202.7517,19.45553
244.6568,1,30.21114,2.836145,116.5966,306.1461,205.9603,158.2484,1,30.05045,2.746872,116.4334,68.80978,255.3056,42.91505
244.7681,1,31.33245,2.737613,115.8292,292.557,158.4168,205.2787,1,31.20594,2.841506,115.6973,59.368,16.68925,153.7225
244.8794,1,32.40794,2.735821,115.0855,302.9471,64.52358,354.6772,1,32.45737,2.944458,114.8777,69.82601,200.535,303.2238
244.9902,1,33.4995,2.809116,114.3434,310.1331,241.9142,176.2206,1,33.61689,3.03576,114.1486,24.67472,201.9747,329.0766
245.1015,1,34.59532,2.879055,113.6846,292.5255,240.2214,171.7815,1,34.71961,3.027532,113.4953,4.986137,208.9089,328.8859
245.2131,1,35.63886,2.879756,113.0553,296.0607,253.5713,142.2652,1,35.74039,3.032679,112.8772,1.623252,200.5403,327.5106
245.3237,1,36.63025,2.887848,112.4584,290.4777,250.8063,131.8265,1,36.71975,3.029665,112.2754,353.9242,194.6987,328.3483
245.4349,1,37.55869,2.885163,111.8903,287.5916,258.642,117.8627,1,37.65225,3.033547,111.7338,348.9534,190.6542,334.1706
245.5463,1,38.42978,2.89091,111.3712,296.3948,275.1335,94.92386,1,38.53669,3.029578,111.2437,340.426,185.4718,340.1519
245.657,1,39.25301,2.899912,110.9023,302.2228,275.9198,85.93295,1,39.37246,3.006386,110.7914,336.2931,178.5018,338.465
245.7684,1,40.04343,2.904251,110.4823,302.6122,273.6448,87.77908,1,40.17067,2.97188,110.3879,326.5766,171.2919,336.6271
245.8805,1,40.79036,2.913816,110.1032,304.3829,265.0399,94.03724,1,40.90346,2.911171,110.0168,310.7106,147.1194,344.9001
245.9902,1,41.58047,2.944459,109.7374,320.5496,242.5464,114.152,1,41.61209,2.815536,109.6466,311.94,157.7721,328.1495
246.1015,1,42.40186,2.935491,109.3695,324.1517,217.0251,130.6554,1,42.29293,2.763546,109.3055,344.979,145.6859,353.8649
246.2126,1,43.18306,2.901666,109.0347,304.5403,190.0039,184.8854,1,43.02424,2.716823,108.8894,323.3707,141.2394,353.7629
246.326,1,43.88336,2.83952,108.7223,307.8455,205.3138,150.8012,1,43.77684,2.761108,108.5432,356.3725,140.0634,354.6052
246.4383,1,44.65704,2.75361,108.3914,284.6227,197.1696,153.398,1,44.51634,2.818196,108.1567,34.76415,163.6136,350.8795
246.5495,1,45.43831,2.714096,108.0704,285.7775,140.0282,218.8033,1,45.35713,2.890747,107.8607,40.30016,182.4424,294.5437
246.6608,1,46.23843,2.754299,107.8154,286.8377,117.1943,248.442,1,46.31724,2.941324,107.6175,49.61622,197.3743,343.1696
246.772,1,47.09246,2.76385,107.6255,296.238,47.71306,329.9136,1,47.19312,2.971972,107.4546,40.49577,180.6705,325.1735
246.8838,1,47.97085,2.762919,107.4936,286.9933,59.01908,315.5712,1,48.07111,2.964507,107.2982,25.65051,184.0098,320.343
246.9947,1,48.84897,2.789791,107.4242,295.2846,40.61533,317.194,1,48.95337,2.952619,107.177,26.95399,178.4612,320.6763
247.106,1,49.73792,2.828368,107.363,288.1442,35.32057,303.2879,1,49.85721,2.952081,107.1065,26.92455,174.343,320.7126
247.2172,1,50.66082,2.82048,107.336,284.246,41.77945,296.4198,1,50.77264,2.950694,107.0878,26.96869,170.5293,319.5462
247.3282,1,51.57817,2.80839,107.3492,282.0992,68.39843,264.9825,1,51.69673,2.949956,107.1182,27.33982,166.6243,318.7597
247.4394,1,52.4961,2.801387,107.4188,282.6602,69.22137,263.2473,1,52.62736,2.951037,107.1996,27.04609,163.5361,318.9199
247.5505,1,53.41197,2.800554,107.5419,284.2955,69.12578,261.8006,1,53.56275,2.956203,107.3353,23.42252,160.3491,318.5077
247.6614,1,54.32751,2.796313,107.7108,285.7399,68.95745,260.3271,1,54.49514,2.965904,107.5222,21.37301,157.9137,320.7514
247.7728,1,55.2442,2.79017,107.9319,287.0785,66.46375,259.821,1,55.42061,2.974592,107.7608,19.93351,153.2243,322.8738
247.8839,1,56.14589,2.788374,108.211,286.7373,62.87598,260.2454,1,56.33782,2.973957,108.0511,19.10953,149.3055,323.0971
247.986,1,56.92365,2.79087,108.5021,287.0219,59.43447,260.9939,1,57.12736,2.971526,108.349,19.542,145.854,322.9881
248.0991,1,57.77531,2.792758,108.8756,287.5075,59.37333,258.3449,1,57.98665,2.970625,108.7312,19.90451,142.692,323.0967
248.2103,1,58.55104,2.791411,109.2651,287.5764,60.81402,253.7765,1,58.76387,2.971927,109.1294,20.75246,138.782,322.9519
248.3207,1,59.25024,2.791178,109.6643,287.812,60.68219,250.6777,1,59.46806,2.971086,109.5364,20.79231,136.1384,322.9189
248.4322,1,59.87351,2.793049,110.0658,287.8293,61.42174,247.7635,1,60.09952,2.963562,109.9369,21.39785,133.3742,321.7563
248.5428,1,60.4299,2.794302,110.4566,287.9307,63.47111,243.4855,1,60.66143,2.957218,110.3269,22.82669,131.1429,320.4316
248.6534,1,60.92152,2.794202,110.8241,289.9256,70.30865,233.7262,1,61.15575,2.959118,110.7045,22.92594,129.5059,321.1298
248.7655,1,61.35114,2.792284,111.1707,290.9082,70.62193,231.2481,1,61.58593,2.960323,111.0574,23.32916,128.6147,321.8714
248.8783,1,61.72058,2.790082,111.4887,291.0995,69.79175,230.3002,1,61.95549,2.961735,111.3809,23.54358,127.2977,322.1917
248.9841,1,61.99726,2.788032,111.7399,290.802,68.0013,230.3815,1,62.23365,2.961613,111.6375,23.67179,125.7961,322.1461
249.0861,1,62.23178,2.78901,111.9634,291.0474,68.13786,228.7782,1,62.47079,2.961564,111.8665,23.65412,124.8233,322.3002
249.1994,1,62.4529,2.788865,112.1832,291.5339,68.52056,227.563,1,62.69352,2.961877,112.0896,23.63684,123.5354,322.2671
249.3051,1,62.6299,2.787706,112.3645,291.7407,68.59901,226.2499,1,62.87151,2.961836,112.2742,23.75586,122.3733,322.33
249.4066,1,62.8091,2.787304,112.5539,291.7662,67.69292,226.2479,1,63.05233,2.961493,112.468,23.65688,121.4443,322.3653
249.5122,1,62.99094,2.786704,112.7519,291.8313,67.50058,225.4724,1,63.23496,2.961877,112.671,23.59068,120.2444,322.3864
249.6126,1,63.17774,2.785601,112.961,291.8839,66.63689,225.2237,1,63.42047,2.9634,112.8851,23.46683,119.1594,322.451
249.7195,1,63.3662,2.786504,113.1798,291.8483,65.27142,225.5756,1,63.60936,2.965705,113.1122,23.20075,118.1217,322.7224
249.82,1,63.55872,2.786852,113.4159,291.7611,64.29412,225.529,1,63.8044,2.965707,113.3531,23.11933,117.0309,322.9136
249.928,1,63.75739,2.787316,113.67,291.7371,62.45177,226.0997,1,64.00447,2.965344,113.6124,23.09632,115.8187,322.893
250.0288,1,63.96124,2.786506,113.9436,291.538,60.38164,227.0299,1,64.20956,2.965652,113.8883,23.12919,114.4294,322.9771
250.1365,1,64.16041,2.791309,114.2439,286.8965,47.30348,236.4892,1,64.39711,3.000183,114.1891,5.615407,108.2412,314.0135
250.2437,1,64.34663,2.858108,114.5878,278.4745,127.1476,147.1881,1,64.58981,3.037261,114.5386,357.7739,91.02695,326.9655
250.3507,1,64.55591,2.906057,114.9754,292.1001,140.9555,136.4678,1,64.82683,3.022784,114.8699,9.623554,115.9512,339.6886
250.4593,1,64.76708,2.958854,115.3,309.1309,155.7201,120.8698,1,65.0593,2.883565,115.1419,46.62901,131.1217,333.451
250.567,1,64.97836,2.93738,115.651,306.4003,141.4919,130.1249,1,65.16769,2.745265,115.4785,71.82135,182.7484,29.38808
250.6761,1,65.17896,2.891524,115.9896,308.0946,134.2697,133.7601,1,65.31874,2.727959,115.8755,62.66459,180.8664,48.83889
250.7786,1,65.37891,2.845511,116.3854,304.698,127.126,140.9518,1,65.55025,2.781463,116.2571,67.51711,199.9048,74.85909
250.8794,1,65.54301,2.790923,116.7191,294.7081,94.49704,178.9986,1,65.77473,2.852095,116.5925,72.45012,123.1943,331.7492
250.9882,1,65.75503,2.766975,117.0843,302.5549,5.208857,295.8871,1,66.06623,2.959131,117.0541,23.65341,92.29446,299.3706
251.0917,1,65.96344,2.781338,117.4922,292.7317,352.3565,295.5313,1,66.26595,2.960256,117.4952,21.03553,102.444,329.3026
251.2024,1,66.14872,2.851635,117.9213,280.992,158.6343,88.4668,1,66.38248,2.8016,117.8225,56.14061,114.7706,319.7258
251.3112,1,66.29592,2.979615,118.364,319.5426,129.9004,125.8576,1,66.41282,2.70335,118.1896,54.39875,192.1604,45.11922
251.4201,1,66.52224,3.056175,118.6389,346.7107,118.8505,149.4279,1,66.47337,2.752337,118.4297,68.08212,222.4621,130.5079
251.5289,1,66.68111,3.036014,118.8604,351.8068,122.6846,147.9157,1,66.61845,2.84245,118.7135,43.89898,85.6256,6.632919
251.6409,1,66.78938,2.997462,119.0804,10.17461,137.9316,140.0384,1,66.85173,3.078336,118.8253,37.59711,79.76241,332.0712
251.7505,1,66.91684,2.960955,119.1883,31.57196,143.1408,158.4015,1,66.90701,3.14447,119.0366,19.05534,75.05803,280.092
251.8616,1,66.97901,2.817223,119.2356,31.22522,146.5449,163.7667,1,66.91987,3.105523,119.358,347.7412,74.56017,323.4024
251.9669,1,66.90738,2.711982,119.3363,24.41768,164.6883,183.0145,1,67.01516,3.023351,119.4952,351.2172,95.33996,356.9476
252.0764,1,66.79356,2.724697,119.3733,332.5079,168.98,146.7976,1,67.06444,2.983445,119.4375,17.38122,106.9781,330.2543
252.1834,1,66.73088,2.767946,119.3787,314.3154,148.9448,146.0483,1,67.09295,2.921299,119.4095,34.46692,106.107,332.0293
252.2926,1,66.73732,2.785507,119.4113,301.3459,136.0649,119.1834,1,67.06473,2.890867,119.3987,47.30693,112.6404,335.2043
252.4032,1,66.75697,2.797791,119.4611,292.6488,8.101831,255.4349,1,67.05598,2.847477,119.3914,62.04623,95.90869,315.9653
252.5162,1,66.78255,2.815031,119.4711,287.0406,17.32025,258.2899,1,67.06136,2.826707,119.4231,56.31106,102.2228,317.1546
252.626,1,66.80729,2.812416,119.4995,283.0779,43.48702,226.67,1,67.08121,2.839667,119.4576,57.40882,105.7541,324.1814
252.7323,1,66.83483,2.806949,119.5538,283.2642,47.77367,221.1255,1,67.10384,2.836166,119.5052,60.86139,105.6114,326.8265
252.8413,1,66.86375,2.81192,119.6216,283.8882,86.21575,179.5295,1,67.11974,2.822374,119.5606,65.46305,114.9214,338.7768
252.9496,1,66.89897,2.826919,119.718,286.1722,92.9222,175.6366,1,67.14258,2.802802,119.6408,68.71353,126.2607,350.6219
253.0642,1,66.94953,2.84773,119.8504,285.543,94.22767,173.6733,1,67.17361,2.793361,119.7538,69.10256,141.7155,5.647552
253.1723,1,67.00871,2.850769,120.0055,290.9019,105.1298,159.9496,1,67.22274,2.780531,119.8854,65.83434,147.5772,14.09675
253.2765,1,67.07697,2.854581,120.1674,296.9681,113.1255,152.8714,1,67.29292,2.77657,120.046,65.46703,154.4272,23.41371
253.3864,1,67.1623,2.855387,120.3494,298.0627,113.5748,152.8152,1,67.37466,2.781488,120.2251,67.26174,154.4156,23.84761
253.4966,1,67.2618,2.853947,120.5562,298.452,114.151,152.5292,1,67.46932,2.783206,120.4294,66.82337,153.1118,20.93386
253.6126,1,67.37666,2.858717,120.7892,299.6506,117.121,149.3281,1,67.57437,2.780727,120.6595,65.4003,155.0338,22.08491
253.7237,1,67.52293,2.931579,121.0725,323.3128,115.8689,144.1624,1,67.61044,2.75388,120.921,61.45847,223.9537,97.75336
253.8355,1,67.71164,3.014571,121.3581,341.1995,117.0519,144.6143,1,67.69509,2.757497,121.198,59.99033,253.2378,166.3045
253.9474,1,67.92378,3.023553,121.6526,343.8443,122.7553,148.2943,1,67.85715,2.778578,121.5475,57.86911,141.2599,44.81278
254.0602,1,68.11974,3.023542,121.958,352.3832,139.7007,148.3579,1,68.08893,2.824319,121.8134,53.46701,89.47728,14.42596
254.167,1,68.35672,3.022011,122.2713,8.259267,146.6648,153.9627,1,68.3485,2.869251,122.0813,63.88468,84.22892,352.7526
254.2746,1,68.60276,3.007688,122.5883,26.88879,149.7263,162.8248,1,68.58694,2.893969,122.3936,58.23226,90.44567,325.1202
254.3816,1,68.86022,2.940767,122.9172,35.94989,162.9643,164.4408,1,68.8484,2.913286,122.7163,72.93506,72.87574,295.9266
254.4903,1,69.12064,2.860917,123.2522,62.27492,174.0149,182.4538,1,69.09954,2.921234,123.0765,70.21103,55.57253,276.7896
254.5997,1,69.34657,2.798082,123.618,59.2919,186.7163,187.797,1,69.3733,2.915351,123.4592,70.19615,66.22046,289.2039
254.7102,1,69.58903,2.732571,124.0455,45.48352,178.4127,151.0556,1,69.67284,2.907318,123.8497,69.09454,77.73644,297.6296
254.8254,1,69.89265,2.744732,124.4568,24.96963,189.0126,137.3376,1,70.01693,2.877533,124.2741,53.66571,117.8802,318.7028
254.9347,1,70.27033,2.747194,124.825,29.49252,187.7191,150.9917,1,70.39851,2.867814,124.6926,40.02971,127.7902,320.8697
255.0456,1,70.65527,2.754291,125.1742,28.6392,189.0051,150.3016,1,70.79958,2.869261,125.0721,50.65078,125.7975,322.2643
255.1569,1,71.05458,2.753507,125.5121,28.38327,190.0189,150.0147,1,71.18613,2.871052,125.4064,57.39917,130.7306,328.2915
255.2682,1,71.47297,2.753751,125.8407,28.16714,192.3607,149.588,1,71.59405,2.869191,125.7254,58.2416,127.5782,320.982
255.3769,1,71.91249,2.754988,126.1501,27.53356,194.6145,148.3213,1,72.03754,2.86447,126.0323,54.59059,134.7018,324.0102
255.485,1,72.37075,2.753658,126.4423,27.12162,196.8346,147.5807,1,72.4837,2.868275,126.3163,55.28165,135.7043,323.6857
255.5919,1,72.84308,2.754899,126.7156,27.23618,199.4669,147.8446,1,72.95258,2.862414,126.5833,57.74689,140.0301,326.4547
255.705,1,73.39979,2.757946,127.0024,27.69279,201.5271,147.5173,1,73.49434,2.838772,126.8637,68.3695,152.2261,336.4277
255.8089,1,73.90074,2.765721,127.2275,28.88587,202.6766,146.854,1,73.97326,2.82929,127.0813,69.31136,168.1066,351.8044
255.9171,1,74.41556,2.773624,127.43,28.3736,205.5445,150.0348,1,74.4769,2.809073,127.286,64.09355,178.9904,2.655031
256.0264,1,74.92937,2.805646,127.6061,19.82722,213.2456,179.2408,1,74.99194,2.809056,127.4714,65.16145,178.1809,358.9924
256.1271,1,75.45034,2.875378,127.792,358.0303,218.6763,193.4498,1,75.52229,2.815279,127.6351,66.07875,182.0998,359.0812
256.2336,1,75.97077,2.946066,127.9965,357.4293,212.8448,123.0923,1,76.0662,2.827766,127.773,65.7049,187.3696,0.9694024
256.3421,1,76.58746,2.972487,128.1383,348.7397,177.9146,120.7413,1,76.6178,2.843535,127.8874,70.25857,184.4496,351.8947
256.4507,1,77.18614,2.925353,128.2363,346.5648,169.7422,144.7961,1,77.19821,2.922784,127.973,62.607,152.0832,315.5585
256.5627,1,77.79281,2.873285,128.286,318.3286,164.4729,147.9908,1,77.87111,3.007041,128.071,42.64025,151.0349,316.7026
256.6689,1,78.29991,2.82761,128.3056,304.7542,185.8482,132.2192,1,78.44359,3.066813,128.1987,0.4987245,169.6916,331.2038
256.7799,1,78.95103,2.889084,128.3191,323.0905,215.2408,73.56995,1,79.10351,3.038084,128.2976,344.2885,155.3815,329.1456
256.8935,1,79.63277,3.022403,128.3426,340.924,219.3809,85.08801,1,79.74186,3.001297,128.3386,329.6994,130.6857,349.4096
256.999,1,80.19997,3.064702,128.3181,340.2067,218.2068,121.3169,1,80.19468,2.799894,128.3147,46.8256,123.593,332.1459
257.1104,1,80.86233,3.022197,128.2644,349.7932,196.0606,140.9795,1,80.87365,2.671412,128.2533,14.51467,139.7417,358.0782
257.2213,1,81.39388,2.928005,128.2461,353.815,164.576,156.1647,1,81.18361,2.733927,128.0051,351.2833,130.5284,347.6264
257.3323,1,81.79227,2.808238,128.2225,306.157,168.9925,137.5909,1,81.61852,2.820626,127.8776,50.20354,192.7115,356.5521
257.444,1,82.06837,2.693417,128.1188,284.1521,53.48861,283.8858,1,82.08138,2.923424,127.9011,62.72338,194.323,327.1163
257.5547,1,82.28899,2.729922,127.9843,303.7531,98.63393,286.7594,1,82.47282,2.98291,127.9372,42.76007,180.6594,331.8857
257.6662,1,82.52669,2.757102,127.9689,291.5132,237.4412,138.6941,1,82.73289,3.00893,127.9156,22.4923,186.8297,333.4745
257.7772,1,82.71835,2.904313,128.0518,309.8029,235.4811,136.5257,1,82.90668,3.015228,127.9218,14.251,178.7519,326.2861
257.8882,1,82.87434,2.947201,128.0845,319.4453,222.8711,114.6158,1,83.03234,3.021113,127.9211,358.4656,173.1777,329.5599
257.9995,1,83.04325,2.942907,128.1005,325.0482,200.7573,107.33,1,83.13725,3.024868,127.9075,3.668276,171.168,331.2946
258.1107,1,83.20215,2.932483,128.1048,319.1328,201.5348,112.9611,1,83.259,3.026648,127.8958,3.590908,172.7051,332.0276
258.2216,1,83.34099,2.928034,128.0856,299.1921,200.2117,139.3992,1,83.40438,3.027275,127.8886,2.735965,172.1048,331.9026
258.3327,1,83.50708,2.908855,128.0619,305.2912,197.6115,134.8227,1,83.57227,3.02985,127.8842,359.3544,170.3207,332.0085
258.4438,1,83.69384,2.903044,128.0477,306.0447,191.7071,138.5323,1,83.76501,3.031562,127.8743,354.9759,168.294,332.7288
258.5554,1,83.90839,2.902743,128.0373,304.1058,189.0062,146.7783,1,83.97775,3.036205,127.8643,352.3627,166.0139,333.3213
258.6658,1,84.14637,2.892925,128.0192,302.5887,183.6277,150.7507,1,84.22308,3.034067,127.851,349.7649,165.8798,333.9433
258.7778,1,84.40214,2.874259,128.004,316.6229,176.006,156.4048,1,84.49981,3.032684,127.8446,348.4741,161.1406,337.7285
258.8885,1,84.69117,2.823527,127.9756,311.2032,175.4326,160.1689,1,84.80527,3.012885,127.8293,350.0588,146.5816,331.1828
259,1,85.03284,2.772695,127.9141,306.0515,147.3047,201.1611,1,85.12452,3.015087,127.7647,25.01162,170.4202,304.1779
259.1119,1,85.35146,2.756977,127.7969,297.2005,77.24653,293.8894,1,85.50043,3.015392,127.7409,358.383,168.3922,339.0167
259.2233,1,85.7413,2.79897,127.7452,302.1908,221.3908,189.3669,1,85.9073,2.980609,127.8164,336.8221,143.2549,339.6375
259.3369,1,86.19579,2.817582,127.7487,340.5434,231.1364,194.1934,1,86.31187,2.883279,127.8176,318.0173,113.867,351.757
259.4371,1,86.56155,2.971953,127.9236,333.6174,253.138,226.1789,1,86.6628,2.757202,127.768,307.0453,106.408,6.937856
259.5499,1,87.00954,3.030293,127.9467,322.7168,228.9524,156.4469,1,87.15735,2.735679,127.7373,312.7719,120.9955,349.6369
259.6609,1,87.64043,2.907109,127.869,318.5614,203.0824,110.3353,1,87.61082,2.76336,127.6404,354.7331,122.1328,353.4964
259.7715,1,88.19547,2.85836,127.8502,292.0626,162.3371,171.0852,1,88.13217,2.782196,127.6388,3.878351,135.0964,13.67026
259.8831,1,88.69776,2.825824,127.8962,291.1584,184.3621,133.1367,1,88.68002,2.816906,127.6046,38.74198,161.8948,20.17118
259.992,1,89.23386,2.804939,127.9451,292.3312,188.3221,129.1634,1,89.22167,2.90962,127.5954,40.60274,179.126,343.4538
260.1017,1,89.76192,2.74634,127.9562,272.0464,276.0234,40.76047,1,89.87257,2.913259,127.7106,55.694,164.9713,315.8302
260.2142,1,90.29838,2.738475,127.9929,290.6833,73.61958,266.8106,1,90.48553,2.963072,127.8933,42.83728,183.4887,357.0562
260.3257,1,90.87382,2.765419,128.0927,299.5944,56.87705,311.5224,1,91.04581,3.021319,128.043,16.22686,159.3152,324.6894
260.4366,1,91.4801,2.763858,128.2409,289.4446,76.95506,286.135,1,91.6343,3.029755,128.1966,12.53665,156.1526,332.2012
260.5481,1,92.07535,2.787264,128.4266,292.0954,150.0269,224.0954,1,92.22941,3.031895,128.3924,3.676947,151.4081,331.5237
260.6592,1,92.65722,2.839885,128.6512,291.5628,151.3667,210.7094,1,92.83981,3.033513,128.6063,4.120975,150.2441,333.0655
260.7704,1,93.26784,2.851402,128.9245,292.5194,177.9686,152.0136,1,93.46272,3.032551,128.8588,3.207211,146.7036,332.9023
260.882,1,93.87449,2.861985,129.2247,299.1105,170.7262,125.9162,1,94.08408,3.036049,129.1696,355.9804,139.3539,333.2003
260.9922,1,94.51204,2.832548,129.5573,296.3286,181.1099,108.8736,1,94.70723,3.033965,129.5244,349.1337,133.3987,334.7705
261.1044,1,95.15022,2.821102,129.9227,293.4684,170.4825,123.3979,1,95.33345,3.035665,129.9058,342.14,127.4211,337.5672
261.2155,1,95.77911,2.820792,130.3276,293.4378,166.0357,125.1708,1,95.96252,3.03737,130.3285,343.5865,124.3473,337.9096
261.326,1,96.39325,2.825174,130.7918,292.7979,162.3113,125.5985,1,96.57917,3.037433,130.8023,344.3077,121.1869,338.167
261.4372,1,96.9909,2.82575,131.3085,292.8051,157.9271,126.5349,1,97.17879,3.036486,131.3283,344.4375,117.5541,338.0329
261.5487,1,97.57228,2.823917,131.8799,292.6735,153.7911,127.1673,1,97.75866,3.036699,131.9087,344.3748,113.8302,338.0169
261.6596,1,98.13447,2.822586,132.5064,292.5955,150.1167,127.1492,1,98.31651,3.03703,132.5453,344.294,109.9157,337.9773
261.7701,1,98.66736,2.823401,133.1885,292.3809,145.9763,127.49,1,98.8457,3.037072,133.239,344.2291,105.9409,337.9236
261.8814,1,99.16374,2.823961,133.926,292.2027,141.3269,128.1742,1,99.33794,3.03763,133.9877,344.2448,101.801,338.0223
261.9926,1,99.61547,2.82439,134.7135,292.4243,136.4087,128.9578,1,99.78496,3.037779,134.7878,344.266,97.52124,338.0824
262.1052,1,100.0124,2.823104,135.5485,291.9386,134.0799,127.1201,1,100.1792,3.039657,135.6305,344.7874,92.86102,338.3709
262.2096,1,100.3056,2.818871,136.3114,290.7068,137.4757,119.1625,1,100.4764,3.040327,136.402,346.1521,89.33723,337.6134
262.3212,1,100.5915,2.799562,137.2162,281.035,116.1488,136.5048,1,100.7577,3.04177,137.3194,349.1877,87.022,336.3007
262.434,1,100.8308,2.770781,138.141,293.1361,345.9187,274.5963,1,100.9772,3.041453,138.2688,351.8611,84.14127,334.8576
262.5388,1,100.9639,2.775074,138.9745,294.5592,357.7603,270.6203,1,101.0991,3.038493,139.1185,353.6303,80.98932,334.1685
262.6515,1,101.0493,2.774122,139.928,295.9201,317.6293,315.8969,1,101.1689,3.03347,140.0907,357.1761,77.31583,332.4604
262.7566,1,101.0643,2.766957,140.7292,291.1679,330.3904,302.6674,1,101.1931,3.025745,140.8989,6.813186,74.82277,329.3696
262.8593,1,101.021,2.758791,141.4848,299.4619,306.5033,323.9288,1,101.1664,3.025651,141.6504,10.03934,72.48896,331.3924
262.9657,1,100.9168,2.776242,142.2247,295.9506,281.7762,323.3624,1,101.1211,2.976762,142.3886,38.82433,76.06082,328.5954
263.0704,1,100.7365,2.859053,143.006,286.0783,179.3772,30.93284,1,101.0254,2.858789,143.0929,60.31914,93.38773,340.4185
263.1792,1,100.5453,2.985714,143.8,321.4599,74.55663,124.9532,1,100.7882,2.724238,143.7247,64.99039,136.5471,30.25965
263.2879,1,100.4417,3.051655,144.5685,350.0392,86.52581,141.1375,1,100.4822,2.717922,144.3569,69.37501,163.6271,109.7537
263.397,1,100.2809,2.985934,145.287,17.5467,96.91962,147.2107,1,100.2403,2.796565,145.1226,40.00446,49.64417,26.09233
263.5075,1,100.0178,2.92564,145.9784,39.11589,121.4462,170.8539,1,99.98792,2.82135,145.9069,30.22544,27.78416,35.31023
263.618,1,99.77269,2.800563,146.6403,48.5723,112.7401,178.4876,1,99.98769,3.151168,146.5656,20.00995,31.57147,347.2193
263.7286,1,99.36919,2.702055,147.2764,14.0785,110.3743,150.9746,1,99.48927,3.103761,147.3316,26.25401,40.75458,302.3731
263.8426,1,99.00669,2.754057,147.9675,16.56628,109.0548,163.4105,1,99.03126,2.970781,148.2067,15.98795,40.68674,336.7463
263.9538,1,98.6014,2.788376,148.649,326.2459,101.7994,160.5784,1,98.72359,2.987936,148.8775,14.69257,41.11432,326.2237
264.0594,1,98.18996,2.79857,149.3395,325.3404,93.71097,108.3592,1,98.36693,2.974056,149.6022,31.35011,57.54471,331.6868
264.1659,1,97.73877,2.805413,150.1206,308.8454,72.9585,96.44675,1,98.02483,2.877755,150.3423,50.9744,60.68604,334.1097
264.2755,1,97.36102,2.866969,150.8822,278.3626,135.4161,89.43176,1,97.61835,2.823918,151.0631,60.29855,41.04613,312.5981
264.3768,1,97.01645,2.866451,151.5563,298.5074,78.79005,133.2789,1,97.25394,2.83058,151.6991,70.28274,31.05926,301.7075
264.4858,1,96.59648,2.892694,152.354,303.3687,79.53777,127.399,1,96.823,2.812502,152.4309,71.36356,93.63248,5.50912
264.5973,1,96.18182,3.023527,153.1948,339.5377,72.53211,132.377,1,96.32373,2.772938,153.0686,51.02761,175.1014,104.9134
264.712,1,95.8584,3.066239,154.0548,13.22258,95.92474,163.3006,1,95.81568,2.782765,153.8207,74.52,125.6777,112.2709
264.822,1,95.50862,2.932082,154.8466,39.14663,113.9671,182.2313,1,95.40549,2.773525,154.6952,65.25472,118.1594,90.74482
264.9307,1,95.08891,2.79759,155.5483,57.12922,144.3303,220.6787,1,95.2978,3.032938,155.5783,21.47942,50.9266,54.6429
265.0395,1,94.54195,2.660686,156.2895,23.04863,110.7183,164.4196,1,94.78995,3.051574,156.4198,40.09756,15.84574,292.4799
265.148,1,94.07935,2.680201,157.0622,45.70417,112.738,185.0369,1,94.22198,2.981812,157.3277,35.30452,50.38583,324.905
265.2579,1,93.69454,2.769804,157.849,357.88,70.10265,184.876,1,93.96779,2.924052,158.0389,35.86945,64.42008,323.233
265.3691,1,93.43751,2.803426,158.6055,355.0486,81.41979,198.053,1,93.73026,2.805725,158.7332,65.00494,65.04431,316.2138
265.4709,1,93.20551,2.886354,159.1971,284.559,15.64633,217.6214,1,93.4851,2.709935,159.2581,69.22178,131.9575,29.90221
265.5772,1,93.0714,2.96955,159.9294,299.4189,121.6945,111.5554,1,93.26168,2.753191,159.8559,57.00592,206.2792,139.7754
265.6823,1,92.92833,2.966592,160.6009,343.0962,76.314,141.7371,1,93.11642,2.776992,160.5201,63.55368,232.0978,140.0087
265.7899,1,92.81417,2.934785,161.1978,328.4563,66.40324,144.7249,1,93.04909,2.799071,161.1376,71.67442,156.652,63.12441
265.9058,1,92.732,2.950341,161.7397,328.4566,75.56656,145.5609,1,92.93841,2.775622,161.6633,72.20089,161.5951,66.96153
266.0151,1,92.68721,2.982265,162.2412,333.359,81.06925,150.4395,1,92.86545,2.770598,162.1434,72.12167,178.1049,84.98654
266.129,1,92.64884,2.975928,162.6941,332.4511,82.62717,152.752,1,92.83025,2.769051,162.5906,72.55569,189.8985,95.19649
266.2392,1,92.62953,2.962746,163.1127,331.9769,82.91331,151.5225,1,92.83247,2.770836,163.0082,72.41144,217.9079,122.1267
266.346,1,92.60371,2.825602,163.4741,291.1194,58.14072,171.4757,1,92.89817,2.846172,163.4622,85.24445,102.9989,342.7623
266.4549,1,92.73049,2.706125,163.8298,298.3607,331.1149,267.5309,1,92.9155,2.97198,163.9735,40.83568,64.19914,296.1517
266.5619,1,92.83112,2.749528,164.1957,294.6686,335.4929,326.7305,1,92.81411,3.104239,164.4143,3.820649,78.99455,324.909
266.666,1,92.85847,2.83109,164.6725,326.127,117.8213,194.3937,1,92.75656,3.042768,164.8479,340.1464,73.69161,336.4307
266.7745,1,92.76611,2.962696,165.0643,337.5535,133.2318,182.8642,1,92.82986,3.017211,165.2704,349.5763,69.63803,330.785
266.8751,1,92.734,2.972946,165.4974,308.6765,121.1884,149.151,1,92.908,3.02527,165.7129,352.9378,73.54333,332.2604
266.9807,1,92.78577,2.919521,166.0204,309.1007,106.521,122.5749,1,92.993,3.028994,166.1626,354.2355,78.88651,334.7686
267.0873,1,92.84772,2.861422,166.5603,312.5693,99.02485,123.2207,1,93.05563,3.024078,166.6331,355.1678,79.03295,333.18
267.1874,1,92.92678,2.85517,167.0354,292.7787,103.4981,146.8508,1,93.11985,3.024435,167.1072,355.8229,79.67368,333.0694
267.2928,1,93.01829,2.846531,167.5275,291.6297,111.2438,141.7782,1,93.20219,3.025386,167.5947,355.6619,80.66618,333.2852
267.4011,1,93.10917,2.838392,168.0492,286.6046,98.93343,154.9058,1,93.29641,3.025951,168.0937,355.4149,81.76203,333.616
267.5156,1,93.24255,2.81422,168.6443,285.3164,110.129,140.1603,1,93.41537,3.025673,168.6801,351.6325,82.34973,334.8207
267.6233,1,93.41847,2.765411,169.1289,276.6306,30.28082,215.687,1,93.49171,3.02213,169.2042,340.3976,72.61075,339.1746
267.7329,1,93.56718,2.732778,169.5997,300.9749,30.93966,252.6613,1,93.55392,2.954225,169.742,330.9424,53.93783,345.6651
267.8336,1,93.65473,2.803649,170.1276,316.6851,121.388,226.6606,1,93.67525,2.878749,170.2497,304.6529,44.99858,7.579951
267.937,1,93.71806,2.919951,170.706,326.9623,165.9626,232.8745,1,93.88982,2.768029,170.7487,306.6138,38.13514,8.387014
268.0418,1,93.81493,2.94353,171.3032,308.2854,180.6152,142.0948,1,94.11589,2.743064,171.2831,321.7721,46.91689,342.3875
268.1528,1,94.12393,2.88653,172.0152,306.4413,163.5601,80.91934,1,94.41122,2.711582,171.897,1.604094,66.83179,358.1712
268.2534,1,94.39513,2.878206,172.6412,300.1805,111.1262,153.3472,1,94.66248,2.728134,172.5169,23.43616,106.4533,16.34173
268.3565,1,94.61022,2.837897,173.2239,299.741,126.4128,133.2008,1,94.83144,2.788442,173.0985,53.04173,111.6613,37.02384
268.462,1,94.80376,2.819598,173.8171,298.595,96.63602,156.2627,1,95.03605,2.798782,173.6988,58.96038,129.4159,44.21425
268.5755,1,95.0581,2.764602,174.5093,294.5954,89.43835,167.2961,1,95.3214,2.816004,174.3866,66.62295,224.4396,117.8887
268.6895,1,95.35864,2.714764,175.139,293.9213,38.73627,239.8351,1,95.54787,2.909105,175.1256,69.78976,81.40057,300.365
268.793,1,95.58558,2.753626,175.7459,296.8347,28.37904,282.6167,1,95.75375,2.943581,175.838,55.0525,84.40871,307.4838
268.9049,1,95.81425,2.740282,176.4729,291.0988,134.8382,179.7731,1,95.98798,2.974508,176.5748,45.05939,96.59162,324.0121
269.0163,1,96.00626,2.797255,177.2039,292.3269,135.0685,161.4885,1,96.2169,2.971687,177.3015,32.72272,97.20528,324.3866
269.1312,1,96.19181,2.833991,177.9378,296.0821,153.3077,105.1581,1,96.42635,2.987402,178.0275,26.96208,97.4268,324.0301
269.2342,1,96.34579,2.843328,178.5428,301.5384,142.8196,99.89644,1,96.59435,2.996246,178.6139,23.59683,98.25073,327.1085
269.3449,1,96.51815,2.834706,179.1552,294.3417,137.152,114.9269,1,96.76818,2.998559,179.221,22.57917,97.58931,328.6464
269.4583,1,96.68097,2.830839,179.6979,293.032,115.833,134.6232,1,96.91917,2.998931,179.7693,21.63759,96.71478,328.8763
269.5589,1,96.80575,2.823235,180.1252,283.0844,130.5199,113.7654,1,97.02929,3.004672,180.203,13.61739,93.08147,329.1638
269.67,1,96.94132,2.783724,180.5585,294.3405,339.6854,271.4499,1,97.08805,3.042275,180.6587,352.1474,83.28409,335.0263
269.7814,1,97.03913,2.769467,180.9004,304.1754,42.5575,245.9515,1,97.11703,3.048348,181.0431,339.939,74.76948,346.6857
269.885,1,97.10275,2.771683,181.1887,297.0675,39.08464,242.8332,1,97.17683,3.037956,181.3154,341.267,75.6826,346.4023
269.9958,1,97.15146,2.776693,181.4544,293.8788,33.68922,246.3102,1,97.25507,3.038305,181.5726,343.6235,76.71675,344.032
270.1073,1,97.20581,2.784442,181.6502,294.4964,36.51868,244.1893,1,97.30138,3.037283,181.7665,344.3498,76.98087,343.3476
270.2217,1,97.25361,2.783085,181.7916,293.4583,29.45169,253.9674,1,97.32101,3.028825,181.911,342.6956,76.48857,342.9741
270.3334,1,97.30286,2.774601,181.9535,296.0441,27.94173,267.8216,1,97.33675,3.016109,182.0724,335.9216,71.97228,342.9506
270.4379,1,97.34769,2.770245,182.1164,296.7967,27.7825,267.878,1,97.36262,3.009564,182.2306,337.4936,69.60479,343.7727
270.5489,1,97.38953,2.769003,182.3258,296.4695,24.80645,269.6058,1,97.40755,3.009903,182.4414,338.0288,69.81519,343.8578
270.6604,1,97.43307,2.771902,182.5584,296.512,24.31681,269.2991,1,97.45377,3.011599,182.676,338.1539,69.51852,343.9323
270.7729,1,97.48228,2.77257,182.8195,296.4328,23.90427,269.2787,1,97.50209,3.012029,182.9368,338.0925,68.88784,344.0686
270.8734,1,97.5283,2.771805,183.0744,297.05,25.15103,267.1186,1,97.54684,3.012046,183.1908,338.0791,68.357,344.0796
270.9848,1,97.58299,2.771863,183.3934,297.0021,25.58425,265.7836,1,97.60011,3.012039,183.5104,338.0799,67.68267,344.0794
271.0957,1,97.64098,2.769775,183.7473,297.1783,24.35563,266.0442,1,97.65494,3.011958,183.8623,338.0171,66.79389,344.1861
271.2066,1,97.70005,2.768032,184.1341,297.8969,25.41697,263.9661,1,97.70972,3.011611,184.2471,337.7874,65.6442,344.1926
271.3181,1,97.75842,2.766459,184.5544,298.0031,24.21437,265.0816,1,97.76304,3.010508,184.6652,337.2552,63.78155,344.586
271.4291,1,97.81339,2.76939,185.0047,298.4501,27.03779,262.4858,1,97.81376,3.008578,185.1176,336.6178,62.71156,344.6864
271.5399,1,97.86446,2.769928,185.4909,298.3984,25.64859,262.6606,1,97.86292,3.008372,185.6054,336.3968,61.78655,344.7673
271.6516,1,97.91209,2.771228,186.0111,298.5396,24.22399,262.9079,1,97.90744,3.007585,186.1276,336.5185,60.86498,344.7195
271.7625,1,97.94508,2.778225,186.5581,297.3445,18.55745,269.2191,1,97.94518,3.007566,186.6824,336.6232,59.79283,344.6879
271.8735,1,97.97691,2.778526,187.147,297.2433,15.69372,271.3596,1,97.97398,3.008107,187.2705,336.6017,58.69214,344.7401
271.9849,1,97.99825,2.776209,187.7706,297.0992,14.91718,271.2821,1,97.99267,3.007796,187.893,336.4514,57.54647,344.7557
272.0962,1,98.00706,2.7753,188.4253,296.8332,13.59362,271.6914,1,97.99881,3.0075,188.5481,336.2579,56.29689,344.814
272.2069,1,98.00221,2.775228,189.1103,296.9593,12.13438,271.8499,1,97.99099,3.007189,189.2329,335.955,55.00333,344.8115
272.3183,1,97.98078,2.7748,189.8253,296.8748,10.57569,272.2089,1,97.96686,3.007299,189.947,335.7968,53.78735,344.8142
272.4293,1,97.94135,2.773675,190.5695,296.9121,9.377888,272.0522,1,97.92421,3.007309,190.6898,335.632,52.52588,344.9182
272.5401,1,97.88189,2.774304,191.3405,296.979,7.869812,272.1046,1,97.8616,3.00739,191.4608,335.5151,51.10999,344.9551
272.6522,1,97.79938,2.773377,192.1385,296.8466,6.590984,272.0258,1,97.77661,3.007573,192.2582,335.5093,49.72056,344.9963
272.7529,1,97.70657,2.773679,192.8575,296.6686,5.620659,271.6536,1,97.68216,3.007941,192.9769,335.5117,48.3164,345.0098
272.8662,1,97.57549,2.773466,193.7039,296.3204,4.468016,271.4117,1,97.5481,3.007619,193.8238,335.5988,46.62822,345.0304
272.9777,1,97.41592,2.773417,194.5735,296.462,3.189721,271.0839,1,97.38599,3.007588,194.6921,335.5993,44.92388,344.9787
273.0879,1,97.22732,2.773314,195.4626,296.4479,1.712492,270.8328,1,97.19382,3.007563,195.5807,335.5078,43.12761,344.9278
273.1987,1,97.00634,2.773655,196.3703,296.3279,0.2104426,270.6734,1,96.96923,3.006962,196.4886,335.4695,41.36401,344.8628
273.3101,1,96.75204,2.773757,197.2963,296.3827,358.5559,270.368,1,96.70991,3.006691,197.414,335.2834,39.65209,344.8441
273.4151,1,96.49901,2.774624,198.1197,296.5946,356.3803,270.6113,1,96.45287,3.006748,198.2361,335.2443,37.99082,344.8373
273.5284,1,96.17188,2.776392,199.0739,296.6039,354.4876,270.7257,1,96.12177,3.006423,199.1906,335.2411,36.06414,344.7841
273.6405,1,95.80367,2.774029,200.0423,296.4722,352.83,270.528,1,95.75057,3.006765,200.1556,335.2298,34.17699,344.7577
273.7519,1,95.39428,2.774389,201.0204,296.4331,350.5811,270.9326,1,95.3375,3.006889,201.1318,335.1607,32.20079,344.7722
273.8634,1,94.94048,2.774254,202.0075,296.3759,348.5433,271.0711,1,94.88071,3.007237,202.1162,335.341,30.15535,344.7782
273.9739,1,94.44083,2.773077,203.0012,296.2002,346.4575,271.2959,1,94.37785,3.007489,203.1073,335.4101,28.07281,344.8088
274.0856,1,93.8941,2.773101,203.9992,296.1735,344.2391,271.4193,1,93.82716,3.007383,204.1024,335.4699,26.03984,344.8417
274.1971,1,93.29863,2.774501,204.9974,296.3143,342.2346,271.2368,1,93.22764,3.007713,205.0979,335.3151,23.93774,344.8542
274.3087,1,92.65304,2.774778,205.9923,296.384,339.7661,271.5298,1,92.57792,3.007618,206.0901,335.3045,21.74819,344.851
274.4195,1,91.9563,2.774365,206.9805,296.4096,337.3749,271.8691,1,91.87798,3.007555,207.075,335.4093,19.51978,344.8519
274.5323,1,91.21146,2.772953,207.9546,296.3299,335.0536,272.0007,1,91.12976,3.007431,208.0457,335.4218,17.18873,344.8731
274.6361,1,90.51854,2.773364,208.7911,296.6032,332.6925,272.2294,1,90.43319,3.00746,208.8782,335.4409,15.13521,344.9524
274.7502,1,89.683,2.773393,209.725,296.7151,329.7986,272.6784,1,89.59363,3.007639,209.8082,335.4721,12.90502,345.0407
274.8585,1,88.91284,2.774529,210.5195,296.7346,327.7057,272.7361,1,88.82046,3.008124,210.5991,335.4362,10.68196,345.129
274.9719,1,87.9871,2.77522,211.3997,296.6425,324.9654,273.3923,1,87.89039,3.007983,211.4753,335.3589,8.152698,345.2939
275.0777,1,87.14984,2.780995,212.1573,296.3423,328.3446,274.3201,1,87.03989,2.998456,212.1998,329.2073,0.6503686,348.1734
275.192,1,86.15115,2.798516,212.9974,306.2399,33.66043,223.6391,1,86.0364,2.910913,212.9563,305.0016,316.891,24.60935
275.3007,1,85.2382,2.8075,213.6246,336.5299,80.56924,224.2848,1,85.16218,2.812956,213.6545,300.2904,287.9136,49.78769
275.4046,1,84.25568,2.960474,214.1546,331.9379,96.28036,221.7744,1,84.26017,2.748726,214.3653,304.8209,307.7831,25.92254
275.5127,1,83.19627,2.943123,214.7056,321.652,78.98495,159.3344,1,83.23813,2.750729,215.0027,327.1808,319.3807,3.374715
275.6183,1,82.11608,2.907677,215.3215,323.2638,56.09455,98.17686,1,82.22855,2.800623,215.6168,1.84083,13.41274,8.127693
275.726,1,80.99011,2.895972,215.7977,314.5034,37.81761,114.1371,1,81.09339,2.821742,216.0299,23.73709,11.97252,30.80861
275.8344,1,79.86815,2.891899,216.1461,309.2413,27.129,139.1643,1,79.93639,2.778481,216.3907,65.20252,50.49684,51.43002
275.9354,1,78.67557,2.863203,216.3977,313.4778,29.35167,128.8557,1,78.7589,2.783091,216.6585,61.86967,23.58255,25.04517
276.0431,1,77.43611,2.930377,216.5648,314.1735,36.3115,119.407,1,77.56478,2.928429,216.8765,32.98043,9.84985,305.1757
276.153,1,76.18938,3.048354,216.6944,340.0095,21.83658,143.6496,1,76.19509,2.970078,216.9159,40.01254,343.6926,306.4615
276.2615,1,74.94125,3.066633,216.7749,357.2388,24.95749,154.8784,1,74.99574,2.81163,216.8913,56.79266,25.70509,339.5094
276.3743,1,73.69294,2.979175,216.8536,28.81122,40.0467,180.4836,1,73.87321,2.696464,216.6583,58.57393,93.29852,77.06811
276.4886,1,72.499,2.814803,216.6644,58.36563,74.68637,232.8388,1,72.67093,2.722797,216.4448,69.81109,72.58791,105.3595
276.5978,1,71.33309,2.790921,216.2944,54.9145,73.96805,221.3657,1,71.35429,2.772352,216.3225,44.74419,345.5333,35.14054
276.7072,1,70.1925,2.761101,215.9683,26.21287,35.86295,176.2302,1,70.17902,2.924417,216.1626,44.94139,295.6312,66.66802
276.8199,1,69.14867,2.732584,215.6124,356.8809,21.45184,167.7987,1,69.07664,3.067598,215.834,27.74554,284.3577,311.5011
276.9374,1,68.09901,2.685443,215.2116,346.9233,337.268,198.2688,1,67.89323,3.025656,215.3702,13.61917,332.8829,313.2745
277.0476,1,67.1137,2.786621,214.8461,350.942,356.242,204.2129,1,66.94294,2.969226,215.054,13.41145,334.3538,321.2972
277.1638,1,66.21165,2.789858,214.4748,325.5287,352.9176,192.7063,1,66.04091,2.893725,214.7652,48.67082,343.6268,325.797
277.2651,1,65.4757,2.83268,214.1544,279.9596,302.3229,211.2065,1,65.31981,2.787318,214.4987,67.60102,359.5383,351.9344
277.3652,1,64.67047,2.888955,213.8922,293.9206,85.98312,53.30044,1,64.65411,2.734284,214.1529,71.17726,53.75381,48.47496
277.4836,1,63.82077,2.950706,213.6124,322.5516,336.8241,133.3867,1,63.89394,2.762961,213.8262,66.0576,109.7399,117.2694
277.5975,1,63.07438,2.948179,213.3189,329.0123,333.0624,142.6598,1,63.13861,2.771747,213.5141,61.97027,121.88,129.2773
277.6988,1,62.45701,2.98157,213.0949,338.8948,341.4512,141.8508,1,62.55537,2.774376,213.2429,55.61599,117.8812,132.8135
277.8116,1,61.7402,3.058321,212.9075,10.49332,354.0473,146.1934,1,61.91472,2.785241,212.9373,41.69425,119.7793,178.1134
277.9316,1,61.1059,3.043983,212.752,16.2854,4.298038,158.5895,1,61.25906,2.820564,212.6971,60.42002,88.01276,133.5537
278.045,1,60.49783,2.973129,212.5886,32.49311,16.31064,159.3307,1,60.77269,2.969052,212.7655,52.07442,152.3812,254.909
278.1496,1,60.05311,2.889759,212.4776,61.43026,36.79212,178.8482,1,60.2358,2.859236,212.4527,79.53373,179.5822,244.6221
278.2649,1,59.62518,2.799729,212.2736,62.93629,79.51991,220.5724,1,59.66261,2.769885,212.4223,56.79551,327.9623,54.18394
278.3835,1,59.16185,2.771284,212.0718,59.89211,76.44547,208.057,1,59.2039,2.812447,212.239,60.0522,302.9172,13.96034
278.4958,1,58.70934,2.769723,211.9292,62.29272,97.65883,226.8919,1,58.76704,2.829861,212.1006,68.28488,286.6779,347.2281
278.5966,1,58.34461,2.744655,211.8122,42.15792,51.0464,192.5878,1,58.39137,2.830293,211.9998,78.63515,264.9752,326.1046
278.7009,1,57.96202,2.73089,211.733,18.69429,44.02938,189.5036,1,58.00761,2.826882,211.9074,75.14225,261.348,320.2208
278.8095,1,57.48228,2.746275,211.6333,11.81264,45.32144,187.4357,1,57.54169,2.823581,211.8075,79.32361,235.8083,268.3672
278.9185,1,56.99318,2.788761,211.4775,54.17227,103.3746,224.9669,1,57.0459,2.820675,211.7109,79.77005,332.3918,331.4358
279.032,1,56.47282,2.78765,211.4453,49.96481,84.83906,207.4407,1,56.54296,2.816046,211.6148,73.57989,359.175,358.2072
279.1339,1,56.02288,2.783466,211.3946,50.25745,82.09689,203.2971,1,56.09139,2.803921,211.5551,71.78035,358.7632,358.8462
279.2498,1,55.48235,2.781411,211.3328,50.35846,80.91653,199.0891,1,55.5601,2.80286,211.5041,73.50608,3.156543,2.080462
279.3509,1,55.00688,2.781542,211.2918,55.35923,86.5291,203.5127,1,55.09512,2.803275,211.4638,74.78999,8.926706,5.542492
279.4568,1,54.43417,2.788618,211.2648,55.12933,93.00017,211.3825,1,54.5308,2.803125,211.4285,74.74842,12.49257,6.030146
279.5608,1,53.92519,2.800434,211.2591,53.89876,93.02506,210.4443,1,54.03165,2.802563,211.4101,74.99631,12.39548,4.295417
279.6755,1,53.31728,2.816717,211.2762,47.53105,87.79477,210.6612,1,53.43958,2.803154,211.4116,82.53836,4.172807,351.0811
279.7945,1,52.69541,2.821377,211.3031,44.02978,83.70795,208.1081,1,52.82878,2.808085,211.4241,80.49391,357.8741,344.5437
279.8995,1,52.06047,2.820446,211.3359,38.94357,81.57597,202.9617,1,52.19717,2.807332,211.4501,78.99835,1.713063,346.7013
280.0099,1,51.41523,2.819415,211.389,40.8807,86.10521,204.4592,1,51.55407,2.80633,211.4959,77.61781,356.0394,339.5565
280.1265,1,50.7523,2.821024,211.4646,41.26387,88.41519,204.6125,1,50.8966,2.806251,211.5652,78.00787,354.8944,336.8447
280.2336,1,50.07565,2.845438,211.5737,49.32536,93.2834,201.6313,1,50.22783,2.806678,211.6564,78.06024,354.3431,334.6004
280.3439,1,49.38429,2.871157,211.7138,52.47455,97.23653,206.3444,1,49.54749,2.806976,211.7727,78.1441,347.6196,326.4815
280.4523,1,48.68412,2.875037,211.8569,49.35924,96.06143,199.2226,1,48.85411,2.81003,211.9139,79.23167,342.0295,319.047
280.5602,1,47.98068,2.868564,212.0189,47.10354,94.33325,192.0503,1,48.14989,2.811725,212.076,79.42596,333.7415,308.5379
280.6705,1,47.26502,2.868233,212.2105,47.81418,96.19825,193.9303,1,47.43538,2.812707,212.2614,79.87956,333.1146,305.937
280.7804,1,46.53228,2.895972,212.4415,55.25895,88.60216,186.4869,1,46.71387,2.811393,212.4738,79.54933,334.4679,306.0729
280.8906,1,45.7601,2.99283,212.711,36.31999,57.27242,152.6462,1,45.98882,2.809911,212.7127,78.75523,336.6152,307.3858
280.9923,1,44.95138,3.121685,212.8712,10.87393,24.28751,135.0345,1,45.26875,2.820537,212.9835,77.91163,331.2184,301.9069
281.0987,1,44.1711,2.925887,212.974,325.5248,20.15182,124.5563,1,44.52603,2.824262,213.2858,78.48237,315.6955,286.3559
281.2073,1,43.57999,2.724513,213.3308,275.6777,339.9898,170.5165,1,43.77829,2.822091,213.5948,79.78192,282.12,253.2545
281.3162,1,42.97539,2.632614,213.7981,300.7727,245.7921,286.3545,1,43.06178,2.835345,213.8955,73.57462,337.3584,283.1713
281.4239,1,42.35101,2.737226,214.1371,309.8511,238.5647,309.1159,1,42.35118,2.883171,214.2095,48.66777,24.07418,308.6091
281.524,1,41.71307,2.742348,214.3629,306.2307,225.2197,349.9913,1,41.7037,2.896694,214.4948,56.03803,19.63397,337.0774
281.6292,1,41.08139,2.7574,214.5636,275.5482,232.4767,15.64924,1,41.08831,2.901203,214.7138,48.45128,16.66988,348.9471
281.7372,1,40.50445,2.903409,214.764,316.7512,71.56457,199.2348,1,40.52539,2.946282,214.8896,48.32894,26.1926,337.2031
281.851,1,40.06454,3.013836,214.8593,335.9745,89.62121,178.5665,1,39.9594,2.991375,215.106,20.21217,12.72139,326.1386
281.9561,1,39.6005,2.97198,214.9646,329.2645,72.68393,132.297,1,39.49723,3.027035,215.2528,5.638193,7.789177,331.2916
282.0618,1,39.12456,2.924941,215.1055,333.9132,37.8986,100.418,1,39.08189,3.037979,215.3771,349.9074,358.1746,330.9178
282.1768,1,38.71411,2.871762,215.261,294.0912,355.6859,167.6933,1,38.67868,3.044446,215.4837,343.4253,357.335,333.7593
282.28,1,38.43364,2.796029,215.3953,277.3013,75.33662,90.5791,1,38.37088,3.046976,215.5529,336.4666,359.4417,338.3855
282.39,1,38.19917,2.774371,215.5152,276.5262,254.5266,260.1239,1,38.10862,3.04275,215.5907,327.947,352.3583,339.8756
282.4916,1,38.01433,2.751199,215.6039,284.334,270.2727,249.0981,1,37.88498,2.992556,215.6194,316.5269,345.4164,320.6934
282.5984,1,37.87494,2.757049,215.6469,294.7454,285.1715,246.969,1,37.72092,2.96512,215.6476,303.3405,345.0655,323.577
282.7009,1,37.76445,2.760427,215.6723,312.4452,219.8326,325.8154,1,37.62356,2.954875,215.6682,304.6745,338.0775,333.6865
282.8058,1,37.69796,2.755104,215.6929,322.4869,216.1832,334.1588,1,37.56553,2.94891,215.68,300.4467,332.8741,342.2278
282.9131,1,37.63677,2.764014,215.7212,316.7932,221.7115,332.3698,1,37.50203,2.932093,215.696,300.3001,322.6144,350.7602
283.0247,1,37.55701,2.787606,215.7477,316.7223,220.9645,333.7636,1,37.39802,2.917535,215.7273,302.5822,320.707,350.271
283.1306,1,37.42772,2.779726,215.7786,316.3815,220.1038,333.0951,1,37.28028,2.927041,215.7612,302.5815,321.9592,348.5872
283.2416,1,37.25463,2.777619,215.8215,315.5695,220.4557,332.4042,1,37.11371,2.930378,215.8049,303.0653,321.7017,348.3602
283.345,1,37.06915,2.773167,215.8702,315.8112,219.6156,332.5331,1,36.93,2.929725,215.8503,303.3165,320.9017,348.6758
283.4491,1,36.85088,2.774321,215.9235,315.8952,219.0812,332.6192,1,36.70998,2.928914,215.9025,303.3583,320.22,348.6025
283.5526,1,36.59261,2.772246,215.9848,316.2509,218.1219,332.9573,1,36.45336,2.928916,215.9612,303.3696,319.3511,348.6252
283.6641,1,36.24937,2.770929,216.0603,316.698,216.9424,333.1691,1,36.11156,2.928907,216.0334,303.5652,318.0122,348.8501
283.7715,1,35.90778,2.771833,216.1284,316.8234,215.8684,333.1025,1,35.77021,2.929057,216.0989,303.6229,316.869,348.8858
283.8725,1,35.52664,2.772461,216.1969,317.13,214.6776,333.51,1,35.38883,2.928967,216.1653,303.5623,315.6644,349.1207
283.9737,1,35.10385,2.772292,216.2646,317.6358,213.1353,333.9008,1,34.96706,2.929676,216.2298,303.2278,314.2606,349.4244
284.0777,1,34.64023,2.771164,216.3281,317.4378,211.7903,333.886,1,34.50458,2.929367,216.2901,303.2231,312.9908,349.3111
284.1794,1,34.1372,2.769628,216.3847,317.0472,210.3691,333.7443,1,34.00331,2.93083,216.3452,303.7517,312.173,348.2505
284.284,1,33.59079,2.76417,216.4244,310.3207,205.809,331.3665,1,33.45533,2.955514,216.3986,309.0266,320.0009,334.3498
284.3899,1,33.01023,2.773763,216.4378,305.5055,197.8641,328.5215,1,32.86089,3.010442,216.454,320.0633,335.4112,328.1892
284.4905,1,32.39221,2.776262,216.4339,304.9356,198.1118,329.8401,1,32.24191,3.045075,216.5065,335.6601,331.9279,336.7292
284.5939,1,31.73797,2.764533,216.4332,302.8243,193.9629,329.5339,1,31.60436,3.076941,216.5471,350.8713,338.4945,350.8493
284.6986,1,31.05337,2.765698,216.4079,293.7299,198.3802,327.1989,1,30.90181,3.057318,216.6133,2.493587,347.8372,339.9986
284.8069,1,30.33732,2.769287,216.3635,290.4066,204.5284,324.567,1,30.17303,2.946239,216.6618,37.1008,348.8773,331.4186
284.918,1,29.57853,2.768861,216.3161,292.5282,198.2169,328.2529,1,29.44731,2.860063,216.5997,39.52452,348.1659,331.8592
285.0287,1,28.77643,2.763915,216.2459,293.1143,194.893,328.2913,1,28.65575,2.865254,216.4914,47.98643,333.7697,323.6914
285.138,1,27.94729,2.754139,216.153,296.6606,195.7725,324.0011,1,27.80891,2.905613,216.3709,43.07232,335.2333,325.6413
285.2479,1,27.09864,2.736556,216.1004,294.7192,235.7046,323.0779,1,26.92662,3.024309,216.2048,24.43717,337.4443,338.6606
285.3569,1,26.21354,2.767222,215.9809,301.2951,3.486051,190.2476,1,26.0304,3.057931,215.9905,357.65,327.3982,331.6094
285.4651,1,25.29582,2.781209,215.815,298.059,353.502,191.5367,1,25.14927,3.056409,215.6871,326.3848,329.0068,341.2836
285.5719,1,24.34175,2.783311,215.5974,306.877,359.1264,193.5408,1,24.2666,2.985979,215.4168,300.1801,293.5258,357.8197
285.6792,1,23.37419,2.784183,215.3347,308.6248,7.004637,189.8167,1,23.35177,2.829872,215.1915,297.4989,228.7531,56.58345
285.7874,1,22.41303,2.748312,214.9927,290.8405,16.76854,178.2086,1,22.34391,2.874867,214.9401,313.2983,270.8876,359.0581
285.898,1,21.48026,2.763049,214.6542,294.6664,321.5702,214.0381,1,21.30488,3.062292,214.5315,319.8014,303.8484,348.2882
286.0124,1,20.48559,2.754399,214.23,293.5865,321.3481,213.1166,1,20.27889,3.121416,214.209,345.2842,311.3797,353.6764
286.1217,1,19.50891,2.757177,213.7291,290.142,304.5161,222.4344,1,19.22356,3.055212,213.8012,6.641016,318.8401,336.2937
286.2335,1,18.54441,2.759611,213.1092,292.8779,264.8689,237.7418,1,18.30826,2.73782,213.3485,64.38667,341.0083,328.2914
286.3475,1,17.55776,2.784655,212.4741,291.4751,194.3966,290.5885,1,17.60726,2.649038,212.5357,56.10458,73.15437,100.1667
286.448,1,16.71121,2.914343,211.907,306.0588,330.093,136.682,1,16.73899,2.73436,211.94,85.58936,222.6166,282.7479
286.5617,1,15.68644,2.994575,211.1508,324.768,329.7236,153.1511,1,15.59075,2.924429,211.1935,48.20911,243.9509,315.2999
286.6781,1,14.68345,2.993677,210.4573,314.7171,1.349993,117.1121,1,14.53504,3.01322,210.5311,2.203628,258.6343,325.9552
286.7803,1,13.81769,2.936018,209.9195,313.0537,28.05705,76.10637,1,13.55859,3.062191,210.012,316.6247,304.1548,340.227
286.8823,1,12.9143,2.883975,209.3882,305.6241,14.35734,98.73269,1,12.64579,3.048533,209.4533,351.0507,310.0652,332.3317
286.9838,1,11.96157,2.841481,208.8058,299.2207,16.20482,99.90582,1,11.66449,3.032073,208.9595,9.524741,326.899,336.7036
287.0857,1,10.95138,2.827469,208.2477,296.5615,10.23303,109.985,1,10.62772,2.856993,208.5129,29.9238,331.6548,309.7394
287.186,1,9.85785,2.81589,207.7146,289.158,352.8242,131.7915,1,9.74509,2.664203,207.9409,72.72643,315.3539,303.8009
287.2864,1,8.770032,2.859249,207.2378,298.4569,1.345198,122.8244,1,8.789569,2.695555,207.3584,62.94613,58.75311,68.17561
287.4011,1,7.455193,2.903158,206.6837,320.4656,357.8235,123.8417,1,7.519403,2.787356,206.8328,48.00333,113.2896,136.3482
287.5102,1,6.088035,2.922666,206.2514,321.754,355.084,129.6013,1,6.160673,2.774926,206.3788,54.48596,113.9197,122.6632
287.6241,1,4.695379,2.936052,205.9289,327.7609,353.9944,138.6906,1,4.771573,2.773549,206.063,37.30812,138.6717,153.5506
287.725,1,3.464696,2.892275,205.7277,319.2954,334.8335,164.254,1,3.518283,2.778588,205.9196,61.90507,141.8157,120.1656
287.8394,1,2.078688,2.684661,205.7353,294.7331,296.7274,218.2656,1,1.976278,2.879406,205.94,78.35229,332.3893,286.8975
287.9567,1,0.6621389,2.721179,205.832,314.1932,4.101155,229.5458,1,0.437225,3.067299,206.0029,27.73357,343.6359,320.4476
288.0598,1,-0.8218347,2.812659,205.9853,327.137,42.27809,180.8772,1,-1.090119,3.079369,205.9771,346.3245,357.6161,330.1239
288.1733,1,-2.321912,2.880397,206.1996,321.589,37.68284,185.1164,1,-2.570953,2.992839,206.1511,320.1376,332.3582,334.9146
288.282,1,-3.866174,2.882429,206.446,322.4644,56.14452,178.2542,1,-4.040449,2.870764,206.4184,294.015,294.479,18.59207
288.3914,1,-5.3949,2.927765,206.7078,322.4849,53.58552,186.2078,1,-5.518276,2.778008,206.8696,307.5568,297.9791,359.2245
288.4999,1,-6.945165,2.907289,207.0822,300.6469,65.828,120.5526,1,-7.06065,2.763295,207.3094,310.8578,302.5938,335.4333
288.6096,1,-8.531073,2.908396,207.5203,303.2644,39.51895,109.6177,1,-8.543703,2.75354,207.7459,335.8165,313.6226,331.8171
288.7173,1,-10.21162,2.895695,207.9818,314.0775,29.54513,123.2155,1,-10.07201,2.726036,208.2118,335.1164,316.6711,330.5173
288.824,1,-11.78376,2.869934,208.4265,308.123,356.5945,155.6228,1,-11.61755,2.724796,208.7154,337.5737,328.4152,12.88222
288.9338,1,-13.30638,2.793141,208.8252,289.1471,355.8088,152.8358,1,-13.18254,2.858435,209.1535,34.71552,358.0484,352.1523
289.0367,1,-14.81814,2.686029,209.3084,293.3923,252.3477,275.7604,1,-14.83137,2.892119,209.4874,63.71473,19.27304,326.8241
289.1445,1,-16.39397,2.748057,209.7067,290.4619,240.1216,347.2106,1,-16.56935,2.95311,209.7775,42.5904,351.9989,305.0957
289.2508,1,-18.03276,2.797506,210.0005,309.3185,54.42563,170.5056,1,-18.25229,3.029929,210.0487,12.09163,3.997379,316.8994
289.3577,1,-19.7172,2.865851,210.1351,302.9431,63.24757,133.673,1,-19.93789,3.03923,210.2604,352.9448,342.7018,321.6931
289.466,1,-21.44438,2.869752,210.19,307.3167,20.70638,116.7681,1,-21.63939,3.034969,210.3732,346.097,341.1068,324.3579
289.5737,1,-23.19008,2.807981,210.1812,293.7309,2.158201,112.5028,1,-23.3529,3.026922,210.4148,0.3579922,343.2013,336.4438
289.6884,1,-25.11382,2.793373,210.1084,275.8365,37.11779,122.0151,1,-25.28253,2.999815,210.3364,9.931993,336.8209,327.2842
289.7952,1,-26.74998,2.791932,209.9137,277.2677,26.22828,116.7943,1,-26.90228,2.989401,210.1208,13.51158,336.5387,324.7181
289.902,1,-28.31813,2.847384,209.5844,291.3902,22.95291,114.6572,1,-28.45224,2.937341,209.8459,35.99495,349.8788,334.9251
290.0121,1,-29.85022,2.938367,209.1749,319.1234,9.878401,126.8279,1,-29.89856,2.819972,209.466,73.50829,4.760369,343.2652
290.1177,1,-31.35655,3.065723,208.7952,2.019307,351.2498,146.232,1,-31.24603,2.734844,208.9422,58.80887,94.8317,80.36002
290.2268,1,-32.81306,3.066817,208.458,23.78161,16.03967,170.0159,1,-32.56435,2.76625,208.4139,53.94564,97.75441,143.8267
290.3376,1,-34.17767,2.992119,207.9263,33.28296,14.66052,165.4602,1,-34.06352,2.787839,207.9607,56.84612,108.7055,140.5532
290.4479,1,-35.57381,3.020196,207.2921,10.74955,354.3297,153.08,1,-35.49672,2.782868,207.4487,62.02206,134.9203,145.8445
290.5601,1,-36.96144,3.028657,206.6997,10.93594,1.479775,157.9705,1,-36.87958,2.793221,206.8683,68.7653,116.7365,135.0619
290.6686,1,-38.3541,3.018604,206.1184,9.726818,0.7824448,151.3706,1,-38.27419,2.789353,206.2719,65.26376,117.6154,136.9351
290.7755,1,-39.70619,3.02744,205.4605,353.7254,345.662,147.192,1,-39.67706,2.783992,205.6672,65.14531,118.0461,138.8525
290.8854,1,-41.07855,3.033605,204.7816,348.776,344.3509,152.6649,1,-41.07434,2.775097,205.0349,65.44288,120.2478,142.1854
290.9954,1,-42.47062,3.027112,204.1251,357.0992,343.4877,152.2378,1,-42.4647,2.77487,204.381,65.28728,123.1641,146.4765
291.1064,1,-43.87303,3.019138,203.4668,358.3878,344.0197,150.94,1,-43.83433,2.767327,203.6811,63.05782,124.758,143.6968
291.2189,1,-45.31206,3.056889,202.8552,9.979445,2.773487,152.7081,1,-45.15481,2.762247,202.9259,32.16087,124.7397,162.743
291.3344,1,-46.74247,3.02187,202.2592,39.3247,19.25993,176.078,1,-46.53222,2.814031,202.1539,19.31484,117.0318,168.5995
291.4424,1,-48.11317,2.97715,201.5533,47.44594,35.10001,195.0285,1,-47.94734,2.804874,201.4572,42.1576,104.1555,145.066
291.5536,1,-49.51389,3.010056,200.7869,31.48898,17.1985,175.4805,1,-49.35369,2.800691,200.7408,69.30423,58.20385,109.1303
291.6713,1,-50.90637,3.067528,199.9884,1.626805,351.2008,153.5283,1,-50.77164,2.769117,200.0085,31.36757,123.0645,149.4845
291.7817,1,-52.29767,3.050361,199.2244,355.1021,341.3571,152.5572,1,-52.2374,2.755833,199.4329,8.985499,158.3644,145.6037
291.8933,1,-53.6501,2.941534,198.4955,318.0767,313.994,155.1176,1,-53.76363,2.824753,198.8053,84.99101,106.9806,104.4223
292.003,1,-55.09302,2.763165,197.8228,284.5862,274.1465,191.8444,1,-55.29668,2.952718,198.111,48.02192,307.6387,308.9929
292.1117,1,-56.56143,2.742818,197.1327,272.4658,278.3178,193.7946,1,-56.73642,2.983361,197.3432,27.49414,323.0066,332.0857
292.2217,1,-57.97181,2.806767,196.3482,284.2405,12.89342,98.82784,1,-58.14772,2.945128,196.5616,41.6213,321.0551,330.1606
292.3347,1,-59.3772,2.871881,195.4534,308.4294,346.86,120.8418,1,-59.54909,2.847185,195.7337,53.06132,318.0685,319.4602
292.4363,1,-60.56697,2.906744,194.6872,310.0931,333.1265,132.3723,1,-60.72309,2.819456,194.9439,65.35033,297.9028,294.0786
292.5471,1,-61.9305,3.000948,193.7373,338.5952,330.9902,146.337,1,-61.97616,2.763505,193.9657,80.52153,200.556,198.1523
292.6621,1,-63.34446,3.087912,192.7966,7.030667,336.2311,160.3266,1,-63.23074,2.714969,192.9279,46.77478,120.0661,154.4391
292.7648,1,-64.50284,3.081162,191.9873,23.88696,357.1768,166.159,1,-64.33189,2.7469,192.0317,28.75211,110.0275,172.6518
292.8802,1,-65.84377,3.007952,190.9575,32.64093,354.9826,159.0257,1,-65.66547,2.778038,190.9528,31.80993,99.90092,162.8339
292.9923,1,-67.14801,2.967773,189.9262,56.27322,0.8686236,174.366,1,-66.97634,2.779379,189.8753,47.4357,90.55829,143.1556
293.0932,1,-68.27295,2.936655,189.0183,63.79958,21.09667,193.1271,0,0,0,0,0,0,0
293.2069,1,-69.57653,2.875706,187.9703,65.24617,90.62,256.2225,0,0,0,0,0,0,0
293.3109,1,-70.70951,2.818641,187.0578,40.63728,144.6936,295.831,0,0,0,0,0,0,0
293.4276,1,-72.01017,2.747766,185.9604,351.6314,197.5974,305.7462,1,-72.04503,2.922163,186.1633,68.26615,275.9756,16.91621
293.5298,1,-73.1718,2.773005,185.055,37.85402,112.0779,281.6129,1,-73.26817,2.742457,185.2678,75.62495,178.2541,287.3024
293.631,1,-74.4491,2.795345,184.2328,45.53274,47.84219,219.8117,1,-74.55197,2.764398,184.4868,67.9451,255.5129,345.0754
293.7501,1,-75.99946,2.749085,183.3683,29.0213,33.8213,175.035,1,-76.08804,2.815624,183.67,64.98093,315.1538,341.8446
293.8633,1,-77.62624,2.748802,182.6442,28.20317,50.45091,176.6819,1,-77.67768,2.831779,182.8724,60.08101,347.6686,334.7448
293.9633,1,-79.06451,2.779741,182.1313,26.57575,59.71791,184.9939,1,-79.09959,2.832711,182.2871,61.91138,335.0308,325.5219
294.0822,1,-80.76413,2.851093,181.6176,1.027778,59.87104,206.0661,1,-80.85561,2.854473,181.6873,54.29451,313.8824,273.7077
294.1935,1,-82.37379,3.094355,181.0973,324.3319,37.44864,186.4015,1,-82.62507,2.998475,181.2226,20.83794,327.5605,293.4574
294.308,1,-84.17848,3.028622,180.6113,337.7714,50.12725,92.1269,1,-84.36347,3.065842,180.7245,338.1555,325.2032,333.0701
294.4224,1,-85.99896,3.009353,180.2925,317.0349,32.56549,96.92407,1,-86.09907,3.041741,180.3574,333.4971,315.005,336.3309
294.535,1,-87.81071,3.01045,180.0085,337.0783,11.37158,126.9566,1,-87.88147,2.950264,180.0031,333.202,325.2528,325.7922
294.6459,1,-89.60669,3.004184,179.741,335.8211,15.9883,131.338,1,-89.68796,2.953433,179.7669,4.009431,314.2506,311.9679
294.7538,1,-91.44019,2.975476,179.4619,338.3537,6.781348,139.8507,1,-91.48979,2.98107,179.5186,354.3874,318.7495,319.2736
294.8689,1,-93.29447,2.945644,179.1586,328.8,359.6246,143.075,1,-93.31251,2.989923,179.228,350.3504,318.355,327.1815
294.9689,1,-94.84715,2.867122,178.8702,322.3448,329.1631,145.2363,1,-94.78115,2.659192,179.2471,19.51485,334.7498,17.18444
295.0788,1,-96.61451,2.80779,178.4863,287.6057,299.2556,185.4735,1,-96.64001,2.880793,178.8363,37.02491,333.7489,302.8686
295.1887,1,-98.40065,2.793954,177.9797,282.9984,344.9266,142.3738,1,-98.46942,3.001077,178.2194,31.10934,320.6125,315.4585
295.2977,1,-100.1666,2.880587,177.3579,301.9451,2.484707,118.3816,1,-100.2848,2.875576,177.5611,3.850363,350.9429,335.0277
295.4102,1,-101.9332,3.015353,176.6198,334.0919,346.481,145.9184,1,-101.9313,2.77383,176.891,42.54221,339.1599,336.8298
295.5234,1,-103.7036,3.092167,175.8993,11.2272,349.8794,157.9261,1,-103.5403,2.760889,176.0395,64.5685,334.9113,6.320574
295.6352,1,-105.4364,3.017418,175.1755,37.25844,17.38645,173.4748,1,-105.2115,2.833416,175.1277,40.52129,315.6897,16.31331
295.7393,1,-106.7852,2.761365,174.4504,63.38993,85.90455,254.6669,1,-106.6673,2.834348,174.3409,28.98012,321.0105,19.99315
295.8531,1,-108.2372,2.669936,173.2129,33.59988,45.65973,203.0063,1,-108.4122,2.899818,173.5834,46.97833,309.2411,30.45589
295.9698,1,-109.9044,2.750298,172.2144,41.24696,6.820731,204.0335,1,-110.0692,2.970916,172.5244,46.9117,293.1795,301.8043
296.0724,1,-111.4157,2.831469,171.2988,352.5594,313.3747,189.6694,1,-111.6147,2.961244,171.5851,48.13303,319.8475,309.4819
296.1871,1,-113.1669,2.900832,170.5461,281.0215,345.7807,143.7859,1,-113.3223,2.883161,170.7955,43.16531,343.052,313.4329
296.3,1,-115.046,3.03773,169.8599,318.3295,34.89568,79.25517,1,-115.0166,2.72268,170.0605,75.83138,66.93838,55.75288
296.4033,1,-116.6791,3.061162,169.3908,349.0827,8.650271,129.1076,1,-116.4644,2.73557,169.45,56.35701,118.5429,143.4939
296.5168,1,-118.5555,3.005637,168.83,4.153987,348.9318,140.4737,1,-118.4184,2.759351,168.929,56.46149,144.649,157.3457
296.6173,1,-120.1677,2.94691,168.3953,344.8237,349.816,138.73,1,-120.1358,2.762251,168.7091,70.08765,179.303,170.5741
296.7338,1,-122.1274,2.891907,168.2034,317.5963,358.8831,150.1836,1,-122.1318,2.803459,168.5531,78.24998,295.7929,276.1375
296.834,1,-123.8335,2.825841,168.2234,306.16,352.6404,157.2487,1,-123.8452,2.863147,168.5526,73.49797,310.004,283.4601
296.9469,1,-125.8366,2.810302,168.3798,298.3173,22.87873,134.4248,1,-125.8272,2.872149,168.6969,65.2137,347.6315,315.6419
297.0565,1,-127.7749,2.717733,168.7801,283.7516,322.3533,187.3101,1,-127.8192,2.962845,168.9996,36.94804,346.4369,312.0463
297.1623,1,-129.6241,2.743326,169.3212,299.0528,281.9784,287.8238,1,-129.8457,3.123505,169.2987,347.5333,356.3462,336.1198
297.272,1,-131.5997,2.813324,169.864,279.0709,354.7518,236.1927,1,-131.7662,3.0426,169.7495,321.6096,323.5665,358.7647
297.3729,1,-133.6743,2.782937,170.3793,7.267108,95.35935,161.1559,1,-133.6698,2.959681,170.3427,315.7005,323.7503,355.4847
297.4788,1,-135.434,2.934357,170.9278,294.6796,8.608491,207.5806,1,-135.5935,3.003638,171.0598,329.4171,334.6949,350.1161
297.5864,1,-137.3773,2.862387,171.7055,297.674,356.468,216.817,1,-137.5097,3.032802,171.7795,332.2205,336.3932,348.9987
297.6923,1,-139.3499,2.819175,172.466,295.6787,343.6046,231.8357,1,-139.4202,2.998485,172.4681,330.5992,336.041,348.0202
297.8016,1,-141.2027,2.830668,173.1269,289.1862,357.191,206.2638,1,-141.3324,3.025522,173.2374,342.511,347.6399,338.6127
297.9039,1,-143.134,2.79037,173.8775,288.6916,35.17747,148.1151,1,-143.2384,3.036412,174.0045,339.7715,348.6107,341.0311
298.008,1,-145.0439,2.784403,174.6735,277.7422,76.23786,111.8074,1,-145.1461,3.02259,174.7686,335.7418,344.944,342.8949
298.1145,1,-146.9408,2.763905,175.4895,274.5053,106.8655,78.22301,1,-147.053,2.984589,175.5597,322.3378,329.9175,353.2617
298.2298,1,-149.0739,2.762106,176.4109,295.8236,85.45197,73.25143,1,-149.1734,2.882181,176.488,300.6687,277.1324,50.06709
298.3304,1,-150.9899,2.823957,177.2749,302.0728,76.66225,69.64198,1,-151.0445,2.786475,177.413,300.9012,265.6538,59.99524
298.4336,1,-152.974,2.834496,178.1799,293.4852,32.99445,122.9433,1,-152.8873,2.815407,178.3691,335.9115,306.4778,12.5147
298.5347,1,-154.8627,2.839093,179.0779,285.1994,359.2661,204.2859,1,-154.7861,2.885785,179.3255,9.547386,320.5176,322.3931
298.6379,1,-156.816,2.780107,179.9631,287.3157,327.143,211.7319,1,-156.7525,2.93548,180.1888,2.939876,15.10769,296.2878
298.7461,1,-158.7649,2.776843,180.7781,287.188,306.7951,228.2557,1,-158.7615,2.93463,180.9916,0.3859526,9.018048,323.2072
298.8477,1,-160.671,2.757541,181.5471,292.275,303.3607,239.5995,1,-160.7214,2.955108,181.699,0.9109038,355.3053,318.3025
298.9513,1,-162.5654,2.758309,182.2639,290.3187,299.4504,241.8822,1,-162.6283,2.997816,182.3812,355.9972,351.9947,312.6949
299.0534,1,-164.4449,2.759508,182.909,289.9596,289.7912,250.7566,1,-164.5223,3.006073,183.0283,345.2758,351.6555,297.6905
299.1561,1,-166.2856,2.764119,183.4956,289.3515,283.608,255.4643,1,-166.3804,3.040726,183.6198,349.8705,342.7343,316.3045
299.2577,1,-168.0915,2.765138,184.0311,288.9523,283.8124,252.945,1,-168.1906,3.057032,184.1434,345.4417,344.2131,337.9427
299.3626,1,-169.8638,2.766631,184.5054,288.7648,281.721,254.2456,1,-169.9727,3.045716,184.6187,339.7574,354.3769,337.8852
299.4696,1,-171.6277,2.79733,184.8855,291.5361,197.4155,330.7859,1,-171.6951,3.04061,185.0887,358.3804,3.981285,337.8362
299.5746,1,-173.3591,2.859171,185.2307,286.4547,49.1691,107.4058,1,-173.3629,2.96453,185.556,26.03925,10.78287,323.865
299.6883,1,-175.2292,2.840846,185.6189,287.4235,60.18362,99.10413,1,-175.1951,2.845169,185.9643,52.33313,23.10973,331.5962
299.7953,1,-176.8137,2.832792,185.9541,285.905,247.1492,282.2848,1,-176.746,2.735784,186.2184,60.97052,59.6754,17.44058
299.8978,1,-178.3726,2.829028,186.2903,279.0514,286.6508,240.3057,1,-178.2679,2.731727,186.4566,62.99567,85.89288,82.08522
300.0057,1,-179.879,2.824306,186.6233,278.8725,297.3943,229.8961,1,-179.7489,2.864866,186.8287,32.47626,353.948,16.1504
300.1119,1,-181.3352,2.814667,186.9599,280.3791,315.9361,214.7621,1,-181.2534,2.976114,187.1928,24.40253,342.3403,284.6125
300.2199,1,-182.7327,2.81822,187.3372,281.5792,342.9153,186.5816,1,-182.7558,3.017201,187.6275,17.37717,346.2357,322.8133
300.3291,1,-184.082,2.848216,187.7261,284.8932,19.21837,149.8927,1,-184.0626,2.948833,188.0213,17.26449,355.6705,319.0974
300.4391,1,-185.3774,2.854197,188.1268,290.2714,37.01103,131.9741,1,-185.3068,2.894409,188.4478,28.92542,13.82892,328.6836
300.5496,1,-186.6096,2.870046,188.5462,296.0801,38.72171,131.6925,1,-186.5137,2.888454,188.8648,46.91151,8.838996,333.1578
300.6535,1,-187.7812,2.866918,188.9922,296.7635,40.20719,130.4109,1,-187.6729,2.896984,189.2961,43.08887,8.060965,328.33
300.7637,1,-188.8954,2.879409,189.4441,305.8907,45.14689,127.2355,1,-188.775,2.867251,189.7283,52.11322,1.320644,307.421
300.8787,1,-189.9691,3.000422,189.9345,333.4194,31.68021,147.2575,1,-189.8219,2.754166,190.0938,84.85441,66.08488,348.6299
300.9879,1,-190.975,3.062166,190.4704,4.095947,31.44811,157.2104,1,-190.7912,2.749155,190.4866,58.96223,161.4805,108.8287
301.1027,1,-192.0088,3.060063,191.0578,14.45012,49.15253,153.3569,1,-191.8506,2.754647,190.9895,48.10154,181.8054,144.267
301.208,1,-192.8857,3.042326,191.5746,19.57771,57.28235,152.6372,1,-192.728,2.768997,191.4654,44.82039,179.7077,140.8319
301.3152,1,-193.6827,3.044961,192.0688,24.29136,57.30445,157.9057,1,-193.5467,2.7663,191.958,38.08478,181.0166,145.7438
301.4198,1,-194.4357,3.042667,192.5533,21.3728,58.64402,155.2947,1,-194.2926,2.765565,192.4546,37.87698,186.3803,148.8488
301.5227,1,-195.1449,3.039186,193.0271,10.07916,59.07932,152.2997,1,-194.98,2.756167,192.9626,40.96684,194.6423,148.087
301.6297,1,-195.7822,3.0381,193.499,9.800599,61.14071,150.7474,1,-195.6074,2.760272,193.4515,46.42884,198.3094,147.9305
301.7379,1,-196.3593,3.036422,193.9758,10.2865,63.97644,150.0158,1,-196.1851,2.760915,193.9204,47.62156,199.2143,148.4775
301.8468,1,-196.8843,3.039071,194.435,10.88077,65.01803,151.1085,1,-196.7156,2.759863,194.3724,46.41481,201.692,148.9014
301.9572,1,-197.3623,3.039757,194.8726,10.72159,66.28623,151.4366,1,-197.1974,2.758196,194.8084,47.81979,202.8053,148.0261
302.0668,1,-197.7953,3.039387,195.2864,9.319424,66.96723,151.1525,1,-197.6244,2.75986,195.2241,48.25679,204.7093,149.3916
302.1761,1,-198.1913,3.035361,195.6556,359.6895,61.7916,150.692,1,-197.9971,2.767606,195.6372,55.18808,203.5644,147.4206
302.2854,1,-198.5583,3.028931,196.0101,351.324,58.69408,154.1447,1,-198.3375,2.769966,196.0249,61.38894,203.945,140.605
302.3918,1,-198.9029,3.021043,196.3772,354.1403,58.19653,153.0772,1,-198.6738,2.772289,196.4048,67.73483,195.6948,132.3923
302.4983,1,-199.2424,3.016312,196.7527,353.4036,57.99832,151.4005,1,-199.0077,2.780046,196.7834,70.14404,188.167,121.6759
302.5997,1,-199.5773,3.005134,197.1326,345.1125,56.98363,147.4991,1,-199.3327,2.792913,197.1808,74.44704,168.1619,99.84081
302.702,1,-199.9119,2.992611,197.5169,339.1986,57.72092,146.3777,1,-199.6584,2.803871,197.5903,76.76819,163.2251,94.61091
302.8071,1,-200.2435,2.990185,197.9282,337.1111,59.3128,147.2322,1,-199.9834,2.80819,197.9999,81.21027,122.4902,50.3668
302.9077,1,-200.568,2.989957,198.3502,336.5904,60.3832,147.4291,1,-200.3078,2.804584,198.4207,80.86088,116.1251,44.31497
303.0095,1,-200.8918,2.989568,198.784,336.4427,61.07927,147.531,1,-200.629,2.804618,198.8537,79.08566,108.7557,36.44369
303.1102,1,-201.2157,2.986941,199.2274,334.6185,60.99944,148.2807,1,-200.9471,2.814352,199.2949,76.82915,104.78,30.76852
303.2166,1,-201.5398,2.960697,199.6703,324.0086,60.38853,145.8903,1,-201.2605,2.83649,199.7675,76.73592,92.19587,16.1778
303.3252,1,-201.8548,2.88155,200.1192,297.1569,31.62328,164.6705,1,-201.5777,2.901762,200.27,75.40949,56.04681,335.9929
303.4285,1,-202.1207,2.782081,200.5985,277.6529,351.0849,198.6745,1,-201.9261,2.974245,200.7929,47.24241,36.04874,313.4775
303.5326,1,-202.3793,2.726357,201.1084,282.4012,222.5464,332.6738,1,-202.2756,3.028895,201.2773,25.63028,47.47342,328.1748
303.641,1,-202.6585,2.728489,201.609,284.8867,279.5553,288.7165,1,-202.6307,3.039119,201.7637,6.846442,49.21169,327.5414
303.7517,1,-202.998,2.737412,202.1919,290.6437,299.0178,289.3675,1,-203.0189,3.039985,202.3393,1.308873,47.69505,327.2492
303.8658,1,-203.3352,2.74003,202.7998,292.0561,275.9276,321.6732,1,-203.4104,3.038731,202.9338,349.4525,40.91005,332.9384
303.9666,1,-203.6793,2.735235,203.3466,289.0069,281.7469,345.1265,1,-203.7422,3.042259,203.4559,338.4174,31.57485,342.2886
304.0696,1,-204.0183,2.742841,203.9038,292.8513,289.2595,326.4758,1,-204.0718,3.029531,204.0076,336.7024,31.44553,340.1676
304.1808,1,-204.4025,2.747445,204.5416,294.9319,284.6895,317.4988,1,-204.4587,3.00904,204.6531,335.1759,30.79786,333.5659
304.2921,1,-204.7953,2.759714,205.1676,290.4427,338.7057,262.6598,1,-204.8489,2.982032,205.2968,323.4211,24.46302,332.8249
304.4031,1,-205.1763,2.790051,205.8102,308.6411,42.62399,223.3986,1,-205.2521,2.930082,205.9465,307.2441,13.8226,336.5612
304.5143,1,-205.5613,2.78954,206.4882,316.5128,64.01589,218.2158,1,-205.6275,2.870574,206.6014,297.23,355.7355,348.0414
304.6253,1,-205.9509,2.779966,207.1719,322.5049,84.54794,213.2415,1,-205.9894,2.817879,207.2842,296.7748,336.4294,5.192964
304.7364,1,-206.3537,2.787732,207.8609,333.0354,108.2789,221.492,1,-206.3345,2.783544,207.9863,298.2292,317.0618,25.3754
304.8475,1,-206.7743,2.822255,208.5441,327.1387,105.1872,222.4862,1,-206.7119,2.75896,208.7212,301.7162,313.3578,19.73514
304.9588,1,-207.2403,2.819226,209.2405,321.267,102.4423,212.3171,1,-207.0412,2.766143,209.4636,332.3387,345.9791,354.5406
305.0699,1,-207.7534,2.852663,209.9118,306.1295,111.0839,148.3459,1,-207.453,2.801637,210.193,340.4137,342.503,7.554362
305.1809,1,-208.1852,2.853811,210.6407,311.3256,90.90505,92.01548,1,-207.8787,2.808533,210.913,332.4292,354.1004,350.9728
305.2926,1,-208.685,2.880744,211.3942,305.8709,71.05313,114.234,1,-208.3532,2.805389,211.6368,4.148919,50.4027,353.9004
305.4033,1,-209.1773,2.898103,212.0546,295.9805,68.06419,139.617,1,-208.9194,2.905811,212.2304,57.474,83.21484,37.78448
305.5145,1,-209.6895,2.881453,212.7095,297.9225,64.76167,132.9072,1,-209.4728,2.875618,212.9026,73.12365,67.32311,359.9748
305.6257,1,-210.2205,2.856464,213.351,288.4164,61.75799,132.3354,1,-210.0726,2.907524,213.5721,69.70907,17.62918,290.4606
305.7367,1,-210.7344,2.80882,213.9944,289.0825,290.04,265.2968,1,-210.6446,2.994747,214.219,29.21956,39.36155,322.4058
305.8475,1,-211.1994,2.754137,214.6234,299.2206,287.6973,281.7226,1,-211.3013,3.064623,214.8007,0.4158888,44.95715,326.6469
305.9494,1,-211.6882,2.754342,215.1622,296.1421,329.9516,280.6741,1,-211.8802,3.057818,215.2639,339.6436,25.47501,326.2818
306.0635,1,-212.2808,2.807084,215.7163,327.1304,73.34702,198.3216,1,-212.5275,2.945549,215.7194,299.9587,354.7475,350.9305
306.1751,1,-212.9352,2.81671,216.2559,332.2741,81.90793,200.1524,1,-213.0494,2.74971,216.2724,293.6593,268.8604,67.3236
306.2852,1,-213.6246,2.91574,216.7162,328.5681,110.5581,223.8363,1,-213.6304,2.758512,216.8876,304.9561,307.8595,6.433322
306.396,1,-214.3178,2.922728,217.1617,309.8132,94.94404,184.955,1,-214.3114,2.775284,217.3784,307.617,309.4467,6.924314
306.5078,1,-214.9772,2.885747,217.5537,308.4299,95.02483,119.2855,1,-214.9543,2.763078,217.7907,335.4459,323.0346,1.944798
306.6186,1,-215.6006,2.87459,217.915,326.0834,32.15152,122.7774,1,-215.5631,2.765327,218.1227,353.0557,325.3721,353.5891
306.7293,1,-216.1908,2.864306,218.2016,305.0837,35.92953,128.7726,1,-216.1376,2.77193,218.3908,355.1106,321.6105,357.2071
306.8403,1,-216.7086,2.865547,218.4167,288.7563,16.5958,164.6591,1,-216.6626,2.773916,218.6089,343.5443,314.0121,359.0018
306.9524,1,-217.174,2.840072,218.6011,294.985,20.76281,155.8732,1,-217.1372,2.774972,218.781,313.3633,295.3543,12.92441
307.058,1,-217.5375,2.83325,218.7206,294.7307,16.55366,157.5607,1,-217.5066,2.776101,218.9025,321.3713,300.4523,4.650958
307.1689,1,-217.9,2.84029,218.8263,293.4607,6.966757,167.0658,1,-217.8736,2.776793,219.0102,320.3255,298.9493,3.346051
307.2805,1,-218.2052,2.841101,218.9068,292.9329,6.292066,166.6046,1,-218.1841,2.776801,219.0928,320.7684,297.2193,4.484647
307.3915,1,-218.4512,2.839802,218.9666,293.4634,6.14026,165.3527,1,-218.4334,2.776284,219.1534,320.0797,295.1916,3.674772
307.5051,1,-218.6375,2.838704,219.0081,293.6322,5.604253,165.1278,1,-218.6215,2.776206,219.1948,320.1945,294.5251,4.064919
307.6104,1,-218.7497,2.838785,219.0328,293.7111,4.84853,165.3084,1,-218.7337,2.777005,219.2164,320.2898,293.9335,4.67991
307.7242,1,-218.8207,2.838239,219.0477,293.904,4.632862,165.2651,1,-218.8043,2.778673,219.2297,321.298,293.8157,5.12175
307.8364,1,-218.8488,2.836903,219.0537,294.3113,4.735942,165.1597,1,-218.8313,2.778853,219.2357,321.8903,293.9935,4.623309
307.947,1,-218.8916,2.836586,219.0619,295.6564,4.204679,165.5985,1,-218.8744,2.778796,219.2441,321.7395,293.4509,5.129616
308.0595,1,-218.9536,2.835532,219.0733,296.051,3.785207,165.9065,1,-218.9366,2.778015,219.2559,321.5686,293.2165,4.881251
308.1718,1,-219.0434,2.834368,219.089,295.9458,4.525751,164.8241,1,-219.028,2.7772,219.2725,321.5897,292.7869,5.16374
308.2776,1,-219.1466,2.833355,219.1056,295.9961,6.551608,162.7537,1,-219.1333,2.777316,219.2903,321.1241,291.9204,5.535279
308.3903,1,-219.2976,2.833536,219.1306,295.9792,6.13878,162.5327,1,-219.2866,2.778218,219.3144,322.8985,291.7041,5.190547
308.5023,1,-219.485,2.833516,219.1587,296.0846,4.898114,162.8504,1,-219.4772,2.778242,219.3421,322.7677,290.5661,5.369265
308.6136,1,-219.7081,2.833437,219.1886,296.596,3.802443,162.853,1,-219.704,2.779866,219.371,324.8828,289.2408,5.540476
308.7263,1,-219.968,2.833235,219.218,298.0953,1.988571,163.549,1,-219.9661,2.780966,219.4003,324.3694,288.2151,5.019265
308.8321,1,-220.2268,2.832073,219.2411,297.5349,1.10856,163.1299,1,-220.2278,2.780662,219.4236,323.8748,286.8389,5.134034
308.9439,1,-220.558,2.831478,219.2629,297.4588,359.5914,163.1189,1,-220.5641,2.780875,219.4454,324.2522,285.0009,5.511464
309.0567,1,-220.9254,2.830948,219.2775,297.5993,358.3969,162.6355,1,-220.9363,2.781861,219.4598,324.0572,283.2199,5.13808
309.1678,1,-221.33,2.83034,219.2804,297.6717,356.5595,162.7168,1,-221.3463,2.781672,219.4627,323.9792,281.4121,5.178544
309.2816,1,-221.77,2.83003,219.2687,297.7208,354.7295,162.5863,1,-221.7936,2.780957,219.4501,324.1154,279.3391,5.344206
309.3875,1,-222.1854,2.830017,219.2424,297.7946,352.8194,162.3694,1,-222.2171,2.7824,219.4206,324.9611,276.455,6.723231
309.4999,1,-222.6887,2.8301,219.1916,297.91,350.9975,161.5802,1,-222.7281,2.783163,219.3668,325.1116,273.5434,8.484266
309.6061,1,-223.1434,2.829697,219.1255,298.4877,350.4056,159.6991,1,-223.1893,2.783571,219.2994,324.1105,270.2718,12.05737
309.707,1,-223.6037,2.827884,219.0405,299.6596,349.8326,157.8874,1,-223.6586,2.781421,219.2125,324.3723,268.3143,11.16081
309.8146,1,-224.0693,2.827105,218.9377,299.5235,347.4471,157.7172,1,-224.131,2.780744,219.1064,325.2117,266.0974,11.99087
309.9174,1,-224.5352,2.827093,218.8125,299.457,345.4958,157.3429,1,-224.6047,2.780214,218.9784,325.1996,263.6779,12.17249
310.027,1,-225.002,2.826202,218.6659,299.4357,343.5197,156.8148,1,-225.0784,2.779681,218.8289,324.9836,261.0773,12.21408
310.1356,1,-225.4686,2.825776,218.497,299.379,341.3346,156.3572,1,-225.5517,2.779057,218.6567,325.2805,258.8173,12.09418
310.2449,1,-225.9308,2.82583,218.3068,299.3595,339.2158,155.9384,1,-226.0205,2.77803,218.4631,325.5651,257.001,11.7601
310.3484,1,-226.3871,2.825967,218.0947,299.3894,336.5104,155.9598,1,-226.484,2.778514,218.2462,325.6212,254.2812,11.78825
310.4581,1,-226.8371,2.826055,217.8599,299.5395,333.5031,156.3018,1,-226.9403,2.777946,218.0072,325.7951,251.9412,11.67581
310.568,1,-227.2786,2.825431,217.603,299.7002,330.833,156.2834,1,-227.3891,2.776259,217.7462,325.4778,249.1557,11.70062
310.6835,1,-227.7046,2.834779,217.305,285.4509,2.060929,120.7655,1,-227.8212,2.874048,217.4564,12.47006,253.4544,7.075509
310.7948,1,-228.1079,2.838399,216.9716,292.8556,132.9408,328.4581,1,-228.2875,3.085285,217.122,351.6777,278.5852,300.0957
310.9124,1,-228.4747,2.82147,216.7195,275.4665,146.7588,315.3933,1,-228.7292,3.016711,216.7687,329.894,299.2729,326.2474
311.0261,1,-228.7912,2.790639,216.4524,274.8728,0.8783467,104.8223,1,-229.0645,3.032729,216.546,348.4721,312.5532,325.9255
311.1265,1,-229.0415,2.786625,216.2246,274.7839,281.1967,192.9915,1,-229.3666,2.954613,216.4147,18.85575,328.691,332.8809
311.2365,1,-229.3005,2.801641,215.9973,282.0206,252.1785,228.1991,1,-229.5428,2.752837,216.2268,53.6521,343.4716,351.7763
311.341,1,-229.5181,2.807244,215.7898,279.852,254.077,220.7735,1,-229.5546,2.687697,215.9244,53.44934,39.64009,73.57564
311.4495,1,-229.6541,2.80325,215.6024,273.599,141.3075,306.2864,1,-229.7026,2.809942,215.6752,60.23471,330.6891,42.85563
311.5648,1,-229.7618,2.793,215.4672,272.4333,68.66528,25.91189,1,-229.8856,2.832014,215.5242,35.18513,269.2027,357.2392
311.6732,1,-229.8839,2.791071,215.3565,283.1729,146.096,317.593,1,-229.9899,2.823582,215.3921,12.30432,247.0371,341.2221
311.7838,1,-229.9855,2.778813,215.2983,285.3636,142.4834,316.7635,1,-230.1133,2.896594,215.2533,315.3219,255.5404,335.3709
311.8932,1,-230.0632,2.735075,215.2973,289.3369,140.6865,323.4961,1,-230.2021,2.994539,215.2141,313.2857,279.0873,313.1119
312.0072,1,-230.0609,2.76001,215.2959,284.3826,147.6333,324.8937,1,-230.2373,3.048786,215.2372,339.0619,287.3378,321.693
312.1182,1,-230.0585,2.767759,215.2849,283.8613,165.1095,309.6369,1,-230.2887,3.094991,215.3115,348.8186,307.1927,350.3971
312.228,1,-230.0661,2.782232,215.2701,286.6662,160.7375,313.6099,1,-230.3651,3.014776,215.3709,357.6417,304.1034,325.7778
312.3438,1,-230.0815,2.810353,215.2538,286.3612,159.5893,312.7849,1,-230.3809,2.959409,215.3823,9.27922,300.5552,324.471
312.4515,1,-230.1029,2.818667,215.2275,283.7532,160.1027,309.8555,1,-230.3789,2.940456,215.3616,19.98902,302.0442,322.5963
312.5638,1,-230.1306,2.821638,215.1881,276.6355,214.1429,255.8318,1,-230.3985,2.906037,215.3332,34.07462,309.0401,324.67
312.6777,1,-230.1816,2.820808,215.1318,277.3386,251.9423,220.7288,1,-230.4465,2.862991,215.2945,38.71846,306.851,322.2119
312.7921,1,-230.2597,2.82088,215.0569,277.9469,260.2814,210.8049,1,-230.508,2.844774,215.2224,44.97005,307.8268,323.7696
312.9019,1,-230.3562,2.822336,214.9607,279.7171,264.1851,207.8013,1,-230.5914,2.826159,215.1231,48.6668,308.2194,323.2276
313.0114,1,-230.4716,2.824491,214.8396,278.9082,270.9129,201.6462,1,-230.7063,2.81413,215.0021,50.33567,307.6873,322.4378
313.1197,1,-230.6141,2.825871,214.6929,278.8525,283.4565,188.6786,1,-230.8494,2.811728,214.8538,51.73275,309.0584,323.7604
313.2302,1,-230.7793,2.830164,214.5205,276.0323,306.4619,168.4807,1,-231.0144,2.810179,214.6839,52.89254,312.6049,327.8492
313.3398,1,-230.9761,2.83437,214.3192,277.24,312.1373,162.2138,1,-231.2012,2.805873,214.4868,56.03289,316.595,331.5148
313.4534,1,-231.1981,2.839288,214.0919,277.9963,323.8867,151.0305,1,-231.4131,2.801303,214.2632,57.06453,319.9599,334.1857
313.5674,1,-231.4528,2.844187,213.8378,278.4046,324.2166,151.1385,1,-231.6627,2.795431,214.0095,57.80895,322.5537,335.3744
313.6839,1,-231.7413,2.847253,213.5531,280.6713,329.7794,144.3859,1,-231.9341,2.782979,213.7195,62.2594,330.8332,338.0232
313.7943,1,-232.0605,2.8533,213.2434,285.1169,330.8764,141.1779,1,-232.2327,2.774083,213.413,64.17171,334.1727,340.4456
313.9049,1,-232.4095,2.853997,212.9127,286.7453,331.1038,140.4853,1,-232.5695,2.767228,213.0798,63.53852,338.8196,342.9474
314.0152,1,-232.7873,2.852648,212.5595,286.3866,338.5467,134.1207,1,-232.9435,2.766008,212.723,62.74374,343.6438,347.512
314.1212,1,-233.1979,2.851199,212.1855,285.9855,341.4349,131.5513,1,-233.3351,2.751069,212.3379,62.08004,354.7362,358.903
314.2278,1,-233.6427,2.851375,211.7872,285.8559,339.6071,134.1926,1,-233.7371,2.750775,211.9375,65.34975,18.56469,30.16016
314.3383,1,-234.1208,2.851748,211.3699,286.0691,339.659,134.8848,1,-234.1935,2.754873,211.507,59.03493,41.65374,61.64835
314.4455,1,-234.6278,2.847873,210.9348,287.4945,341.9158,133.648,1,-234.6948,2.768402,211.0691,58.08875,74.68917,98.76087
314.5553,1,-235.1728,2.842502,210.4847,287.1177,343.1265,133.754,1,-235.2276,2.781278,210.6211,32.56612,111.3257,146.018
314.6634,1,-235.7558,2.842067,210.0233,287.7408,336.6143,141.9658,1,-235.8075,2.777341,210.1262,3.084895,111.7767,164.5896
314.7647,1,-236.3783,2.847666,209.5534,289.143,328.035,152.9131,1,-236.435,2.782713,209.6401,13.02052,107.2662,157.2948
314.869,1,-237.044,2.857249,209.0737,289.6917,332.6481,149.6389,1,-237.1037,2.770004,209.1527,12.82775,107.8165,165.3888
314.981,1,-237.7554,2.865224,208.5992,290.443,332.8216,151.0109,1,-237.8176,2.768225,208.6802,14.81951,106.1728,163.5361
315.09,1,-238.5141,2.864584,208.1284,291.9086,332.5949,152.6078,1,-238.573,2.767437,208.2133,17.76762,106.2107,163.3326
315.1969,1,-239.3209,2.864697,207.6636,293.7069,333.4666,153.4914,1,-239.3721,2.769238,207.7475,17.98858,108.1512,162.7909
315.3064,1,-240.1808,2.872949,207.2083,296.2711,334.7728,153.7863,1,-240.2124,2.783573,207.2878,18.15256,110.3115,163.8051
315.4133,1,-241.0976,2.900433,206.7606,297.7091,342.1328,147.8217,1,-241.1078,2.793021,206.8356,34.92868,102.5929,165.3013
315.5229,1,-242.0831,2.919728,206.3159,309.2159,349.8856,137.2069,1,-242.0786,2.806157,206.5013,78.64296,1.718633,77.68204
315.6302,1,-243.0918,2.959567,205.9367,345.1015,332.7569,137.5174,1,-243.0639,2.880127,206.2311,44.96007,269.3977,336.4674
315.7384,1,-244.1615,3.050736,205.6041,3.338599,351.3872,141.7332,1,-244.0718,2.90713,205.9322,53.90676,267.2697,300.9728
315.8428,1,-245.1842,3.066833,205.386,18.97879,13.61575,155.2006,1,-245.0413,2.900008,205.6156,64.17822,285.5414,299.1737
315.9483,1,-246.1542,3.006404,205.2259,35.58364,22.94724,163.4472,1,-245.9821,2.886844,205.3564,67.67433,277.6281,295.3682
316.0588,1,-247.0469,2.902392,205.0973,72.00795,58.51964,199.0631,1,-246.8902,2.890934,205.179,67.87639,274.1656,288.6501
316.1657,1,-247.876,2.778091,204.9392,63.62554,87.78941,219.1853,1,-247.7593,2.898685,205.0619,65.35717,260.9561,271.2584
316.2715,1,-248.7178,2.748543,204.7957,68.15739,92.94043,216.6545,1,-248.594,2.890084,204.9836,66.21626,265.6565,273.1666
316.3786,1,-249.5064,2.813962,204.7694,63.30754,114.0626,236.6079,1,-249.3794,2.88717,204.9488,66.64999,276.4836,279.9168
316.4866,1,-250.2727,2.87729,204.8485,55.05555,96.84355,221.6639,1,-250.1124,2.885019,204.9632,67.2991,280.5654,281.0349
316.5963,1,-250.9902,2.945511,204.9525,53.53384,65.25596,191.0562,1,-250.7926,2.878648,205.0204,68.62685,280.5234,279.633
316.704,1,-251.62,2.935791,205.0327,48.71832,68.43057,189.4688,1,-251.4246,2.876192,205.1064,70.976,281.7728,278.6353
316.8065,1,-252.216,2.934404,205.142,49.63483,70.63059,185.8441,1,-252.0075,2.874573,205.2104,70.39901,283.1922,279.2419
316.9129,1,-252.784,2.989445,205.2645,43.65078,47.31176,156.6065,1,-252.5341,2.872272,205.3268,68.97579,284.576,281.5689
317.0192,1,-253.2981,3.034752,205.362,11.63505,30.34424,143.7585,1,-253.0134,2.866716,205.4535,68.88276,287.1729,282.2239
317.1283,1,-253.7382,3.088494,205.3894,6.437734,24.68773,153.7171,1,-253.4422,2.866096,205.5804,67.96975,290.3206,285.1298
317.2298,1,-254.1488,3.028901,205.4613,358.8061,30.27716,140.316,1,-253.826,2.863773,205.7022,67.89693,294.0372,287.4305
317.3342,1,-254.4742,3.035881,205.6122,346.7462,36.20811,156.4241,1,-254.1623,2.859729,205.8126,69.13808,295.6901,288.4522
317.4435,1,-254.7546,3.040422,205.7351,358.2171,34.13745,157.6541,1,-254.4458,2.860458,205.9127,68.73341,299.7822,293.0834
317.5437,1,-254.9882,3.041965,205.8362,359.0653,33.52666,156.3815,1,-254.6817,2.860592,206.0065,68.53195,298.5617,291.4717
317.6502,1,-255.2021,3.040634,205.92,357.4656,33.33894,156.0988,1,-254.8934,2.860203,206.0926,69.04766,298.5323,290.5565
317.7588,1,-255.4165,3.038837,206.0031,354.6057,31.07475,157.0462,1,-255.1095,2.858948,206.1821,69.13637,300.2454,291.5673
317.8678,1,-255.6747,3.034043,206.1117,355.4354,29.96181,156.6671,1,-255.361,2.858891,206.287,69.16572,301.3726,292.0446
317.9714,1,-255.9096,3.026585,206.2136,356.3734,28.84408,155.1578,1,-255.5893,2.856325,206.3849,69.22063,303.4616,293.9557
318.0754,1,-256.1438,3.028256,206.3247,357.6021,29.19271,154.9075,1,-255.8245,2.854064,206.4905,69.07831,304.0451,294.5733
318.1763,1,-256.3922,3.028238,206.4441,357.6222,30.18701,154.6415,1,-256.0717,2.852987,206.6055,68.92827,304.9702,295.1012
318.2796,1,-256.6552,3.024184,206.5708,350.6173,29.70293,153.7706,1,-256.3317,2.854234,206.7314,69.10542,305.5834,295.0664
318.3885,1,-256.9217,2.959155,206.6636,319.5284,20.81514,149.8402,1,-256.6579,2.865536,206.8883,36.57238,16.86618,309.2859
318.4992,1,-257.263,2.896701,206.8143,306.6709,15.6441,155.1609,1,-257.0814,2.870905,207.0961,47.81127,32.48692,342.8967
318.6064,1,-257.572,2.87981,206.9871,302.9088,27.45578,146.1967,1,-257.4341,2.900476,207.2665,54.78089,9.295636,318.6552
318.7076,1,-257.8925,2.88305,207.1818,301.339,39.59232,134.0659,1,-257.7676,2.906922,207.4862,46.94782,15.11497,317.8774
318.8089,1,-258.2387,2.869086,207.3897,298.3706,42.33392,129.3614,1,-258.1021,2.910226,207.6811,40.4009,13.52039,317.5888
318.9128,1,-258.5895,2.839883,207.6156,288.3941,35.56968,133.8051,1,-258.4683,2.942383,207.8937,32.15385,18.83785,326.6734
319.0234,1,-258.9688,2.768083,207.9233,272.0696,69.51533,92.48194,1,-258.9126,3.012037,208.142,22.61442,17.34268,333.4248
319.1376,1,-259.3073,2.69254,208.2807,299.9568,275.4529,263.8263,1,-259.3958,3.041179,208.3791,8.073528,17.89959,321.6585
319.2427,1,-259.6657,2.770218,208.5891,307.7136,270.7999,329.6015,1,-259.7784,3.04776,208.6334,11.55142,18.27989,324.7026
319.3553,1,-260.167,2.840941,208.9697,287.4017,270.5816,326.2707,1,-260.2435,3.024634,208.987,9.013619,41.40922,330.2574
319.4623,1,-260.6196,2.876139,209.262,292.3192,280.7478,312.2641,1,-260.6902,3.009152,209.3016,12.72173,26.72975,330.7324
319.5732,1,-261.0974,2.832196,209.5637,287.6861,320.0541,287.8621,1,-261.1716,3.058263,209.5293,350.3771,12.4325,331.4202
319.6842,1,-261.4312,3.043382,209.4637,358.9533,78.39665,192.9257,1,-261.6034,3.022811,209.6736,324.7943,355.0335,347.8215
319.7956,1,-261.8109,3.044686,209.6632,341.242,57.71895,220.3591,1,-261.908,2.803167,209.8423,296.6802,303.3483,19.45616
319.9065,1,-262.1299,3.035699,209.8767,329.0615,73.77994,135.1987,1,-262.0418,2.665237,210.1977,341.3832,313.1934,350.9582
320.0176,1,-262.4373,2.940646,210.2307,317.1305,50.28558,100.0766,1,-262.2066,2.730679,210.423,334.4683,315.5129,5.900877
320.1291,1,-262.5783,2.903275,210.3862,314.6828,19.94484,166.2137,1,-262.3677,2.770911,210.5434,11.76742,358.7886,7.979737
320.2399,1,-262.7029,2.855432,210.4282,304.7857,23.04962,144.8837,1,-262.5059,2.791671,210.6403,51.08202,29.56423,33.75402
320.351,1,-262.7366,2.796274,210.4663,293.2073,32.18312,139.7714,1,-262.5625,2.80706,210.715,63.55098,99.29102,80.92185
320.4625,1,-262.6593,2.721507,210.5181,287.3904,330.0442,215.3901,1,-262.5703,2.910921,210.7196,73.25201,156.8631,110.9651
320.5734,1,-262.6048,2.789225,210.5526,310.1164,277.0471,302.4854,1,-262.6674,2.974693,210.7001,68.62059,20.75606,327.093
320.6845,1,-262.6036,2.813796,210.557,301.5065,274.2183,316.9517,1,-262.7029,3.010766,210.6889,38.80902,25.67243,328.0829
320.7961,1,-262.6223,2.785145,210.5729,279.4319,13.04404,218.9621,1,-262.7177,3.00891,210.6842,19.53718,33.51735,333.4792
320.9066,1,-262.6429,2.778454,210.571,276.8542,1.237842,226.5685,1,-262.7283,3.015907,210.6836,17.00717,30.64526,333.0255
321.0214,1,-262.6768,2.788556,210.5747,277.7299,277.2502,313.8676,1,-262.7764,3.025287,210.6924,9.879728,28.06116,330.0707
321.1224,1,-262.7325,2.79515,210.5983,283.2819,256.5524,331.7228,1,-262.8358,3.032696,210.7098,3.862968,26.63398,329.9517
321.234,1,-262.8395,2.799479,210.6529,282.2278,255.617,329.2653,1,-262.9372,3.036762,210.7634,0.1208099,24.04362,332.3908
321.3451,1,-263.0016,2.804445,210.7369,282.1781,255.5735,328.2329,1,-263.0906,3.034329,210.8616,0.8248524,21.48195,331.7488
321.4566,1,-263.2126,2.805534,210.8679,281.7225,258.348,324.9259,1,-263.3076,3.032476,210.9937,1.057656,20.64909,331.8968
321.5655,1,-263.4992,2.803813,211.0366,281.7798,256.1827,325.7636,1,-263.6033,3.029892,211.164,0.8677583,18.997,331.9137
321.6769,1,-263.8664,2.803809,211.2366,281.7491,254.4162,325.8265,1,-263.9772,3.028667,211.3628,0.6970668,17.50708,331.7242
321.789,1,-264.3184,2.804243,211.4646,281.7205,252.1934,326.2101,1,-264.4363,3.026958,211.5905,0.4220382,15.64468,331.6311
321.9,1,-264.8567,2.804749,211.7143,281.924,249.9344,326.368,1,-264.9825,3.026409,211.8375,359.9457,13.28115,331.4156
322.0107,1,-265.4832,2.803913,211.9763,281.9179,247.4558,326.3864,1,-265.617,3.02625,212.0912,358.6267,10.68056,331.1056
322.1227,1,-266.1974,2.803276,212.2373,282.0455,242.5727,329.0605,1,-266.3369,3.029137,212.3353,356.5811,7.206101,331.5222
322.2333,1,-266.9972,2.80689,212.4864,281.6454,241.6988,330.2201,1,-267.1435,3.033572,212.5396,347.2481,1.787841,332.5039
322.3446,1,-267.8713,2.813229,212.6972,279.1051,239.3576,330.2667,1,-268.0281,3.032329,212.7215,341.6595,352.7666,333.9849
322.4564,1,-268.8377,2.808869,212.8545,276.7687,229.1247,334.8031,1,-268.9897,3.026753,212.8715,338.3393,345.8735,335.6805
322.5671,1,-269.8705,2.813148,212.9579,277.3173,230.9618,327.9357,1,-270.0203,3.025171,212.9679,336.4628,340.3225,336.2528
322.678,1,-270.968,2.81223,212.9994,277.871,227.4663,327.1848,1,-271.1146,3.022199,212.9883,335.4088,334.0077,335.0306
322.7896,1,-272.1216,2.809886,212.9491,277.3636,225.2066,325.0237,1,-272.2664,3.021019,212.9199,334.518,327.5861,334.9674
322.9001,1,-273.3203,2.80875,212.7883,277.5322,219.0783,326.2244,1,-273.4641,3.021713,212.7481,334.7549,323.0723,335.1247
323.0117,1,-274.5514,2.808402,212.5086,277.2006,218.2636,321.9757,1,-274.692,3.021827,212.4567,334.7824,317.9119,335.1555
323.1193,1,-275.644,2.806178,212.1504,276.6113,220.2736,314.6848,1,-275.7788,3.021442,212.0859,334.8579,312.6044,335.1588
323.2324,1,-276.8912,2.805881,211.6073,276.7455,220.5306,308.579,1,-277.0186,3.021286,211.5297,334.7642,306.6383,335.0479
323.3394,1,-277.9645,2.804925,211.0046,277.219,216.0669,307.2571,1,-278.0833,3.02048,210.9151,334.5004,300.8434,334.6996
323.4511,1,-279.1512,2.804723,210.1697,277.259,210.4433,306.7766,1,-279.2605,3.01959,210.0667,334.1643,294.6027,334.5281
323.5632,1,-280.2691,2.806168,209.1884,277.2116,203.507,307.6997,1,-280.3665,3.017225,209.069,331.9728,288.1225,334.722
323.6759,1,-281.2974,2.809869,208.0633,274.2167,213.0034,294.8433,1,-281.3643,3.014485,207.9302,326.9044,278.3414,340.4124
323.7824,1,-282.0928,2.812901,206.9692,274.0935,276.2762,227.192,1,-282.1354,3.009288,206.8278,326.7038,269.2607,341.8237
323.8841,1,-282.7693,2.811627,205.7862,273.0613,274.6396,222.8781,1,-282.8069,3.011769,205.6388,327.9136,263.6068,340.8413
323.9908,1,-283.3175,2.807305,204.5246,271.9823,265.9919,224.5553,1,-283.3457,3.015504,204.3744,328.2069,257.1906,340.5043
324.0933,1,-283.7278,2.80531,203.2021,271.9955,282.2589,201.4064,1,-283.7364,3.016605,203.051,328.4343,250.9573,340.4009
324.2018,1,-283.9836,2.802913,201.8347,272.5209,299.2535,174.84,1,-283.9891,3.026549,201.6837,335.5238,251.928,335.7845
324.3094,1,-284.0372,2.777506,200.4573,279.1934,280.0431,170.6966,1,-284.1638,3.065809,200.2815,355.4832,263.6738,334.1191
324.4218,1,-283.9248,2.766057,199.0628,281.5862,261.0525,170.2838,1,-284.2148,2.971131,198.8621,33.29611,263.5625,324.853
324.5327,1,-283.6955,2.770018,197.6498,280.8584,178.9789,225.9613,1,-283.9819,2.7686,197.4994,64.22994,284.5911,341.2191
324.6444,1,-283.3572,2.817305,196.2449,285.3626,178.6415,230.0865,1,-283.5009,2.665787,196.2525,59.5843,328.9907,53.68781
324.7476,1,-282.9207,2.86305,195.0547,295.0392,276.7959,101.4063,1,-283.0975,2.773851,195.1614,62.42348,244.4688,36.97178
324.8604,1,-282.2947,2.964382,193.7267,313.9141,232.5297,133.2784,1,-282.5429,2.929834,193.7754,36.49281,206.644,313.7125
324.9747,1,-281.6295,3.047108,192.3945,353.7072,252.5347,137.9203,1,-281.8755,3.015426,192.3296,16.23705,230.5722,287.8433
325.0796,1,-281.09,3.056516,191.2524,14.50774,267.7834,150.8661,1,-281.2128,2.946648,191.1859,55.52448,252.5121,3.395503
325.1987,1,-280.4189,2.9324,189.9852,46.61926,283.9918,177.8033,1,-280.4028,2.689038,190.0835,67.18687,334.5069,49.89916
325.3105,1,-279.5897,2.783572,188.8669,47.34458,310.1053,205.3398,1,-279.6317,2.701576,188.9648,68.26707,276.1676,38.70713
325.4112,1,-278.8587,2.806415,187.9435,46.15207,308.242,187.7557,1,-279.0539,2.82919,187.8903,60.18531,263.5937,65.35838
325.5137,1,-278.1783,2.741969,186.9763,47.40773,301.3136,180.6895,1,-278.4222,3.012341,186.8959,10.80161,246.8768,9.97678
325.615,1,-277.5266,2.715536,186.0805,66.61498,330.8977,231.1719,1,-277.7249,3.08198,185.9705,28.86257,224.6286,309.0185
325.7202,1,-276.908,2.745242,185.1923,67.0844,337.2802,240.8177,1,-277.0045,3.011622,184.9215,35.48433,184.0612,307.2042
325.8223,1,-276.3004,2.72871,184.3374,36.72502,279.4204,183.2756,1,-276.5263,2.936946,184.0817,33.84904,234.7522,332.9288
325.9283,1,-275.7663,2.752864,183.4521,356.7809,253.2477,199.4471,1,-276.0121,2.75804,183.2838,79.17722,278.481,356.1649
326.0446,1,-275.1627,2.834127,182.4529,330.1793,225.9133,203.2343,1,-275.3591,2.688979,182.4931,57.3919,354.1747,118.7348
326.1497,1,-274.7289,2.90199,181.6147,274.5846,281.615,123.1644,1,-274.8758,2.783756,181.6494,88.4712,154.082,306.13
326.266,1,-274.2927,2.953511,180.5771,288.4499,259.039,140.6949,1,-274.526,2.922388,180.5859,35.07803,193.1415,340.1839
326.3713,1,-273.9668,2.969823,179.7607,325.972,254.8477,133.76,1,-274.2456,2.966602,179.7643,32.99347,203.9543,285.9336
326.4862,1,-273.6509,3.032427,178.7415,344.0843,257.7781,142.4318,1,-273.9024,2.9982,178.7194,22.79476,245.6705,299.0089
326.5916,1,-273.4764,3.070499,177.8864,5.617536,265.3617,155.8915,1,-273.663,2.980662,177.8837,36.50831,257.9504,352.4519
326.708,1,-273.2719,3.054999,176.892,355.2044,279.5882,157.0852,1,-273.4625,2.905552,176.8946,41.80099,260.0323,331.9596
326.8134,1,-273.0928,3.032809,176.0197,355.696,279.7937,145.4492,1,-273.3396,2.934873,176.0283,39.03732,243.516,314.9714
326.9282,1,-272.9522,2.990186,174.9996,338.3893,265.3434,149.4932,1,-273.2467,3.036255,174.978,34.74296,241.5907,315.7932
327.0471,1,-272.9612,2.968355,173.938,330.7077,285.0779,143.0576,1,-273.2742,2.997734,173.9521,34.41985,262.4131,333.9008
327.1609,1,-273.0724,2.983597,172.8731,335.7536,287.0664,144.7917,1,-273.3921,2.924266,172.9143,39.22494,267.1551,329.2323
327.2798,1,-273.2481,2.993414,171.8161,337.1412,289.9753,146.6313,1,-273.56,2.918091,171.8865,45.59933,268.8916,324.5012
327.3904,1,-273.4751,2.976914,170.7724,333.448,295.7232,146.5825,1,-273.7908,2.889857,170.8749,51.35103,278.1714,325.9609
327.5034,1,-273.761,2.928801,169.762,317.9625,300.3807,143.5502,1,-274.0934,2.901294,169.863,55.8429,276.2776,324.5728
327.6219,1,-274.1397,2.897154,168.7594,311.3236,305.0868,137.6072,1,-274.4601,2.963112,168.8573,47.30233,275.2485,321.2576
327.7344,1,-274.5928,2.852843,167.798,292.6353,349.985,96.23093,1,-274.9023,2.986236,167.891,26.54795,288.111,331.1686
327.851,1,-275.1729,2.747719,166.9384,277.1412,58.78212,1.401158,1,-275.3504,3.051457,166.9266,356.8042,286.636,326.1505
327.9513,1,-275.7337,2.656099,166.2665,305.8187,174.3915,265.4564,1,-275.7108,3.088054,166.0915,339.2776,261.9481,344.1187
328.0667,1,-276.3312,2.787316,165.4351,317.111,186.7682,327.231,1,-276.2039,2.941411,165.1897,291.2845,246.6904,3.521032
328.177,1,-276.9367,2.770086,164.5756,307.5883,195.792,312.075,1,-276.8501,2.88039,164.4167,289.0938,212.5408,40.35218
328.287,1,-277.5486,2.729239,163.7766,300.8332,199.7614,319.8079,1,-277.4958,2.832957,163.7029,298.3206,157.0009,87.01903
328.3907,1,-278.0654,2.876117,163.1099,286.5164,313.2233,237.611,1,-278.123,2.814624,163.0246,298.4197,159.6342,84.35863
328.4951,1,-278.5812,2.890072,162.4968,332.9801,22.74182,222.4837,1,-278.7317,2.804072,162.3852,304.8081,183.4165,55.82972
328.604,1,-279.1465,2.883823,161.838,324.437,6.373184,195.7072,1,-279.2897,2.813133,161.7679,303.41,189.3042,49.33141
328.7125,1,-279.6599,2.903201,161.2445,320.4031,0.6514027,169.0805,1,-279.8214,2.833145,161.1839,304.7953,195.5525,48.13784
328.8266,1,-280.218,2.85745,160.6312,303.9893,32.71293,104.5366,1,-280.39,2.84751,160.5874,301.6125,179.7061,66.01792
328.9303,1,-280.6929,2.837205,160.1471,297.2455,30.29484,93.4679,1,-280.869,2.822668,160.1191,299.6723,179.6137,64.62305
329.0351,1,-281.1727,2.767566,159.7207,283.2655,47.1491,39.19176,1,-281.3325,2.796085,159.6906,318.6896,233.8886,0.144093
329.1418,1,-281.5937,2.744797,159.3247,286.7021,154.4165,303.8841,1,-281.7386,2.828138,159.2872,311.4308,221.8649,25.9634
329.2438,1,-281.9839,2.764599,158.9604,282.9288,179.6026,286.2601,1,-282.1151,2.833675,158.9357,299.2801,202.4982,40.6795
329.3519,1,-282.3656,2.8174,158.5941,278.9667,6.245024,109.6112,1,-282.4893,2.805269,158.6222,314.664,237.1445,355.794
329.4605,1,-282.7867,2.884657,158.1897,298.5064,12.61521,106.6607,1,-282.9171,2.772279,158.3096,313.6347,229.5244,17.19302
329.5693,1,-283.2604,2.83988,157.7803,284.6976,309.1207,166.0677,1,-283.3761,2.793522,157.9756,318.5696,219.7245,29.50478
329.6776,1,-283.7271,2.79525,157.4412,284.9157,333.3481,130.0488,1,-283.8648,2.918427,157.6344,8.893222,251.2892,335.4817
329.779,1,-284.2269,2.743176,157.0919,273.354,193.2052,274.1454,1,-284.428,3.009819,157.1891,13.01321,297.6876,284.3554
329.8831,1,-284.7336,2.741944,156.6977,301.333,208.048,295.6057,1,-284.9684,3.046886,156.6923,29.35304,335.8477,342.5383
329.991,1,-285.3175,2.744866,156.2407,303.7371,169.6974,332.4001,1,-285.509,3.021672,156.1744,20.78486,310.2595,336.5728
330.1049,1,-285.9707,2.744273,155.6525,284.201,190.5409,335.2505,1,-286.1481,3.031965,155.6077,5.731218,305.6014,321.3828
330.2106,1,-286.5276,2.831532,155.0921,303.3422,329.8364,197.5303,1,-286.7344,3.04528,155.0676,2.115309,303.2722,326.8701
330.3257,1,-287.2107,2.932657,154.4437,302.7805,359.4795,119.0018,1,-287.4206,3.041507,154.3984,340.5094,298.498,328.088
330.4296,1,-287.8894,2.943254,153.8365,302.4962,1.742799,80.89727,1,-288.0523,3.01845,153.8072,328.8435,293.2926,331.6175
330.5418,1,-288.6899,2.925573,153.11,299.7499,351.3873,104.4559,1,-288.8185,2.96436,153.1005,317.3853,279.9445,334.5334
330.6547,1,-289.5163,2.934209,152.3723,308.5911,341.4285,122.7129,1,-289.6028,2.912704,152.3683,310.3581,276.2346,338.5421
330.7651,1,-290.3798,2.941213,151.5726,309.6756,330.6196,151.7033,1,-290.4237,2.824871,151.6545,318.1059,261.1862,353.5137
330.8758,1,-291.225,2.926196,150.7516,305.5272,310.0848,163.9093,1,-291.313,2.792037,150.8883,320.6081,224.5339,3.53253
330.9877,1,-292.0475,2.825307,149.9339,290.7349,320.4342,138.3941,1,-292.2129,2.837628,150.1149,21.20219,245.8727,345.3924
331.1017,1,-292.9218,2.717917,149.0911,279.2257,77.72542,10.80871,1,-293.1252,2.955001,149.2232,19.5009,286.5819,286.0832
331.2058,1,-293.6531,2.691372,148.3191,294.567,211.7431,263.0839,1,-293.858,2.988236,148.3211,31.83086,331.0809,339.1252
331.3175,1,-294.4293,2.784256,147.336,301.8265,193.1889,301.992,1,-294.5862,2.988761,147.2555,30.5603,304.6556,339.5445
331.4214,1,-295.0414,2.776334,146.3823,291.3237,216.103,289.2107,1,-295.1822,3.034732,146.3007,14.67344,298.1196,329.9536
331.5322,1,-295.5249,2.84475,145.3727,307.5053,312.1393,206.5749,1,-295.7459,3.032958,145.3233,358.3054,291.8002,327.5435
331.6367,1,-295.9386,2.897797,144.5444,295.8188,330.8215,123.0789,1,-296.1661,3.045909,144.4676,357.071,277.7872,332.1955
331.7529,1,-296.3986,2.907444,143.5227,311.7774,303.8601,106.8615,1,-296.5837,3.041938,143.4428,345.7521,273.0204,332.0825
331.8542,1,-296.724,2.868373,142.6482,296.0238,303.1438,128.2125,1,-296.8778,3.034478,142.5796,343.5612,267.4202,332.896
331.9594,1,-296.9753,2.846814,141.8259,286.9627,315.5896,119.3909,1,-297.1159,3.033262,141.7408,343.214,262.5565,333.1133
332.0618,1,-297.1698,2.828188,141.0201,287.8641,308.889,120.5435,1,-297.2989,3.034146,140.922,342.3354,259.7203,334.1292
332.1647,1,-297.304,2.81419,140.2305,285.8185,295.3484,134.0794,1,-297.4277,3.036311,140.133,342.1209,255.5075,335.7598
332.268,1,-297.3811,2.814965,139.4778,289.7885,284.25,143.3647,1,-297.5026,3.036795,139.372,341.603,252.1222,336.92
332.3733,1,-297.4177,2.815006,138.7574,290.2413,276.0659,149.9454,1,-297.5286,3.037127,138.6477,339.404,248.9379,337.5826
332.4806,1,-297.4196,2.808769,138.0742,288.0714,276.0616,147.018,1,-297.5157,3.033756,137.9583,338.5739,245.0398,336.9103
332.5874,1,-297.3856,2.803129,137.4259,288.5641,272.7289,147.6685,1,-297.4733,3.032491,137.3032,338.2945,240.978,336.346
332.6942,1,-297.3205,2.803047,136.8135,287.0414,269.9834,149.3003,1,-297.4035,3.032403,136.6873,338.4746,237.7916,335.7277
332.8022,1,-297.2321,2.804673,136.2411,287.3574,265.3263,151.7283,1,-297.3091,3.032269,136.1092,338.7219,235.242,335.5646
332.9107,1,-297.1203,2.802898,135.6812,289.4445,260.1467,153.5832,1,-297.1891,3.031652,135.5436,338.6855,232.8895,335.7713
333.0183,1,-296.9827,2.802405,135.1234,290.0424,256.201,154.3387,1,-297.0421,3.030558,134.981,338.5853,230.3382,335.8363
333.1262,1,-296.8185,2.799945,134.5685,289.7635,253.504,154.2417,1,-296.8699,3.028955,134.4236,338.3584,227.2645,335.6906
333.2348,1,-296.6256,2.79695,134.0163,289.8523,251.0124,153.7548,1,-296.6698,3.028734,133.8713,338.4554,223.8283,335.4476
333.341,1,-296.4036,2.795739,133.4694,289.7316,248.0889,154.0118,1,-296.4417,3.029043,133.3241,338.4779,221.3934,335.4968
333.4441,1,-296.1556,2.79627,132.9277,289.8373,244.6975,154.5135,1,-296.1873,3.028947,132.7822,338.4087,218.8725,335.536
333.5452,1,-295.8802,2.794968,132.3919,290.6599,242.092,154.263,1,-295.9053,3.029289,132.2451,338.5941,215.9851,335.538
333.6469,1,-295.5764,2.793541,131.8622,290.665,239.7578,153.8554,1,-295.5948,3.029271,131.7147,338.6143,213.1912,335.4902
333.7519,1,-295.2441,2.794457,131.3425,290.8301,236.1785,154.6726,1,-295.2557,3.029587,131.1951,338.5154,210.5873,335.5677
333.8575,1,-294.8816,2.794255,130.8334,290.5826,234.2827,153.823,1,-294.888,3.030459,130.6863,338.494,208.092,335.591
333.963,1,-294.4836,2.795446,130.3428,288.7991,236.1418,149.5909,1,-294.4974,3.038206,130.184,339.4195,209.8466,336.2414
334.0695,1,-294.0659,2.785937,129.8659,283.7149,230.6082,152.7562,1,-294.1111,3.049339,129.6686,352.0529,216.6114,337.3086
334.1783,1,-293.647,2.764259,129.4042,281.6566,212.0051,170.9946,1,-293.68,3.032902,129.1731,356.6677,212.5999,332.2406
334.2859,1,-293.1945,2.748242,128.9567,282.3282,202.2766,179.4713,1,-293.22,3.01672,128.7137,2.796644,211.8483,330.6113
334.395,1,-292.7044,2.756974,128.5409,288.3733,196.4635,183.5958,1,-292.7432,2.968659,128.2712,23.19743,216.7119,327.5168
334.5063,1,-292.1824,2.766276,128.1453,282.1973,146.1082,234.7813,1,-292.2907,2.858522,127.8869,43.72628,231.8699,332.9527
334.6209,1,-291.6399,2.78016,127.7749,284.3864,100.3412,276.3114,1,-291.8093,2.758916,127.5877,44.02297,244.4244,6.667514
334.7365,1,-291.105,2.807262,127.4241,286.0736,76.94093,294.2867,1,-291.2809,2.792466,127.2598,37.97909,209.5728,30.38467
334.8513,1,-290.5622,2.800314,127.0961,279.2791,99.94443,266.4219,1,-290.6862,2.994761,126.9193,16.94225,176.7328,301.6645
334.9666,1,-290.0427,2.784075,126.7875,281.0746,106.6945,259.5446,1,-290.0341,3.065665,126.5494,358.6407,187.3439,301.8606
335.0852,1,-289.5556,2.761943,126.4957,290.6846,57.35453,306.5922,1,-289.5089,3.031044,126.2466,0.8420001,185.3075,336.2981
335.204,1,-289.0752,2.776002,126.2644,287.7408,64.43456,294.4577,1,-289.0713,3.00288,126.0068,6.775418,183.0503,327.3513
335.3217,1,-288.6006,2.850541,126.0857,276.5218,221.7069,127.8839,1,-288.6548,2.929683,125.7833,31.79147,196.5132,320.4219
335.4401,1,-288.1289,2.894416,125.9044,295.4632,214.6265,133.7427,1,-288.2664,2.85969,125.6177,52.58817,204.7883,319.4481
335.5582,1,-287.7186,2.954203,125.7243,311.5975,205.6153,149.2094,1,-287.8591,2.801648,125.4492,60.30184,186.6384,301.6501
335.6781,1,-287.3011,2.961793,125.5398,314.4742,200.1815,154.8314,1,-287.4457,2.797968,125.285,63.54647,190.7783,308.7228
335.7972,1,-286.8925,2.96482,125.3664,316.9628,202.7595,152.3731,1,-287.0358,2.805632,125.1247,69.2228,194.6188,318.3134
335.9162,1,-286.4728,2.979388,125.193,323.7945,203.4956,153.7327,1,-286.6221,2.796407,124.9692,72.91831,190.7311,318.1794
336.0343,1,-286.0435,2.986666,125.0226,328.4336,203.6815,152.4893,1,-286.1986,2.791808,124.8135,76.45678,197.2478,326.6505
336.1536,1,-285.6094,2.986695,124.8531,329.6122,201.7964,151.6121,1,-285.7662,2.79146,124.6495,81.82397,199.1528,331.7935
336.2724,1,-285.1606,2.981474,124.6838,328.6761,197.4178,151.2234,1,-285.3132,2.794379,124.4829,82.89732,208.8106,342.2018
336.3917,1,-284.6956,2.983925,124.505,328.5089,194.5583,153.2283,1,-284.8427,2.788517,124.3227,82.30594,207.0865,340.2098
336.5112,1,-284.2265,3.029091,124.2831,346.4241,197.4976,150.9258,1,-284.3659,2.750446,124.2307,64.05558,273.5784,50.7321
336.6249,1,-283.7535,3.04537,124.0264,358.8478,218.0207,146.1474,1,-283.9152,2.752963,124.1319,68.71526,289.9252,113.7643
336.736,1,-283.2495,3.004109,123.8096,36.91108,237.3889,163.3547,1,-283.4268,2.861399,123.8909,30.52729,163.1872,25.434
336.8501,1,-282.7695,2.88918,123.6006,69.32693,271.7637,207.5195,1,-282.9942,3.079072,123.5086,40.28872,141.617,347.2661
336.9662,1,-282.2705,2.732592,123.5185,62.23978,306.6445,244.2387,1,-282.2861,3.116989,123.4301,22.87854,173.8172,290.8564
337.0831,1,-281.6778,2.700917,123.4814,49.26204,252.2603,180.1544,1,-281.5144,3.050065,123.2687,15.08974,173.9283,345.5213
337.2018,1,-281.0886,2.695451,123.3672,43.46605,235.0622,189.5039,1,-281.049,2.928935,123.0399,28.45653,204.006,314.7641
337.3184,1,-280.461,2.767825,123.1715,353.3543,206.0901,196.5681,1,-280.5622,2.769213,122.8424,80.41277,237.7442,356.3979
337.4337,1,-279.8683,2.855898,122.967,286.5779,133.5842,235.7906,1,-280.0356,2.716023,122.7931,59.58586,301.9132,82.55705
337.5477,1,-279.292,2.98772,122.6699,287.6122,272.4552,87.9692,1,-279.4594,2.755821,122.6057,54.27501,320.879,142.0655
337.6651,1,-278.7056,3.009447,122.3197,331.4127,193.3736,144.3992,1,-278.8736,2.814173,122.2852,58.14945,190.2195,30.33934
337.7813,1,-278.1593,3.025978,122.006,339.0663,200.6126,142.7991,1,-278.3691,2.940052,121.9132,52.91812,173.4467,319.6042
337.8988,1,-277.6266,3.048456,121.653,355.1071,216.9043,148.4733,1,-277.8169,2.980123,121.5639,33.00797,177.8915,270.7319
338.0166,1,-277.115,3.051693,121.2843,4.488431,230.5339,154.2727,1,-277.2555,2.958058,121.1781,44.05119,196.6801,304.0677
338.1328,1,-276.6001,3.048556,120.9035,5.269636,236.7136,154.2429,1,-276.7419,2.928903,120.8022,61.60675,208.4414,331.0962
338.2506,1,-276.0964,3.046429,120.4874,5.059894,239.7338,153.5576,1,-276.249,2.888048,120.411,52.91507,200.9246,313.1178
338.3685,1,-275.6218,3.047938,120.0339,6.081808,243.1685,154.3177,1,-275.7787,2.888395,119.965,51.28304,202.2176,309.6801
338.4858,1,-275.1745,3.049507,119.5416,8.713514,245.9526,156.0677,1,-275.331,2.891165,119.4849,50.26152,207.9442,311.2624
338.6036,1,-274.7734,3.05418,119.0095,16.38886,249.7874,159.0606,1,-274.9078,2.880528,118.9772,52.58759,214.735,312.8528
338.7231,1,-274.4227,3.020184,118.4172,26.73903,263.1095,159.5161,1,-274.5107,2.82624,118.4587,75.30273,211.826,299.8194
338.8424,1,-274.103,2.985139,117.8227,45.03289,274.988,168.1175,1,-274.1483,2.798197,117.9105,80.35076,220.5954,311.1436
338.9585,1,-273.7797,2.97631,117.1917,44.86695,275.4839,165.9044,1,-273.8277,2.785035,117.2921,79.64259,222.1565,309.851
339.0736,1,-273.4986,2.989428,116.5515,41.02536,279.7816,165.3589,1,-273.5493,2.792351,116.6495,79.62003,221.462,304.752
339.1923,1,-273.2764,2.989723,115.8807,41.41014,284.4525,165.7346,1,-273.3183,2.796858,115.9811,80.34747,226.5567,305.68
339.3103,1,-273.1071,2.986874,115.1859,43.33357,289.184,165.9153,1,-273.1399,2.79646,115.2924,79.9049,233.5114,308.2777
339.4244,1,-272.9888,2.983811,114.4695,44.31033,294.0362,164.6519,1,-273.0129,2.794243,114.5824,79.74352,239.1549,309.591
339.5378,1,-272.9249,2.9815,113.7367,44.57338,298.6395,164.315,1,-272.9402,2.789527,113.8562,79.7668,242.5927,308.294
339.6547,1,-272.9194,2.981239,113.0005,45.27612,302.8252,163.4229,1,-272.9271,2.782223,113.1199,79.5155,243.1398,303.7406
339.7715,1,-272.952,2.995694,112.2497,33.95892,307.5776,158.7102,1,-272.9882,2.78925,112.3886,77.30774,218.234,275.426
339.8862,1,-272.964,3.084162,111.4834,358.305,290.8014,156.5714,1,-273.1314,2.808911,111.6529,82.4888,241.1763,295.1526
340.0016,1,-273.0256,3.020344,110.7009,333.2352,284.3606,145.7738,1,-273.3004,2.821724,110.9202,72.72074,306.8477,3.629911
340.1156,1,-273.1921,2.856468,110.0155,301.8179,269.8446,148.8493,1,-273.5244,2.827296,110.1864,64.24152,305.3956,1.707908
340.2213,1,-273.5587,2.656603,109.3813,279.2192,155.4442,272.1782,1,-273.7922,2.837821,109.4483,63.73293,305.3088,358.1202
340.3322,1,-273.9849,2.648936,108.7573,295.1978,186.6928,285.4888,1,-274.1336,2.861773,108.7164,61.76536,274.1256,310.8515
340.4425,1,-274.3068,2.755651,108.0468,287.6574,169.7585,354.0218,1,-274.5083,2.950649,108.0037,40.58831,286.1634,319.3194
340.5516,1,-274.6436,2.866723,107.3231,312.7325,334.1496,184.729,1,-274.8745,3.004681,107.2666,8.750106,299.1737,319.7274
340.662,1,-274.9651,3.014772,106.6924,313.0601,336.6382,127.3771,1,-275.2026,3.070289,106.5534,348.6886,281.8915,328.3162
340.7709,1,-275.3817,3.083637,106.0061,331.6432,340.2526,88.37847,1,-275.5342,3.036004,105.9065,328.0927,273.2805,333.1829
340.8909,1,-275.9891,3.094439,105.2526,354.301,327.8773,140.5518,1,-275.9612,2.955628,105.2197,335.4911,287.5086,321.6856
340.9955,1,-276.434,2.999701,104.6423,3.725948,302.4837,167.691,1,-276.3939,2.960193,104.6908,337.4724,289.2437,319.6501
341.1031,1,-276.7003,2.9229,104.1182,328.8664,278.5466,148.5923,1,-276.7739,2.972913,104.1621,359.6792,270.6829,345.6798
341.2091,1,-276.9902,2.844689,103.6638,290.6345,288.116,159.3836,1,-277.2057,2.735977,104.0613,45.91769,280.8676,345.2652
341.3142,1,-277.3958,2.693044,103.2837,290.9642,192.761,250.3836,1,-277.592,2.891974,103.4238,53.25116,316.3012,306.9061
341.4222,1,-277.7771,2.728467,102.9938,302.6619,183.0046,306.5029,1,-277.8845,3.002834,102.8507,42.16261,317.6186,357.7397
341.5284,1,-278.0234,2.794601,102.5569,274.7297,173.9757,338.6227,1,-278.1534,3.056188,102.3827,9.399477,296.106,322.7515
341.6437,1,-278.2631,2.84954,102.0865,288.6655,324.5127,169.1322,1,-278.3941,3.052918,101.9308,338.5852,278.0435,333.3651
341.7509,1,-278.5083,2.839835,101.6355,280.303,258.8472,234.0562,1,-278.5955,3.043618,101.5001,328.1118,264.0876,344.8592
341.8591,1,-278.728,2.812851,101.2431,288.1108,241.4913,250.7946,1,-278.7815,3.000201,101.1228,327.8057,251.4021,344.8972
341.9644,1,-278.9165,2.797086,100.9179,287.4027,241.9834,247.3017,1,-278.9825,2.994042,100.7856,328.7093,255.7234,346.127
342.0797,1,-279.0877,2.799349,100.6131,288.4605,234.1596,250.89,1,-279.1602,3.007016,100.4818,330.1054,257.245,345.4881
342.1889,1,-279.2609,2.796554,100.2984,287.8306,228.4483,253.4446,1,-279.3223,3.005466,100.1669,330.5866,255.0678,344.3832
342.304,1,-279.4332,2.807905,99.98182,284.3706,223.8354,262.2934,1,-279.4574,2.987431,99.84575,324.8772,248.7874,349.5558
342.4135,1,-279.5973,2.808934,99.65456,280.3546,269.9431,230.0005,1,-279.5988,2.97302,99.51178,317.265,241.3263,356.2658
342.5237,1,-279.7448,2.807318,99.3099,284.3387,286.3257,210.8117,1,-279.7534,2.975792,99.1635,319.1004,240.6833,356.3778
342.6381,1,-279.8813,2.804537,98.95351,280.2083,279.9317,213.4837,1,-279.9083,2.988298,98.7986,320.2866,240.5194,356.041
342.7405,1,-280.01,2.80631,98.62639,278.8047,275.5585,215.6764,1,-280.034,2.991386,98.4707,320.6982,239.623,355.6475
342.8501,1,-280.1585,2.806848,98.22842,279.2339,270.5031,219.1231,1,-280.1743,2.990256,98.07233,320.8887,238.2926,355.7484
342.966,1,-280.299,2.804982,97.80527,279.0708,268.1737,219.8324,1,-280.3112,2.989728,97.65053,321.3085,236.9859,355.7009
343.0753,1,-280.4339,2.800604,97.35583,278.6993,261.7591,223.6294,1,-280.4456,2.993644,97.20155,326.9654,239.9939,353.8123
343.1883,1,-280.5605,2.790819,96.88326,278.558,247.0298,233.4198,1,-280.618,3.027217,96.7169,342.3348,245.5924,335.5204
343.2903,1,-280.6715,2.782632,96.4555,282.2399,231.1387,246.8822,1,-280.7068,3.019636,96.29305,335.5616,242.8849,341.5803
343.4065,1,-280.7919,2.786725,95.93506,282.6028,224.7239,252.2617,1,-280.7883,3.000205,95.77339,330.2686,236.897,343.5912
343.5099,1,-280.874,2.789221,95.46507,281.9448,225.9952,249.8904,1,-280.8697,3.000917,95.30211,331.8185,235.5047,344.1276
343.6247,1,-280.9564,2.790342,94.89105,282.1439,221.4989,252.1574,1,-280.9543,3.005275,94.72604,333.1925,233.8247,343.7982
343.7251,1,-281.0157,2.789213,94.37909,282.369,219.3687,252.4276,1,-281.0143,3.007988,94.21074,334.9739,232.7122,342.1245
343.8283,1,-281.0594,2.783375,93.84839,282.4832,213.1097,256.575,1,-281.0626,3.021159,93.67946,338.9882,236.8011,341.703
343.9457,1,-281.0792,2.779559,93.20552,282.2972,204.8388,261.7286,1,-281.1265,3.051265,93.03315,341.5007,253.8026,339.6913
344.0565,1,-281.0515,2.780096,92.52979,282.7453,202.1221,252.1183,1,-281.2742,3.031809,92.37573,16.8129,270.349,333.7254
344.1615,1,-280.9985,2.808087,91.93592,290.4378,241.7852,177.6475,1,-281.3265,2.812219,91.80135,53.78985,276.6637,321.8639
344.2781,1,-281.3802,2.673151,91.01707,348.3188,208.7749,25.66113,1,-281.1073,2.647269,91.20983,65.7748,355.6678,55.88237
344.3911,1,-281.3096,2.675174,90.26781,348.8977,207.2444,25.48793,1,-281.0151,2.761596,90.52435,56.71033,37.87928,141.5336
344.5086,1,-281.2307,2.674526,89.51031,349.2971,206.2056,24.56575,1,-281.0429,2.821429,89.68455,71.48829,96.31839,162.8781
344.6108,1,-281.162,2.672752,88.84902,349.2408,205.5891,23.83127,1,-281.0076,2.867111,89.00698,68.2818,257.9375,328.7386
344.7137,1,-281.0854,2.672286,88.17399,349.24,205.136,23.64319,1,-280.9134,2.826023,88.31991,62.19654,267.8677,339.2849
344.8168,1,-281,2.671683,87.48579,349.192,204.5946,23.62254,1,-280.8062,2.806968,87.6586,73.30051,280.721,356.6453
344.9177,1,-280.4542,2.982894,86.92887,330.7263,269.4251,147.9296,1,-280.6646,2.769018,86.98872,73.82415,358.3668,78.71595
345.0186,1,-280.3577,2.987457,86.21534,329.7556,274.6344,142.7029,1,-280.5561,2.776008,86.29383,73.57223,17.64762,105.9527
345.1219,1,-280.2468,2.965955,85.49819,323.3052,280.459,134.4118,1,-280.4464,2.770074,85.56755,59.70546,60.40203,153.1294
345.2346,1,-280.1097,2.942018,84.64108,313.6575,268.3051,138.554,1,-280.3047,2.764163,84.70016,67.55552,51.4367,141.3043
345.3374,1,-280.0021,2.935713,83.88243,314.5291,248.0088,155.805,1,-280.1517,2.763853,83.95526,50.49314,58.62764,151.1715
345.4511,1,-279.9309,3.005094,82.94579,340.6653,262.1621,140.2693,1,-279.934,2.793637,83.08717,37.66479,47.09,178.8607
345.5518,1,-279.8545,3.052028,82.12122,358.8098,274.6311,146.8239,1,-279.8123,2.813188,82.25656,74.48418,316.9107,94.01159
345.6537,1,-279.7571,3.009266,81.3231,18.49196,295.5018,146.3805,1,-279.8247,2.87663,81.37253,42.40023,214.8148,24.70751
345.756,1,-279.6777,2.96861,80.51662,32.7865,299.4694,157.5854,1,-279.9252,3.075002,80.70145,26.15314,210.9218,354.1085
345.8613,1,-279.5984,2.88581,79.71833,49.40603,310.8472,177.6258,1,-279.7323,3.083461,79.82725,45.50151,223.7787,297.2652
345.9641,1,-279.451,2.825305,78.90048,47.16533,325.8412,186.7362,1,-279.521,3.0229,78.82925,16.46132,264.5561,321.8959
346.067,1,-279.3037,2.840825,78.0304,14.1516,334.8011,158.5377,1,-279.4123,2.937601,77.91679,29.12634,257.8169,358.5791
346.1706,1,-279.1587,2.930089,77.21194,343.4223,330.109,151.8793,1,-279.3138,2.997847,77.06882,25.92202,250.888,329.3802
346.2728,1,-279.0207,2.956666,76.30939,346.3769,314.1171,124.0937,1,-279.2424,3.036885,76.15517,10.2995,248.5091,331.1035
346.3869,1,-278.9476,2.944603,75.1825,322.9773,286.9579,109.1805,1,-279.2229,3.02776,75.08304,5.880226,254.8893,332.4033
346.4897,1,-278.9663,2.934546,74.21069,308.8457,276.7776,134.5537,1,-279.2301,3.028056,74.14707,1.996629,255.4355,332.3943
346.5921,1,-279.0135,2.881928,73.21569,320.1717,269.8099,159.6048,1,-279.2532,3.033121,73.18938,359.6474,252.2059,331.1841
346.6935,1,-279.0926,2.820718,72.2576,319.1025,272.2828,133.9936,1,-279.3223,3.02477,72.22486,9.798482,256.3431,325.6148
346.7986,1,-279.214,2.741441,71.31527,288.1774,286.1917,122.3437,1,-279.4344,2.997723,71.25836,17.44291,272.7329,330.8386
346.912,1,-279.3706,2.721287,70.14533,280.9252,326.0862,85.65968,1,-279.5496,3.009824,70.08966,5.798068,261.2565,328.4909
347.025,1,-279.5164,2.754202,68.9614,279.524,321.984,95.1316,1,-279.7149,3.027524,68.90009,4.464862,260.5765,329.1097
347.1378,1,-279.6919,2.76813,67.77445,280.3975,350.8558,75.06264,1,-279.9168,3.017471,67.70919,7.464551,261.0522,328.6736
347.2395,1,-279.8622,2.773429,66.73216,281.5668,2.07433,65.08355,1,-280.0988,3.007802,66.67716,6.984716,263.7953,327.2055
347.3451,1,-280.1307,2.753678,65.51182,277.446,343.1449,76.57273,1,-280.3155,3.013282,65.45338,3.026216,264.0448,324.6684
347.4544,1,-280.5075,2.741633,64.37424,299.0587,176.9183,274.1969,1,-280.3879,3.080839,64.18382,338.699,251.4792,346.6405
347.5648,1,-280.7589,2.796239,63.09826,300.8341,172.084,298.8704,1,-280.6152,2.998482,62.94701,316.2612,234.7634,350.5539
347.6757,1,-281.0063,2.776238,61.81244,320.541,130.977,331.9625,1,-280.9782,3.037017,61.67292,330.9827,246.8485,342.3338
347.7928,1,-281.2987,2.782095,60.53426,310.1264,139.3522,323.9814,1,-281.2887,3.041997,60.37955,336.7211,250.4476,341.5948
347.8989,1,-281.6229,2.799731,59.23349,311.8174,147.8288,324.0115,1,-281.5179,2.992035,59.10191,313.2678,239.7431,347.3162
348.0065,1,-281.9254,2.788115,57.91389,305.6599,161.9803,311.9395,1,-281.8051,2.978558,57.78298,312.1285,241.126,349.4674
348.1143,1,-282.2352,2.773422,56.58093,308.0562,159.779,313.1069,1,-282.1223,2.995157,56.45577,316.1907,242.6487,348.3103
348.222,1,-282.5379,2.767514,55.23938,308.8438,160.5889,311.166,1,-282.3889,2.949621,55.1564,289.0906,215.4652,17.65937
348.3311,1,-282.8242,2.762522,53.88667,308.2613,162.8801,311.4569,1,-282.6913,2.823798,53.84043,299.8264,138.6838,80.92828
348.4376,0,0,0,0,0,0,0,1,-283.0211,2.782925,52.50642,316.1728,106.5594,126.1663
348.5418,0,0,0,0,0,0,0,1,-283.2584,2.7788,51.32479,306.9322,133.3177,101.6294
348.6482,0,0,0,0,0,0,0,1,-283.5302,2.783154,49.92227,313.0098,160.5021,66.55014
348.7578,1,-283.6891,2.806437,48.55158,341.9827,322.6099,207.4251,1,-283.7325,2.772795,48.51038,323.856,167.4265,67.01598
348.867,1,-283.7044,2.926588,47.15387,322.8585,345.1603,210.0492,1,-283.9597,2.877128,47.0724,354.4931,205.5785,31.76317
348.9793,1,-283.7247,2.917102,45.67338,311.2959,337.2341,133.0357,1,-284.207,2.933274,45.66797,33.49313,240.6587,334.8831
349.091,1,-283.8602,2.873122,44.12746,299.6405,307.6548,91.00764,1,-284.2287,2.909334,44.18254,38.19616,275.5767,309.6183
349.2013,1,-283.8912,2.910067,42.66597,314.3638,261.1696,151.3348,1,-284.1931,2.906344,42.64114,42.88323,272.1067,351.1682
349.3033,1,-283.8235,2.900876,41.17574,307.4424,284.6838,110.2303,1,-284.1167,2.892871,41.12667,25.42962,270.3445,333.482
349.4152,1,-283.7318,2.961144,39.62669,315.3429,279.4675,141.9382,1,-283.9983,2.853055,39.67806,41.19814,280.9983,347.8562
349.5226,1,-283.6139,3.027568,38.09751,336.2908,274.2616,144.59,1,-283.8436,2.796265,38.17074,47.72371,284.3179,4.478695
349.6236,1,-283.4326,3.006543,36.81148,331.2768,252.9498,158.7315,1,-283.6863,2.822861,36.85041,51.42183,277.8972,355.4995
349.7249,1,-283.1863,2.925806,35.53706,328.0382,249.6026,152.0939,1,-283.5095,2.883243,35.51511,47.35516,264.8232,339.9265
349.8329,1,-282.9072,2.893942,34.02608,318.5271,259.2831,143.618,1,-283.2302,2.908056,33.98005,43.29011,259.7724,335.0775
349.9435,1,-282.6075,2.923709,32.48443,319.3832,254.1464,151.0257,1,-282.916,2.891573,32.4486,40.91962,263.5326,340.4807
350.0481,1,-282.3101,2.965608,31.15491,321.9548,251.176,154.0469,1,-282.6135,2.859078,31.14146,41.75895,262.2647,340.9152
350.1609,1,-281.9001,2.949784,29.62441,322.9621,250.7727,151.8793,1,-282.2104,2.862994,29.59306,42.51644,259.5775,340.2285
350.2615,1,-281.5069,2.929192,28.31414,320.8318,249.4207,150.9251,1,-281.8223,2.877197,28.26602,42.48986,257.9835,340.4043
350.3762,1,-281.0133,2.93648,26.78387,319.408,246.7747,152.1646,1,-281.3224,2.875732,26.72885,42.43104,256.3052,340.6871
350.4856,1,-280.4797,2.999021,25.23145,328.7698,251.8963,150.6147,1,-280.7575,2.810694,25.22478,49.67754,261.9153,350.237
350.6037,1,-279.8931,3.023887,23.69299,333.4815,254.7073,154.1604,1,-280.1504,2.806195,23.69465,58.80273,278.6192,11.73865
350.7154,1,-279.2868,2.74866,22.24013,292.6705,199.7116,155.1943,1,-279.5009,3.009124,22.07117,59.97403,202.0908,296.88
350.8157,1,-278.9533,2.633471,20.94169,301.1571,134.0581,258.2898,1,-278.7114,3.198328,20.82633,349.979,220.0705,343.9551
350.917,1,-278.3461,2.784627,19.65914,298.6226,265.4474,197.1006,1,-277.9228,2.958367,19.66093,293.6923,179.9035,19.89548
351.0325,1,-277.4714,2.754846,18.14944,327.9625,272.4758,193.859,1,-277.377,2.755263,18.18545,302.4345,82.97762,98.32304
351.1509,1,-276.3632,3.111177,17.0228,339.5284,316.1461,160.443,1,-276.5857,2.726341,16.66499,298.8441,128.0821,43.86101
351.2516,1,-275.4978,2.972704,15.59361,332.1088,259.6617,102.7968,1,-275.816,2.735088,15.44763,339.0844,187.8906,0.7945955
351.3586,1,-274.4907,2.910575,14.47367,310.9568,205.4836,169.4104,1,-274.7763,2.832002,14.28507,6.113215,221.4412,14.78616
351.475,1,-273.2227,2.902759,13.44517,324.8591,215.0982,125.3632,1,-273.4572,2.873815,13.2276,76.54849,248.2988,36.45156
351.577,1,-271.9875,2.897044,12.7095,316.678,189.3305,155.2383,1,-272.1065,2.907707,12.46856,80.2438,249.4151,32.05672
351.6875,1,-270.6794,2.792336,12.11179,294.9676,174.2859,168.2278,1,-270.6949,2.98375,11.87477,50.00508,187.9254,334.1654
351.7884,1,-269.2779,2.775979,11.65948,276.3283,150.5483,189.6857,1,-269.2021,3.008065,11.47494,29.92042,177.214,331.46
351.8993,1,-267.4973,2.802336,11.40452,283.5848,138.1836,192.1735,1,-267.4165,3.002692,11.2372,33.22713,175.1167,339.6934
352.0166,1,-265.6758,2.808152,11.47211,284.5201,133.1601,187.061,1,-265.5659,2.989939,11.3014,35.34492,163.1049,338.7908
352.1288,1,-263.8595,2.833726,11.88955,284.259,131.8697,173.8676,1,-263.7112,2.938757,11.70488,37.79083,153.4789,335.5526
352.2347,1,-262.3153,2.972011,12.59887,328.8834,159.1408,115.4983,1,-262.2805,2.771099,12.35714,74.91953,237.5672,46.22559
352.3392,1,-260.8253,3.133157,13.40759,355.955,169.5481,151.3711,1,-261.0651,2.709106,13.31254,48.59188,288.1584,146.212
352.4436,1,-259.4989,2.990795,14.421,39.76957,182.5196,183.7653,1,-259.7433,2.783898,14.43809,71.33427,159.929,61.05162
352.5522,1,-258.4552,2.854845,15.73087,60.58846,216.7534,215.9953,1,-258.5033,2.79713,15.75432,45.63224,96.31161,34.99061
352.6606,1,-257.5971,2.774173,17.1601,63.30338,213.9569,223.4309,1,-257.4281,3.032047,17.01675,40.74126,70.47679,353.9179
352.7691,1,-256.8749,2.73061,18.74779,55.25334,222.8341,248.4169,1,-256.642,3.109639,18.69261,32.5132,79.6209,286.7654
352.8755,1,-256.2495,2.72724,20.38494,15.18622,136.5775,199.8567,1,-255.965,2.973262,20.45822,26.20195,97.89023,341.9576
352.9834,1,-255.7294,2.804977,22.11445,331.576,104.7286,198.7231,1,-255.3809,2.93028,22.04647,33.24773,105.4235,326.863
353.0861,1,-255.2584,2.836638,23.7767,293.226,77.37009,206.9833,1,-254.8943,2.842003,23.71289,51.23552,108.0433,327.669
353.1988,1,-254.7052,2.988821,25.81521,285.2207,150.3986,103.7297,1,-254.5092,2.729583,25.67722,63.63968,149.2736,27.7082
353.3091,1,-254.2135,3.04262,27.89462,352.3903,94.43852,139.2979,1,-254.1876,2.762804,27.69761,61.41659,231.3585,146.8467
353.4164,1,-253.878,3.036231,29.933,347.6187,102.4146,144.0859,1,-253.849,2.800469,29.7816,65.46835,133.2726,63.49896
353.5251,1,-253.597,3.016373,31.99193,348.2544,106.9464,141.4863,1,-253.5158,2.860805,31.82674,46.10611,71.7802,349.3722
353.6333,1,-253.285,3.024585,34.03738,4.55436,118.864,146.8617,1,-253.1691,2.960371,33.85948,55.15731,57.16627,296.6488
353.744,1,-252.9168,2.994739,36.0891,26.78981,137.5563,159.1923,1,-252.8599,3.003466,35.92999,40.96058,45.85304,261.9274
353.8534,1,-252.5287,2.870221,38.07055,41.80821,131.6265,158.6669,1,-252.5198,2.995286,38.03509,36.7298,64.92572,285.3556
353.9618,1,-252.2115,2.768314,40.10472,48.13678,157.0404,186.0051,1,-252.1496,2.990628,40.1049,29.34914,81.10297,316.4909
354.071,1,-251.8485,2.746915,42.14137,27.73214,157.2361,156.9622,1,-251.7149,2.980637,42.19061,30.0055,88.48266,339.2548
354.1801,1,-251.3201,2.758354,44.15417,21.02965,155.4221,156.4717,1,-251.1598,2.955818,44.19882,33.49286,95.9485,331.0757
354.289,1,-250.6753,2.741178,46.07026,10.09391,149.0652,167.4957,1,-250.5049,2.928508,46.09846,39.55801,103.8303,326.1218
354.3999,1,-250.0085,2.766069,47.88514,349.0591,146.1251,163.2455,1,-249.7501,2.863356,47.90248,47.46095,104.4671,322.5474
354.511,1,-249.2022,2.770928,49.67385,313.88,131.3949,128.0198,1,-248.9246,2.802123,49.62077,57.05789,111.6774,327.3393
354.6208,1,-248.2434,2.795578,51.37598,278.2155,101.5547,151.7289,1,-248.0054,2.792661,51.24782,58.31774,135.8016,350.3544
354.731,1,-247.1808,2.828938,52.94476,280.067,90.1709,189.9445,1,-246.9687,2.792315,52.76853,57.30588,137.4602,347.5804
354.8464,1,-246.0142,2.836951,54.35346,288.3386,104.892,181.3687,1,-245.8425,2.799474,54.1624,57.91434,151.488,357.2516
354.9557,1,-244.7884,2.847464,55.62793,287.3522,126.7799,148.6688,1,-244.6465,2.797508,55.42531,59.27569,159.3912,2.058164
355.0594,1,-243.5171,2.901073,56.80495,306.023,145.5685,134.6637,1,-243.4309,2.76673,56.57346,63.24206,183.2706,35.87409
355.1645,1,-242.187,2.959049,57.81577,324.3862,143.8179,141.8258,1,-242.1319,2.764928,57.56775,61.85687,276.217,144.4544
355.2675,1,-240.8178,2.957718,58.69332,332.0054,151.3727,141.2781,1,-240.7482,2.834534,58.39347,79.70415,76.05719,251.6559
355.382,1,-239.4301,2.960123,59.42132,329.9471,157.5538,141.587,1,-239.3528,2.874588,59.11553,63.56289,147.8021,329.4522
355.483,1,-238.234,2.962736,59.92715,330.3206,159.811,144.4864,1,-238.1772,2.863618,59.63182,61.98195,172.2306,356.0677
355.5916,1,-236.8343,2.965988,60.38765,331.3789,165.4028,145.0884,1,-236.8131,2.835928,60.09796,67.62551,172.2248,349.1813
355.7,1,-235.4445,2.97778,60.72054,334.9319,170.7358,146.6761,1,-235.4601,2.831814,60.43264,69.66864,177.7513,350.4529
355.8089,1,-234.0833,2.976921,60.93435,336.9268,175.7725,146.2,1,-234.1273,2.832168,60.64544,71.37505,183.4718,352.2573
355.9163,1,-232.7583,2.974033,61.03315,337.3772,179.9907,145.7616,1,-232.8286,2.831628,60.74727,70.855,187.477,351.5239
356.0261,1,-231.4796,2.972311,61.02999,338.3799,183.8895,145.5837,1,-231.5737,2.829599,60.75091,70.86611,191.3344,351.0165
356.1436,1,-230.2554,2.973114,60.93038,338.5417,188.7821,145.1146,1,-230.3709,2.828052,60.66106,70.56358,196.1608,351.3185
356.2546,1,-229.092,2.972941,60.74738,338.9305,193.7349,143.9062,1,-229.2282,2.827733,60.48729,70.57504,200.3387,351.2923
356.3684,1,-227.9934,2.972337,60.49336,338.8531,198.1379,143.2633,1,-228.1469,2.827891,60.24276,70.45079,204.6128,351.7018
356.4684,1,-227.1062,2.97234,60.22532,338.7398,202.3778,142.0565,1,-227.274,2.827464,59.98489,70.30544,207.6742,351.2848
356.5716,1,-226.2702,2.971944,59.91877,338.8951,206.2433,141.3264,1,-226.4514,2.825819,59.68765,70.25961,210.2625,350.7163
356.6722,1,-225.4849,2.971198,59.5789,338.6854,209.151,141.7748,1,-225.6798,2.826211,59.35786,70.15032,213.3049,350.5933
356.7742,1,-224.752,2.970384,59.21412,338.7343,212.2172,141.7808,1,-224.9581,2.82633,59.00181,70.21299,217.0344,351.3765
356.877,1,-224.0694,2.968515,58.82842,338.7847,214.9555,141.4175,1,-224.288,2.826134,58.62763,70.22838,219.8459,351.3058
356.9927,1,-223.3404,2.968692,58.36236,339.2627,217.8878,141.2162,1,-223.5699,2.824411,58.17848,70.55454,223.0694,351.0501
357.0937,1,-222.7693,2.968354,57.95551,339.9547,220.284,141.0022,1,-223.0073,2.824652,57.78342,73.50321,221.2641,346.4034
357.1962,1,-222.2456,2.968244,57.5463,339.8232,222.2082,141.3504,1,-222.4916,2.827562,57.3816,75.05532,222.9884,346.5848
357.3135,1,-221.6906,2.96641,57.07114,340.0083,223.5216,141.9189,1,-221.9465,2.832204,56.91926,74.77843,227.0021,348.1232
357.4183,1,-221.2594,2.96636,56.67002,340.2639,226.0036,141.6522,1,-221.5216,2.830646,56.53146,74.2356,229.1911,347.7643
357.5344,1,-220.8063,2.971413,56.21184,341.1941,228.8425,141.9266,1,-221.0715,2.821252,56.09099,72.9509,232.7779,347.286
357.6352,1,-220.4601,2.988639,55.82638,349.7785,231.9689,144.3936,1,-220.7171,2.789318,55.73115,71.87342,241.1767,351.9595
357.746,1,-220.1085,3.009493,55.39978,354.5431,237.5836,146.132,1,-220.3656,2.784954,55.3317,77.25282,264.4713,16.79469
357.8508,1,-219.8391,3.012208,55.06576,357.6872,240.2707,146.1135,1,-220.0977,2.789373,55.00953,75.81415,278.627,30.59591
357.9663,1,-219.5654,3.012435,54.70161,358.425,247.8579,143.3038,1,-219.8183,2.785592,54.65526,73.17802,287.89,37.99945
358.0714,1,-219.3595,3.023452,54.38916,356.7711,250.6656,145.0418,1,-219.6016,2.783727,54.36037,72.76685,291.3791,40.12178
358.1718,1,-219.1706,3.041555,54.05539,359.26,255.2043,148.1404,1,-219.3922,2.785123,54.08188,73.55424,341.5588,98.34895
358.2782,1,-218.9894,3.051653,53.71748,5.84186,260.9063,155.1049,1,-219.1895,2.79131,53.80088,55.45726,22.73757,149.7143
358.3796,1,-218.8258,3.056205,53.37835,10.61134,259.2596,160.3828,1,-218.9818,2.779007,53.47505,62.53999,23.23103,150.3293
358.4803,1,-218.6318,3.052955,53.03043,11.63258,260.4697,160.7895,1,-218.7799,2.773144,53.13148,65.52551,27.31787,154.0502
358.5919,1,-218.4102,3.052132,52.61153,11.34633,261.7881,159.4745,1,-218.5595,2.776815,52.71229,66.24895,25.11129,148.0843
358.6941,1,-218.2319,3.051954,52.23529,10.8504,263.5329,159.4585,1,-218.3814,2.780062,52.33799,67.52219,21.99906,142.8645
358.8107,1,-218.0342,3.052154,51.77339,10.87483,265.6651,159.5869,1,-218.1805,2.781133,51.88179,68.01109,23.5288,142.0406
358.9159,1,-217.8752,3.051679,51.35622,11.03901,267.4828,159.5878,1,-218.0174,2.781022,51.47082,68.26097,25.68794,142.1759
359.0191,1,-217.7254,3.048824,50.91745,11.01327,268.9826,158.9532,1,-217.8639,2.781149,51.04058,68.49733,27.33047,141.6829
359.1249,1,-217.5885,3.048366,50.45943,11.77894,270.4973,158.4472,1,-217.7218,2.781484,50.58992,68.67171,29.04481,141.1739
359.2296,1,-217.4654,3.048838,49.98373,12.0651,272.2043,158.625,1,-217.5929,2.781556,50.12064,69.38907,31.44352,141.2637
359.3296,1,-217.3564,3.048376,49.48841,11.88035,274.7571,158.6507,1,-217.4785,2.782504,49.63182,69.7846,32.70408,140.0271
359.4336,1,-217.265,3.048397,48.97641,12.0233,276.9022,158.6431,1,-217.3818,2.782353,49.12466,70.10383,35.17878,140.3076
359.5488,1,-217.1802,3.048799,48.35558,11.33231,279.3669,158.8211,1,-217.2943,2.78228,48.50954,71.23247,38.41963,140.5232
359.651,1,-217.1018,3.057141,47.81676,0.56994,281.0098,159.5385,1,-217.2576,2.778308,47.95034,70.45805,38.33138,133.7198
359.7531,1,-217.0268,3.04864,47.2576,353.2855,278.6551,159.8969,1,-217.2599,2.795638,47.38265,74.21481,35.0716,119.485
359.8592,1,-217.0095,3.03363,46.67129,357.099,282.4227,158.8608,1,-217.2594,2.799139,46.80158,74.66716,35.78293,119.354
359.9636,1,-217.0392,3.021567,46.08514,356.2415,286.5201,151.351,1,-217.2799,2.802488,46.21593,75.90577,33.01978,113.8764
360.0689,1,-217.0856,3.004762,45.47781,355.9569,288.8448,144.8469,1,-217.3264,2.804306,45.62118,75.70591,37.25255,114.7456
360.1741,1,-217.1577,2.995906,44.87237,353.6941,290.6577,143.2171,1,-217.3977,2.810332,45.02505,76.90505,35.36731,106.8158
360.281,1,-217.2719,3.001885,44.26083,354.7999,293.3606,143.6458,1,-217.4857,2.805352,44.42585,76.24903,33.73844,102.1781
360.3862,1,-217.4329,3.025185,43.66051,357.3156,296.5376,145.1611,1,-217.597,2.790264,43.83712,73.15236,49.6106,117.6867
360.4894,1,-217.5923,3.026164,43.06208,1.958298,299.7043,145.7195,1,-217.7452,2.789116,43.24787,73.42014,47.68815,114.0039
360.5939,1,-217.7759,3.027047,42.46673,0.9611722,301.9632,147.2962,1,-217.9286,2.791215,42.65839,73.32143,53.38443,118.2161
360.6968,1,-217.9891,3.028919,41.87987,1.995834,303.4445,149.903,1,-218.1367,2.792365,42.07603,73.65503,55.98721,118.193
360.8021,1,-218.2337,3.032225,41.30513,1.524204,305.3041,150.9414,1,-218.3703,2.79221,41.50251,73.86092,57.81562,117.3036
360.9072,1,-218.5019,3.034884,40.74039,1.117287,308.1294,151.3902,1,-218.6302,2.791056,40.93844,73.92156,60.89161,117.8125
361.0142,1,-218.7981,3.034548,40.18262,1.125064,310.898,151.3199,1,-218.918,2.791597,40.38626,74.00429,63.36484,117.9012
361.1216,1,-219.1199,3.03116,39.63673,359.4242,311.9207,151.3018,1,-219.2393,2.794652,39.84937,74.3386,64.16109,116.0472
361.2299,1,-219.4422,2.995687,39.09326,341.6584,305.5424,151.5124,1,-219.6113,2.8085,39.32848,79.02174,31.53872,76.83007
361.3398,1,-219.8011,2.976552,38.57281,331.7797,310.5217,151.7923,1,-220.0003,2.826756,38.81783,72.93208,336.9676,14.65526
361.4517,1,-220.1935,2.965346,38.07536,333.3979,315.6001,150.2624,1,-220.4052,2.834164,38.32619,73.03307,340.252,18.09449
361.5629,1,-220.6098,2.949529,37.60271,327.5424,318.0523,149.1756,1,-220.8234,2.837115,37.85382,72.5388,326.7356,0.9736503
361.6745,1,-221.029,2.913963,37.16016,319.8515,317.0886,148.3676,1,-221.2432,2.847168,37.41549,71.61284,332.8381,3.234789
361.787,1,-221.4356,2.878736,36.7608,315.9078,327.053,137.9658,1,-221.6496,2.838586,37.01878,66.49158,333.4005,0.9852148
361.8966,1,-221.8399,2.8679,36.39658,316.0706,335.7407,132.3382,1,-222.045,2.824644,36.6596,64.09292,331.0274,355.2322
362.0052,1,-222.2269,2.874634,36.07382,309.1834,339.0119,136.0026,1,-222.4268,2.822634,36.34018,65.26991,333.5648,355.4507
362.1151,1,-222.5941,2.863823,35.78962,309.239,338.9715,136.6581,1,-222.7861,2.820865,36.0583,68.94917,334.4568,355.0991
362.2259,1,-222.9391,2.853369,35.53998,307.1453,334.8327,141.2572,1,-223.1174,2.810864,35.80723,76.72655,337.642,0.4752887
362.3371,1,-223.2649,2.848356,35.31199,306.3239,335.7806,140.8101,1,-223.4321,2.805768,35.58081,75.97813,344.7603,7.12835
362.445,1,-223.5639,2.852049,35.11017,306.0219,337.2572,140.7135,1,-223.7208,2.80385,35.38251,74.67582,344.4688,5.178239
362.5506,1,-223.8358,2.853595,34.93527,305.9206,338.2712,140.8703,1,-223.989,2.806897,35.21161,75.28737,347.2027,7.125946
362.6572,1,-224.0786,2.853458,34.78491,306.0548,339.261,141.0428,1,-224.2296,2.808644,35.06469,76.02328,348.7515,8.298187
362.7648,1,-224.292,2.85123,34.65773,306.0206,340.0434,141.3526,1,-224.4421,2.812952,34.93792,77.11252,353.1198,11.69652
362.87,1,-224.4771,2.83167,34.55956,303.0155,338.5444,143.2153,1,-224.6253,2.827947,34.83252,77.63021,355.9358,13.14659
362.9772,1,-224.6292,2.80475,34.49082,296.0251,338.2835,142.3828,1,-224.7815,2.833277,34.74988,80.49597,5.415638,19.72342
363.086,1,-224.7696,2.78862,34.42259,293.1445,342.2683,140.3025,1,-224.916,2.824419,34.67603,82.8873,41.11525,53.08854
363.1954,1,-224.9162,2.77355,34.35179,291.7088,340.0542,143.8492,1,-225.0538,2.801941,34.59879,82.21041,42.10139,55.2369
363.2993,1,-225.067,2.764009,34.27624,292.6642,333.5883,151.3904,1,-225.1996,2.800387,34.51449,82.02598,34.01127,46.41101
363.4044,1,-225.2192,2.770081,34.1965,292.8297,332.6039,153.5342,1,-225.3555,2.803915,34.4334,79.76627,17.01941,28.50958
363.5107,1,-225.3806,2.774477,34.10805,292.049,331.1974,157.1362,1,-225.5167,2.804549,34.35144,77.42846,10.73575,21.40093
363.6126,1,-225.5346,2.839716,33.99542,291.0597,329.2158,161.6266,1,-225.6868,2.794356,34.26515,78.5274,14.85178,25.90539
363.7144,1,-225.7274,2.882861,33.89911,308.0566,3.63022,115.4283,1,-225.8589,2.784008,34.17435,78.45325,20.23656,31.17195
363.8187,1,-225.94,2.944545,33.79676,319.7161,0.607238,127.2838,1,-226.0459,2.786096,34.08484,78.61457,21.56263,31.55238
363.9189,1,-226.1619,2.963721,33.70084,324.0843,348.2688,146.0899,1,-226.2474,2.787379,33.99372,78.93996,25.16903,34.82034
364.0353,1,-226.4217,2.942921,33.58286,321.9838,338.4776,151.6484,1,-226.4963,2.791284,33.88377,80.3428,38.11913,47.12906
364.1359,1,-226.6294,2.865818,33.50044,299.4364,329.9854,153.7046,1,-226.7411,2.856669,33.79369,86.50084,49.32738,55.67373
364.2462,1,-226.8587,2.751086,33.45573,279.3837,325.4734,153.7777,1,-227.0256,2.945477,33.67072,73.52634,306.6301,304.2295
364.3497,1,-227.0969,2.71927,33.40762,286.3372,280.0037,221.0697,1,-227.312,2.988525,33.5384,28.47671,325.8682,319.8052
364.4534,1,-227.375,2.745547,33.31023,295.9133,255.2977,266.5806,1,-227.5542,3.01489,33.39708,14.33417,332.4507,323.5849
364.556,1,-227.663,2.761874,33.17723,292.628,255.9115,291.4631,1,-227.8505,3.017668,33.26908,12.35974,334.8417,326.4275
364.6573,1,-227.9416,2.844519,33.04182,316.4181,353.4099,212.0075,1,-228.1514,3.008446,33.14386,10.79488,337.179,324.2536
364.7585,1,-228.2408,2.888737,32.92005,313.5186,0.9191883,171.8694,1,-228.4627,3.012824,33.01649,3.586334,333.1146,321.7804
364.8624,1,-228.5482,2.931738,32.78918,307.7519,2.654604,145.5799,1,-228.7869,3.013622,32.86682,356.1407,326.9046,319.9327
364.9658,1,-228.8935,2.927862,32.65686,301.4718,11.1093,127.5245,1,-229.1273,3.002032,32.72478,345.9387,318.3137,320.2421
365.0675,1,-229.261,2.926185,32.5285,298.5865,10.13547,119.5061,1,-229.4903,2.961238,32.58873,324.4898,303.2642,304.3456
365.182,1,-229.7043,2.928998,32.37865,302.2505,7.09192,123.6314,1,-229.8984,2.919694,32.42407,313.3052,290.4076,334.0687
365.2838,1,-230.0997,2.928039,32.25128,301.8537,5.912241,127.2668,1,-230.2236,2.843545,32.32224,315.154,279.527,341.8028
365.3926,1,-230.5999,2.927575,32.10243,306.0008,0.5842568,133.7396,1,-230.7023,2.751515,32.26332,308.1407,263.4063,357.307
365.5085,1,-231.1719,2.919621,31.9451,314.8417,356.7501,142.4837,1,-231.2178,2.750491,32.22435,339.3409,259.8139,355.024
365.6275,1,-231.6956,2.901902,31.7932,308.8816,349.4325,149.5874,1,-231.7342,2.777665,32.13257,351.1383,273.3133,344.4187
365.7423,1,-232.1824,2.824273,31.66502,294.4137,341.7441,142.6228,1,-232.2626,2.811265,32.01165,7.76012,305.3914,311.898
365.8619,1,-232.7003,2.721391,31.55445,274.3474,209.6893,279.7675,1,-232.8107,2.87926,31.80445,29.48916,321.4813,288.4414
365.9755,1,-233.2335,2.698884,31.47054,295.7932,256.5377,253.6839,1,-233.4002,2.906712,31.58502,35.57651,348.5683,334.9754
366.0871,1,-233.8016,2.772241,31.3027,304.0693,203.0473,337.4434,1,-233.9779,2.973906,31.31033,29.45741,341.4632,330.5979
366.2015,1,-234.3938,2.760566,31.07817,286.3963,298.8725,246.0534,1,-234.5734,2.997069,31.07517,7.500903,345.2071,319.6996
366.3102,1,-234.9328,2.812387,30.86947,311.8546,5.380865,183.0721,1,-235.1021,3.040744,30.80778,0.3696029,326.2581,324.7044
366.4276,1,-235.5172,2.852124,30.63524,313.9075,14.85449,182.1268,1,-235.6877,3.032619,30.50379,336.5248,318.4105,328.612
366.5378,1,-236.0674,2.890913,30.36507,330.9615,47.19641,192.4948,1,-236.2907,2.944296,30.19876,311.1004,289.239,310.7903
366.6508,1,-236.6336,2.919461,30.03532,324.7344,71.92149,190.8793,1,-236.8256,2.863465,29.91305,295.2359,246.6003,3.346696
366.7573,1,-237.269,2.899307,29.74067,316.8064,51.05122,210.4827,1,-237.425,2.795616,29.64643,298.5532,248.3116,359.3593
366.8656,1,-237.8766,2.890486,29.39461,324.3448,37.52814,205.0964,1,-238.041,2.771137,29.34383,309.2455,251.3553,353.5463
366.9734,1,-238.4728,2.899109,28.98074,319.1662,29.44041,189.9898,1,-238.6469,2.778012,28.96561,312.2231,247.2751,353.7073
367.0869,1,-239.1348,2.914072,28.48398,313.5986,36.67581,170.1046,1,-239.3192,2.789987,28.48345,311.3741,242.6484,355.2328
367.1963,1,-239.7076,2.902424,28.00053,312.1067,7.009598,137.1854,1,-239.8896,2.790923,28.02157,312.9667,232.995,12.75419
367.3076,1,-240.4235,2.847139,27.33731,327.9198,312.5363,117.6194,1,-240.5814,2.798357,27.54809,323.4647,215.9698,348.5617
367.4208,1,-240.9436,2.874217,26.81146,284.4852,288.3457,186.2896,1,-241.1666,2.799127,27.03886,331.2979,224.1696,12.26099
367.539,1,-241.453,2.812124,26.2726,292.8516,309.0274,145.4454,1,-241.6975,2.804587,26.48222,345.7598,247.9241,8.049822
367.6511,1,-241.937,2.770157,25.68823,278.3033,320.3007,127.7333,1,-242.2055,2.863909,25.88852,3.524931,262.8698,314.2942
367.7573,1,-242.3574,2.765493,25.11402,283.3765,154.6348,299.7076,1,-242.6105,2.930393,25.18427,15.78498,296.2975,293.5211
367.868,1,-242.7216,2.759594,24.54856,287.3657,158.0811,297.2488,1,-242.9142,2.991135,24.5055,47.37389,295.2952,345.4358
367.9721,1,-243.0219,2.754219,23.97578,283.6833,163.6257,286.595,1,-243.1584,2.992571,23.86947,16.58577,305.1942,326.9965
368.08,1,-243.2564,2.7631,23.42848,284.4666,164.0482,282.4747,1,-243.4087,2.977521,23.35028,17.28898,297.1653,327.2692
368.1871,1,-243.4429,2.768435,22.91592,285.9143,166.1205,276.5007,1,-243.6127,2.968499,22.83932,17.74324,290.5262,326.5104
368.2914,1,-243.5909,2.768258,22.44316,285.3258,176.414,264.1471,1,-243.763,2.969203,22.36013,16.71484,287.0301,326.3576
368.3977,1,-243.7085,2.767695,22.01073,284.986,176.0301,261.8516,1,-243.8843,2.965554,21.91991,14.10047,283.6444,325.9113
368.505,1,-243.7946,2.767947,21.62024,285.1733,177.4267,259.1578,1,-243.9688,2.964263,21.52239,14.4103,282.1918,325.9701
368.6062,1,-243.8605,2.766873,21.27583,284.9185,173.9523,260.8221,1,-244.0322,2.963889,21.17287,14.39981,280.3862,325.8831
368.7116,1,-243.9133,2.766169,20.94485,284.7175,171.048,261.9382,1,-244.0824,2.962403,20.83649,14.03415,278.641,325.6172
368.8194,1,-243.9556,2.76574,20.60201,284.8058,171.7911,259.0461,1,-244.1231,2.9615,20.48975,14.15161,276.5324,325.6511
368.9274,1,-243.9865,2.765415,20.247,284.3575,173.716,255.0974,1,-244.1526,2.961185,20.1281,14.34783,274.542,325.5729
369.0309,1,-244.0096,2.764869,19.85992,284.4903,170.8719,255.9977,1,-244.171,2.961047,19.73588,14.3176,272.7073,325.5238
369.1376,1,-244.0184,2.765212,19.43809,284.6746,168.3856,256.4407,1,-244.1748,2.961297,19.30855,14.15048,270.5893,325.6338
369.2445,1,-244.0082,2.764829,18.98138,284.6485,165.9867,256.2927,1,-244.1591,2.961478,18.84547,14.0588,268.2186,325.7104
369.3519,1,-243.9751,2.765381,18.48866,284.6209,164.4804,254.4084,1,-244.1197,2.9615,18.34589,13.66726,266.1789,325.9625
369.4537,1,-243.9161,2.763786,17.96099,284.4453,163.6057,252.6218,1,-244.0541,2.961095,17.81238,13.74835,263.3736,325.777
369.5573,1,-243.8224,2.76154,17.39733,284.3005,163.3477,250.4116,1,-243.9537,2.96139,17.24457,13.66932,260.3585,325.7422
369.6656,1,-243.6917,2.760236,16.80593,284.369,160.3762,249.3543,1,-243.8137,2.961784,16.64753,13.76267,257.0673,325.8408
369.774,1,-243.5181,2.762395,16.18994,284.4404,156.1821,250.5544,1,-243.6312,2.96303,16.02581,13.79008,253.8542,326.0662
369.8759,1,-243.2952,2.763884,15.55208,284.4213,153.8764,249.4275,1,-243.3973,2.962978,15.37934,13.92933,250.1454,326.0556
369.9816,1,-243.0188,2.761207,14.90055,284.2781,155.4041,244.0126,1,-243.1094,2.962102,14.72165,14.06004,246.3228,325.6515
370.0876,1,-242.6864,2.761878,14.24473,284.2872,148.5483,246.9728,1,-242.7647,2.962095,14.06147,14.09684,242.3074,325.6653
370.1935,1,-242.2965,2.760555,13.59109,283.515,146.698,244.9834,1,-242.3606,2.961489,13.40195,14.23347,238.1723,325.2564
370.3015,1,-241.8463,2.76007,12.94585,282.9759,152.9706,234.4548,1,-241.9013,2.966626,12.76444,14.11432,233.8772,325.4735
370.4183,1,-241.3271,2.761004,12.31612,283.3953,142.2148,240.7519,1,-241.3707,2.972923,12.13967,14.10217,229.445,325.9644
370.5278,1,-240.7388,2.758903,11.71278,283.3675,138.1566,239.9025,1,-240.771,2.975938,11.53977,14.3104,224.7313,326.3857
370.6366,1,-240.0832,2.760196,11.14417,283.2076,133.3859,239.9772,1,-240.0961,2.972837,10.96194,13.78137,220.6346,327.1024
370.7494,1,-239.3587,2.759947,10.61858,282.7728,129.5322,239.6191,1,-239.352,2.968994,10.42515,14.05494,216.0876,327.8197
370.8621,1,-238.5666,2.757005,10.14258,282.2837,124.6363,238.974,1,-238.5399,2.964005,9.945292,14.80759,210.1475,327.7152
370.9803,1,-237.71,2.757824,9.734817,281.2691,114.832,244.002,1,-237.6587,2.960661,9.535622,14.70781,204.6796,327.5139
371.0888,1,-236.7925,2.756915,9.402009,279.7756,104.8163,249.1694,1,-236.7212,2.961874,9.207018,14.97679,198.8137,327.98
371.1988,1,-235.8196,2.75638,9.149971,279.9642,102.2026,246.1201,1,-235.7332,2.962905,8.962497,15.419,192.622,328.0881
371.3155,1,-234.7978,2.761908,9.005716,280.9423,96.04276,248.0838,1,-234.7011,2.963049,8.81398,15.75906,186.4944,328.8099
371.42,1,-233.8888,2.787233,9.003441,280.5849,95.79607,245.583,1,-233.7968,2.950588,8.757433,26.46234,181.5921,333.4256
371.5351,1,-232.7976,2.832821,9.081397,283.8596,219.3979,99.97964,1,-232.7184,2.906235,8.78659,35.82114,178.5092,338.6297
371.6399,1,-231.8363,2.970076,9.271429,311.482,186.6144,129.2874,1,-231.8313,2.802452,8.953986,49.42973,194.5372,354.3238
371.7491,1,-230.8572,3.083948,9.449749,337.9877,159.2022,160.763,1,-230.9384,2.753015,9.23834,61.17841,221.112,49.95757
371.8532,1,-229.9115,3.058916,9.682055,351.9711,166.9071,152.1589,1,-230.049,2.790599,9.569052,60.40516,162.7753,45.56296
371.9633,1,-229.0468,3.027107,10.04952,8.104564,177.0345,150.6036,1,-229.1741,2.950881,9.888102,44.36819,115.4477,344.4657
372.0705,1,-228.2249,2.972796,10.4434,40.37097,196.8066,168.8251,1,-228.3428,3.042436,10.27815,40.77107,102.4287,278.155
372.177,1,-227.4814,2.833051,10.82386,45.72016,193.9409,189.2718,1,-227.53,3.072464,10.82028,20.66278,109.5998,286.8346
372.282,1,-226.8852,2.727568,11.37739,43.60789,205.8352,203.6001,1,-226.7668,3.048061,11.41331,354.893,120.8958,326.3926
372.3994,1,-226.2606,2.747,12.00732,0.2338251,187.671,160.5493,1,-225.9917,3.00858,11.9882,6.190303,127.0412,343.0221
372.5014,1,-225.6929,2.732899,12.53091,340.7671,173.7099,171.0018,1,-225.411,2.942668,12.41745,33.23802,138.2079,332.4669
372.6042,1,-225.1631,2.763815,13.03752,320.3601,154.5025,160.1128,1,-224.8878,2.809375,12.85651,61.16495,140.0877,330.9022
372.7146,1,-224.5676,2.79382,13.57687,294.5953,140.4891,140.7835,1,-224.3739,2.740438,13.40791,60.42294,171.1816,12.48394
372.8238,1,-223.9663,2.829996,14.11034,281.6272,146.9081,135.7785,1,-223.8799,2.748704,13.95053,72.88761,218.3002,92.33451
372.9337,1,-223.4034,2.868461,14.62112,281.2058,202.1699,64.58721,1,-223.3245,2.800028,14.43708,58.95859,155.3963,49.22245
373.0406,1,-222.9087,2.910863,15.10726,280.6089,287.1553,340.0127,1,-222.7995,2.884546,14.84814,41.04412,116.5975,349.3615
373.1471,1,-222.4691,2.937347,15.54161,288.8943,186.5249,86.71149,1,-222.3534,2.949948,15.2758,41.15885,100.5274,280.1389
373.2654,1,-222.0329,3.024737,15.9377,331.4726,156.3844,138.181,1,-221.9037,2.970088,15.73388,35.68102,110.4164,297.8455
373.3687,1,-221.6766,3.05171,16.20942,354.3917,160.1496,147.9388,1,-221.5653,2.963255,16.06636,47.5256,120.0072,325.3997
373.4722,1,-221.3551,3.039978,16.46732,359.5677,165.7819,152.9999,1,-221.2778,2.941559,16.3378,55.86238,132.0785,333.0661
373.5879,1,-221.0197,3.013731,16.71812,11.6232,168.8203,158.1275,1,-220.9897,2.893104,16.58492,66.98875,104.7855,293.3937
373.6894,1,-220.7454,2.957457,16.89368,37.19072,183.7179,176.3177,1,-220.7407,2.897743,16.78651,62.74358,84.34673,257.4326
373.7903,1,-220.5629,2.813071,17.04404,46.38327,190.7669,180.2377,1,-220.5423,2.964374,16.98391,40.26595,113.1836,301.9439
373.9098,1,-220.3959,2.741592,17.29565,54.65553,196.1839,190.9352,1,-220.3164,3.004583,17.27424,13.80189,106.3809,323.7214
374.0246,1,-220.2184,2.755666,17.55793,8.610182,190.7887,158.8008,1,-220.0236,2.970876,17.53614,22.9427,119.4574,334.1916
374.1255,1,-220.0236,2.757125,17.7559,359.6771,187.9852,173.6665,1,-219.8137,2.940215,17.69886,28.17841,125.4008,329.1322
374.2269,1,-219.8698,2.759556,17.96636,323.4615,180.1286,157.3722,1,-219.6246,2.887967,17.85699,50.75757,139.3595,332.8375
374.3302,1,-219.6729,2.778137,18.18244,316.518,169.1904,122.7013,1,-219.4214,2.804141,18.02208,70.52654,129.1525,326.4712
374.4325,1,-219.4206,2.814311,18.41749,309.5998,156.4384,120.3925,1,-219.1999,2.798868,18.21994,74.74482,147.0506,343.7076
374.5351,1,-219.1518,2.866124,18.62971,308.11,152.8095,128.8096,1,-218.953,2.815586,18.40602,72.94839,130.2526,325.1551
374.6524,1,-218.8226,2.896594,18.86471,305.7043,168.8709,121.4608,1,-218.6512,2.826968,18.62316,73.87164,126.3271,321.3943
374.7646,1,-218.4774,2.918547,19.09225,309.3517,163.6887,134.0967,1,-218.3346,2.831033,18.84129,74.44877,125.8642,321.4158
374.8691,1,-218.1803,2.922497,19.2829,320.2594,144.8505,148.2222,1,-218.0527,2.825945,19.03524,74.54381,126.0384,319.3947
374.9823,1,-217.8214,2.922009,19.5143,321.6399,148.9267,146.1165,1,-217.7047,2.810637,19.27182,75.57439,122.7994,311.5259
375.0843,1,-217.4919,2.922821,19.7143,323.8222,150.2501,146.5242,1,-217.3835,2.814798,19.46577,76.22005,126.6911,314.506
375.1868,1,-217.1399,2.924469,19.91571,325.1078,151.8515,146.8078,1,-217.0424,2.815208,19.66224,77.29219,126.5147,312.9025
375.2881,1,-216.7677,2.927528,20.11497,325.182,152.9253,147.2792,1,-216.6786,2.812389,19.86156,78.96542,121.4777,306.4424
375.3941,1,-216.3749,2.927408,20.31346,325.3339,154.3122,147.6043,1,-216.2935,2.816159,20.05764,79.58918,120.4429,304.0819
375.4946,1,-215.9587,2.920626,20.51242,324.9848,156.8734,146.6919,1,-215.882,2.820047,20.25099,79.43132,123.2742,305.3679
375.5958,1,-215.5167,2.917137,20.70667,324.9288,159.2596,145.9482,1,-215.447,2.820191,20.44132,79.44643,125.018,305.6764
375.6996,1,-215.0524,2.9191,20.89423,324.8461,161.0671,146.1087,1,-214.9902,2.820093,20.62684,79.20834,125.4913,304.7262
375.8001,1,-214.5775,2.907496,21.07099,309.7121,166.0502,142.2333,1,-214.4951,2.83901,20.79526,76.62582,121.9197,300.6284
375.9032,1,-214.098,2.793546,21.21627,299.1636,166.0218,141.0283,1,-213.9665,2.932306,20.93538,60.93534,125.6143,310.9125
376.0068,1,-213.5633,2.761859,21.356,282.4415,182.0621,132.146,1,-213.4263,2.956682,21.10969,47.22222,156.0572,337.5729
376.1099,1,-213.0009,2.77579,21.50423,286.3642,178.5608,137.3265,1,-212.8823,2.938118,21.25658,44.92543,155.4154,333.9489
376.2121,1,-212.4188,2.833455,21.66797,291.9888,178.303,138.4951,1,-212.3274,2.899722,21.38656,51.57663,156.1542,331.1465
376.3254,1,-211.705,2.957465,21.83995,316.3261,185.2137,139.8487,1,-211.6922,2.797688,21.54916,80.34702,165.1749,327.4318
376.4274,1,-211.0738,3.020399,21.91109,329.2212,175.6986,155.426,1,-211.1177,2.762377,21.68855,85.13546,237.1075,39.64811
376.5323,1,-210.4421,3.013273,21.98184,334.5884,173.9284,158.2927,1,-210.5021,2.780128,21.76982,81.0146,271.1011,78.70374
376.6422,1,-209.6952,2.986307,22.06023,328.9152,178.2167,155.7129,1,-209.7504,2.788379,21.84038,81.01642,277.8372,73.51788
376.7561,1,-208.9254,2.985811,22.09448,329.0551,182.242,155.7728,1,-208.9892,2.789141,21.86439,80.21785,269.1534,67.3931
376.8585,1,-208.2707,2.950277,22.10341,320.8871,184.0612,153.9504,1,-208.3135,2.829107,21.82261,81.58807,284.6005,85.13683
376.9601,1,-207.6411,2.785886,22.05052,276.6294,181.4527,147.6635,1,-207.5907,2.936234,21.74347,50.64841,152.6036,307.6955
377.0667,1,-206.9623,2.680459,21.89631,285.8141,84.04899,247.6082,1,-206.8516,3.029265,21.70914,18.79594,175.9369,333.5544
377.1696,1,-206.2503,2.747655,21.80009,306.1779,32.86961,322.4731,1,-206.1406,3.030827,21.6531,14.40346,173.0375,331.834
377.2753,1,-205.522,2.768329,21.68533,295.4719,29.54774,322.099,1,-205.4266,2.997088,21.50758,18.68116,174.3792,329.5154
377.3839,1,-204.7894,2.764594,21.54364,290.335,42.51493,309.3874,1,-204.7065,2.998278,21.35632,19.29087,177.6171,331.9966
377.49,1,-204.0653,2.758957,21.37083,289.9461,47.15674,306.581,1,-203.9873,3.000327,21.18192,17.15451,178.9127,333.2448
377.5936,1,-203.3452,2.759523,21.1777,291.2418,45.93271,309.809,1,-203.2731,2.997967,20.98294,17.60011,180.3595,332.4558
377.6941,1,-202.6301,2.758216,20.96099,291.0654,48.46067,308.9083,1,-202.5637,2.998795,20.7647,17.88224,182.2036,332.4567
377.7993,1,-201.9221,2.757134,20.71983,291.5348,51.93129,307.7651,1,-201.8607,2.999568,20.52327,17.83462,183.8004,332.3857
377.915,1,-201.1042,2.758142,20.41209,294.2809,52.17551,310.3618,1,-201.0488,2.999849,20.21249,17.78943,185.6289,332.3198
378.0189,1,-200.4135,2.758601,20.12073,294.3392,53.95468,311.1209,1,-200.3589,3.003878,19.92486,17.73923,187.4747,332.3162
378.1209,1,-199.7411,2.751804,19.79904,293.0513,70.71241,305.9254,1,-199.6679,3.022586,19.63464,10.64094,187.9396,332.9406
378.2245,1,-199.0712,2.737056,19.46719,299.8503,56.58158,343.351,1,-198.9893,3.031652,19.31546,3.457153,187.8053,335.0227
378.3334,1,-198.2845,2.734463,19.05749,297.9427,61.42827,338.9764,1,-198.2165,3.031691,18.89537,2.757176,190.5447,337.6259
378.4493,1,-197.5161,2.74112,18.61292,297.9026,68.63459,328.409,1,-197.4585,3.029524,18.45332,3.119964,192.6625,337.2593
378.5665,1,-196.657,2.749829,18.06712,293.0107,95.24418,329.7151,1,-196.5844,3.024014,17.96534,354.3452,194.9917,332.2308
378.6748,1,-195.9181,2.774129,17.56255,295.2842,202.7314,230.5345,1,-195.8253,3.017106,17.51961,344.622,187.1896,335.9257
378.7756,1,-195.2867,2.821937,17.16481,332.0179,254.7143,202.9218,1,-195.1871,2.98311,17.09866,332.4113,180.4625,335.5088
378.8922,1,-194.5474,2.932019,16.74371,336.1387,264.7468,206.7732,1,-194.4493,2.898419,16.57568,311.0423,178.1275,321.3706
379.0042,1,-193.8132,2.995644,16.27324,330.8831,264.5453,163.5613,1,-193.796,2.83499,16.0389,302.9465,153.8679,349.1616
379.1227,1,-193.0778,2.955083,15.58912,318.5324,266.3035,99.19198,1,-193.1708,2.752038,15.44384,320.477,156.4081,345.7714
379.2379,1,-192.3527,2.885499,14.91658,315.7572,185.6314,180.9503,1,-192.5433,2.769595,14.80414,359.8791,141.4162,351.7314
379.3563,1,-191.6945,2.832596,14.35439,296.675,207.4911,152.1974,1,-191.9406,2.853768,14.1465,20.67387,166.2311,317.3712
379.4712,1,-191.0402,2.776798,13.74168,285.1636,194.7386,163.1577,1,-191.2327,2.918745,13.52588,27.96494,205.5281,293.8486
379.5746,1,-190.4874,2.707433,13.1796,284.8205,129.9595,237.3284,1,-190.5951,2.953635,13.01718,27.98001,214.9113,324.752
379.6796,1,-189.9471,2.74638,12.65272,296.217,115.4345,293.0985,1,-189.9107,2.980726,12.48399,23.29315,199.2068,323.2578
379.7861,1,-189.315,2.750564,12.10313,287.5211,141.9644,271.514,1,-189.2475,3.013835,11.94955,18.52866,192.6045,318.5089
379.8885,1,-188.6476,2.753781,11.58206,297.88,74.67844,324.0935,1,-188.6091,3.003274,11.38484,9.762202,202.4561,326.1411
379.9897,1,-187.9354,2.771383,11.09566,300.9865,69.32351,305.452,1,-188.02,2.932559,10.85217,33.62679,213.6407,334.2929
380.101,1,-187.0943,2.846558,10.50253,280.4115,293.4858,54.87976,1,-187.3055,2.791488,10.28659,45.37711,223.9769,338.1469
380.2029,1,-186.3765,2.888968,9.96898,295.7482,232.6675,125.3031,1,-186.6284,2.782377,9.792967,46.63657,242.5209,9.207096
380.3165,1,-185.591,2.946277,9.331206,322.3629,207.6549,150.3579,1,-185.8277,2.813681,9.194237,57.65877,255.3529,50.68288
380.4211,1,-184.9182,2.96599,8.765156,333.5695,202.4353,147.0524,1,-185.156,2.817117,8.652696,29.00033,215.4358,41.46918
380.5314,1,-184.126,2.989431,8.119932,334.3741,215.6604,145.4741,1,-184.3821,2.938045,8.009313,43.47968,196.1232,0.4458257
380.6343,1,-183.454,3.023876,7.541809,347.5194,224.754,150.6842,1,-183.6878,2.971918,7.449642,40.75855,182.5611,292.4214
380.7448,1,-182.6901,3.035085,6.838451,351.2776,238.1155,151.811,1,-182.8744,3.01551,6.78202,31.66124,188.0721,283.8792
380.8495,1,-182.06,3.02067,6.230859,3.697584,246.1004,150.811,1,-182.1967,3.014173,6.214109,32.78861,189.3151,294.1386
380.9632,1,-181.3552,2.970164,5.525168,24.2134,240.4022,154.9768,1,-181.4476,3.012272,5.551498,18.01429,192.3505,300.799
381.0783,1,-180.6837,2.946341,4.871859,12.55218,238.0244,148.6659,1,-180.7395,3.00965,4.889156,13.15606,205.8938,324.3319
381.1947,1,-180.0354,2.945177,4.247831,9.740312,240.8336,140.3733,1,-180.0806,2.984436,4.228585,18.0645,206.7469,337.5015
381.3022,1,-179.4497,2.93494,3.627787,352.8951,246.1638,136.2121,1,-179.4856,2.964207,3.608873,13.29821,207.4244,326.1689
381.4067,1,-178.9009,2.9216,3.024363,340.4895,254.6053,132.3537,1,-178.9491,2.975864,3.026905,12.42401,207.7849,324.5856
381.5226,1,-178.4078,2.914214,2.442909,311.8639,285.1794,109.7543,1,-178.453,2.977178,2.454646,8.949229,209.5325,323.8789
381.6347,1,-177.9679,2.910706,1.896504,314.1247,295.7198,101.8811,1,-178.0091,2.969814,1.909133,6.602902,212.7903,322.0932
381.7452,1,-177.566,2.907109,1.380309,312.378,302.4406,100.1676,1,-177.6093,2.969947,1.392808,7.159033,213.9227,322.1805
381.8616,1,-177.2042,2.908704,0.8964821,313.2861,299.9925,103.0534,1,-177.2492,2.971554,0.9069891,7.75671,214.8864,322.3506
381.9711,1,-176.8796,2.910805,0.4473045,316.254,295.5652,106.6521,1,-176.9289,2.973607,0.4545429,8.192839,215.4851,322.7675
382.0843,1,-176.5938,2.909085,0.03206235,318.7117,294.3481,107.3927,1,-176.6452,2.973094,0.03468919,7.699818,216.1532,322.8619
382.2029,1,-176.3429,2.907417,-0.3494621,317.4477,298.4741,105.2324,1,-176.3939,2.972577,-0.3476331,7.789387,217.1619,323.0154
382.3109,1,-176.1254,2.903484,-0.6948174,316.5779,303.9664,101.6477,1,-176.1744,2.972502,-0.6926017,8.168375,218.0512,323.186
382.4239,1,-175.9413,2.902428,-0.9990693,312.6639,321.6283,84.23585,1,-175.9854,2.971776,-0.9990408,9.2872,219.3199,323.4189
382.5388,1,-175.7822,2.907276,-1.260749,312.6185,318.0374,89.49005,1,-175.8261,2.972645,-1.263216,9.2769,220.1842,323.3671
382.6411,1,-175.6606,2.911214,-1.468862,312.4636,315.0261,92.41439,1,-175.7026,2.972237,-1.472868,9.093981,220.7384,323.1684
382.7505,1,-175.5184,2.912545,-1.719587,312.9592,311.7899,94.36559,1,-175.5574,2.971858,-1.725311,8.849569,221.397,322.9225
382.8663,1,-175.3722,2.913265,-1.974549,313.26,311.1465,96.88294,1,-175.4118,2.970643,-1.985342,8.57408,221.9739,322.5977
382.9857,1,-175.2257,2.913941,-2.242628,313.76,310.2061,98.27209,1,-175.2638,2.970712,-2.255694,8.594599,222.5371,322.6068
383.0986,1,-175.0775,2.913833,-2.523797,315.066,308.6471,98.75024,1,-175.1135,2.970491,-2.538257,8.43826,223.1408,322.5073
383.2092,1,-174.9259,2.914447,-2.823356,315.3618,308.9432,97.62708,1,-174.9585,2.969595,-2.836959,8.430785,223.6877,322.3792
383.3216,1,-174.7714,2.914769,-3.138841,315.3387,310.7937,94.46002,1,-174.7999,2.969392,-3.151395,8.439453,224.043,322.0038
383.435,1,-174.6068,2.91521,-3.47256,314.0888,312.3757,94.60228,1,-174.6438,2.973465,-3.491378,26.53795,208.7094,310.0264
383.5428,1,-174.1591,2.867286,-3.660112,319.6952,251.6733,140.4063,1,-174.5072,2.97019,-3.841202,48.2646,210.5067,301.9291
383.6548,1,-174.0474,2.874209,-4.056003,311.1414,272.6985,124.043,1,-174.3501,2.940967,-4.210825,39.79416,218.5011,312.3164
383.7703,1,-173.8784,2.885879,-4.453709,310.1952,269.7908,127.962,1,-174.1732,2.925716,-4.609104,39.32795,217.5613,310.9603
383.8788,1,-173.7,2.884513,-4.871041,311.7872,269.7545,128.1563,1,-173.9949,2.935007,-5.019414,42.07673,220.041,312.6795
383.9948,1,-173.5182,2.881269,-5.309602,312.7389,271.3203,127.372,1,-173.8187,2.934747,-5.452919,42.67646,225.9949,317.9766
384.1024,1,-173.3398,2.8819,-5.767316,313.1259,272.2625,127.1462,1,-173.6467,2.926232,-5.910626,42.04007,225.9717,317.3402
384.2147,1,-173.1605,2.88282,-6.24498,312.8119,273.625,127.183,1,-173.4711,2.924973,-6.38404,41.92385,226.2892,316.6338
384.3279,1,-172.9834,2.879904,-6.739837,310.0521,274.9379,124.9611,1,-173.301,2.92089,-6.87682,42.63318,226.7701,315.9088
384.4292,1,-172.8373,2.872371,-7.178636,306.0633,274.8123,124.9554,1,-173.1586,2.91248,-7.313541,43.01491,228.1286,316.0517
384.5396,1,-172.6651,2.86043,-7.720433,309.2052,271.5838,130.665,1,-172.9883,2.909695,-7.847172,43.70855,230.909,316.6204
384.6509,1,-172.4997,2.864738,-8.275156,310.9159,269.5991,133.4131,1,-172.8233,2.909867,-8.396532,43.8706,233.0627,317.3366
384.7607,1,-172.3423,2.868042,-8.829845,310.3593,271.7714,134.7278,1,-172.6698,2.909928,-8.949666,43.96794,233.7579,317.4868
384.8691,1,-172.1994,2.868087,-9.375238,310.1268,273.3172,134.75,1,-172.5294,2.908882,-9.490171,43.95332,234.6283,317.5396
384.9773,1,-172.0765,2.867401,-9.879152,310.199,274.1061,135.1466,1,-172.4084,2.909008,-9.986954,43.79247,235.4021,317.5223
385.0876,1,-171.9724,2.86624,-10.3357,310.153,275.2824,134.8673,1,-172.3051,2.908363,-10.43759,43.79578,236.2528,317.8572
385.1999,1,-171.8852,2.865805,-10.74566,310.3136,275.7645,135.2468,1,-172.2172,2.907639,-10.84132,44.18145,237.3607,318.5407
385.3077,1,-171.8121,2.862379,-11.12071,310.4579,273.9249,137.4055,1,-172.1418,2.906222,-11.20872,46.04597,242.1105,321.2217
385.4152,1,-171.7492,2.830545,-11.50381,310.0724,266.8526,142.2143,1,-172.0674,2.88544,-11.58114,52.3835,247.0567,320.1251
385.5254,1,-171.7076,2.784521,-11.88885,303.0829,255.1244,150.0405,1,-172.001,2.86522,-11.97351,52.91331,254.7361,327.1311
385.6309,1,-171.6582,2.754734,-12.29895,296.3547,238.6141,171.4489,1,-171.9352,2.869916,-12.38673,61.02529,245.5163,324.9913
385.7373,1,-171.6002,2.760262,-12.7183,292.773,203.7539,227.8913,1,-171.8682,2.883454,-12.83095,56.92865,247.2537,323.7957
385.8486,1,-171.4984,2.77839,-13.18351,295.4113,228.708,202.7609,1,-171.8028,2.891461,-13.30102,51.56472,254.5883,327.9297
385.9633,1,-171.402,2.844109,-13.70778,301.0883,304.4167,100.532,1,-171.741,2.875741,-13.78062,53.54908,254.1617,326.6547
386.0732,1,-171.3399,2.886578,-14.23576,294.1616,291.4558,122.0046,1,-171.6881,2.854801,-14.28257,62.20679,242.0157,316.9351
386.1824,1,-171.2809,2.883501,-14.77468,297.9853,276.0085,139.1376,1,-171.6319,2.859402,-14.81493,62.52962,246.1551,322.2393
386.2842,1,-171.2241,2.870552,-15.3302,300.8397,281.7356,134.4582,1,-171.58,2.868735,-15.37771,65.45112,247.2986,325.284
386.3915,1,-171.1741,2.873618,-15.91197,298.431,284.3489,132.9973,1,-171.5309,2.874515,-15.95567,66.39119,240.1646,319.67
386.4992,1,-171.1338,2.878884,-16.52124,297.0083,284.8237,133.0971,1,-171.4864,2.869771,-16.55494,65.75478,231.2026,309.7307
386.6084,1,-171.0985,2.876977,-17.14961,297.8343,282.8955,134.8456,1,-171.4437,2.867344,-17.17723,67.22442,233.6207,309.1412
386.717,1,-171.0732,2.872936,-17.80223,300.6528,280.7689,134.8584,1,-171.4126,2.865405,-17.82204,68.08141,229.5004,303.6576
386.8239,1,-171.0599,2.86628,-18.47966,303.732,282.596,130.0451,1,-171.3937,2.862133,-18.49308,66.91639,230.1341,302.4727
386.9324,1,-171.0524,2.863221,-19.17568,303.4664,284.6212,128.2029,1,-171.384,2.861638,-19.18717,65.64153,232.92,302.7985
387.035,1,-171.0552,2.861581,-19.89291,303.4633,287.4709,126.4864,1,-171.3891,2.864336,-19.90082,65.57026,232.3223,302.0631
387.1433,1,-171.0695,2.855476,-20.63477,303.503,292.2257,122.9412,1,-171.407,2.869896,-20.64046,64.26108,233.1596,302.5864
387.2528,1,-171.1055,2.812822,-21.38667,302.1024,303.0201,114.0502,1,-171.4493,2.915065,-21.40154,60.82443,270.7872,346.5326
387.362,1,-171.1789,2.754786,-22.1458,286.1483,315.6315,103.9747,1,-171.4803,2.935555,-22.18921,57.47936,268.9294,339.4695
387.4708,1,-171.256,2.724424,-22.93362,273.9203,293.4646,138.5534,1,-171.5311,2.922746,-22.98849,45.51947,267.1721,331.0883
387.578,1,-171.3196,2.730278,-23.76647,279.1069,43.9827,41.50733,1,-171.6057,2.9079,-23.81575,48.88382,264.9362,326.6039
387.6839,1,-171.3902,2.73951,-24.62089,286.2036,47.54622,39.13166,1,-171.6947,2.888868,-24.66405,50.46512,255.6237,315.998
387.7853,1,-171.4725,2.741088,-25.49938,286.4324,43.54514,43.44156,1,-171.7904,2.881567,-25.52819,50.46393,247.6971,308.0527
387.8896,1,-171.5847,2.743114,-26.38975,285.0991,28.76069,57.49972,1,-171.8997,2.882387,-26.4198,49.62769,249.9242,309.2995
387.9966,1,-171.7101,2.742572,-27.30056,284.9938,10.22936,75.50944,1,-172.0233,2.884122,-27.3283,48.53827,247.6178,306.7299
388.0987,1,-171.8481,2.744576,-28.2301,284.548,6.126553,80.1272,1,-172.1605,2.884455,-28.25564,48.29992,249.2575,307.4352
388.2012,1,-172.0007,2.74328,-29.18366,284.0378,8.2118,79.06532,1,-172.3143,2.883682,-29.20387,47.71136,249.0657,306.4997
388.3096,1,-172.1694,2.743635,-30.15475,283.0614,3.103677,84.92757,1,-172.4837,2.883421,-30.17067,47.5809,249.104,306.0007
388.4219,1,-172.3832,2.743592,-31.28803,283.1367,5.50298,83.29361,1,-172.6967,2.882816,-31.29879,47.2818,250.6713,306.253
388.5288,1,-172.5895,2.744672,-32.29955,283.2444,5.717546,83.87898,1,-172.9011,2.88156,-32.30495,46.87141,253.3529,306.8688
388.6293,1,-172.799,2.7638,-33.34153,280.4582,349.313,95.99829,1,-173.1188,2.876703,-33.32703,44.65405,266.1664,314.0225
388.7328,1,-173.0323,2.861341,-34.39909,294.0234,299.9491,135.5545,1,-173.3596,2.883128,-34.37257,42.68101,270.5814,315.2183
388.841,1,-173.3033,2.879202,-35.46947,293.4585,310.2067,124.6884,1,-173.6224,2.970582,-35.45047,34.40518,280.8159,335.69
388.9518,1,-173.6358,2.858324,-36.71014,290.382,310.3604,128.0074,1,-173.9216,3.012666,-36.69147,25.50465,274.0376,328.6037
389.0602,1,-173.9545,2.834027,-37.81274,285.2726,299.5209,137.4481,1,-174.2169,3.01492,-37.80132,15.79508,279.5858,330.1599
389.173,1,-174.341,2.792933,-39.07027,284.7427,309.7726,126.427,1,-174.583,3.013735,-39.06305,16.17924,280.1017,329.4475
389.28,1,-174.6852,2.777553,-40.16774,280.7312,304.4538,134.5878,1,-174.9036,3.023485,-40.19332,3.776682,276.8745,323.2495
389.3815,1,-175.0605,2.754959,-41.27101,279.6855,241.8192,201.1625,1,-175.2214,3.029436,-41.33396,358.1332,274.9963,323.0045
389.4882,1,-175.4508,2.739551,-42.37433,292.4428,223.692,228.1923,1,-175.5553,3.038671,-42.46993,348.0621,267.1666,328.1307
389.5887,1,-175.8266,2.755534,-43.50241,288.4949,186.4274,274.4902,1,-175.8913,3.044503,-43.61845,344.45,268.0494,335.4248
389.6935,1,-176.1806,2.753059,-44.66244,283.1111,175.0486,293.9685,1,-176.2604,3.040744,-44.7731,342.8128,268.8013,337.9867
389.8044,1,-176.5911,2.746484,-46.00084,282.2134,180.2339,288.4021,1,-176.6924,3.03274,-46.10324,342.8354,268.9396,334.1115
389.9155,1,-177.0145,2.749063,-47.34525,282.8159,182.6292,282.9415,1,-177.117,3.023236,-47.45589,343.8156,269.7061,328.8279
390.027,1,-177.442,2.746706,-48.6997,281.7036,177.8274,288.7649,1,-177.5255,2.998519,-48.82602,346.5573,260.4124,319.3619
390.1378,1,-177.8665,2.729733,-50.06884,276.6887,205.0323,270.1427,1,-177.901,2.964499,-50.20687,333.4936,250.1402,321.3598
390.2489,1,-178.2706,2.728488,-51.45044,278.4647,241.6851,230.3951,1,-178.291,2.938061,-51.5862,319.4951,244.119,329.5023
390.3604,1,-178.6532,2.729591,-52.84951,278.2293,254.8853,215.115,1,-178.6993,2.928326,-52.9971,319.1902,246.638,318.6179
390.471,1,-179.0413,2.730054,-54.27016,278.1574,256.2667,211.9375,1,-179.0884,2.939177,-54.41402,322.0669,247.2994,317.7338
390.5823,1,-179.4125,2.728964,-55.7071,278.2543,255.1398,211.8054,1,-179.4507,2.937121,-55.84892,320.4201,247.2965,318.6927
390.6937,1,-179.7608,2.728844,-57.16055,280.4231,268.734,199.0705,1,-179.7903,2.922688,-57.29545,314.1294,240.1646,322.8441
390.8045,1,-180.0868,2.729879,-58.63163,285.528,275.0061,194.5438,1,-180.1141,2.916399,-58.769,314.4817,237.2309,322.6956
390.9159,1,-180.3875,2.728872,-60.1203,283.5992,272.2767,195.3135,1,-180.4149,2.922809,-60.25748,315.7733,236.4956,322.2979
391.0289,1,-180.6641,2.728531,-61.62651,283.2403,270.4637,195.7018,1,-180.6888,2.924508,-61.76288,315.6492,235.4977,322.162
391.1398,1,-180.913,2.727595,-63.14985,283.392,269.9252,195.2036,1,-180.9346,2.924352,-63.28585,315.558,234.2949,322.2453
391.2547,1,-181.1344,2.72711,-64.69099,285.4947,270.7623,193.7519,1,-181.1522,2.922289,-64.82511,315.16,232.7517,322.7744
391.3588,1,-181.3052,2.727504,-66.05218,288.0184,271.4965,191.8803,1,-181.3195,2.920321,-66.18494,314.9768,230.4596,324.0202
391.4594,1,-181.4501,2.727885,-67.42601,287.7917,269.8046,192.4044,1,-181.4623,2.921802,-67.56065,314.8723,228.619,324.8608
391.57,1,-181.587,2.728602,-69.01114,287.793,268.2466,192.6566,1,-181.5964,2.921403,-69.14653,314.675,227.5835,324.7128
391.6816,1,-181.6924,2.728981,-70.61104,288.2466,269.051,191.2182,1,-181.6985,2.910612,-70.74265,311.4561,225.6016,325.3579
391.7929,1,-181.7641,2.728648,-72.22356,289.6678,270.9438,189.4271,1,-181.7711,2.893596,-72.34666,305.3503,214.8611,335.29
391.904,1,-181.7988,2.727673,-73.83903,288.9744,268.9105,189.6238,1,-181.8077,2.893656,-73.96278,305.635,209.6066,338.7277
392.0158,1,-181.7988,2.727334,-75.40268,287.6339,266.5493,190.0412,1,-181.8065,2.894383,-75.53025,304.5369,204.6202,341.7606
392.129,1,-181.7641,2.727753,-76.90355,288.3777,264.8965,190.5068,1,-181.7729,2.886779,-77.03062,303.7623,199.8864,343.0568
392.2431,1,-181.6969,2.728452,-78.33865,288.6792,261.6914,192.5132,1,-181.7062,2.879956,-78.46826,302.6634,194.639,343.3271
392.3485,1,-181.614,2.72841,-79.5404,288.6682,259.6624,193.4231,1,-181.6195,2.881912,-79.67072,303.3392,193.4869,343.8854
392.4599,1,-181.4955,2.727845,-80.85275,288.7633,258.241,193.7734,1,-181.4988,2.881174,-80.98147,303.5503,190.6808,345.6371
392.571,1,-181.3561,2.727038,-82.09872,288.9206,256.8383,194.1496,1,-181.3644,2.873715,-82.21958,301.5805,181.5246,353.3779
392.6821,1,-181.1998,2.727143,-83.27777,289.1006,254.8916,195.0667,1,-181.2055,2.872142,-83.40036,300.7842,180.9379,352.536
392.7934,1,-181.0303,2.727127,-84.38905,288.6251,252.8509,195.53,1,-181.028,2.881242,-84.51882,302.8946,183.0395,348.379
392.9047,1,-180.8504,2.727853,-85.43386,288.4097,251.1788,195.5839,1,-180.84,2.89134,-85.5676,306.4577,186.6315,342.4088
393.0166,1,-180.6631,2.727548,-86.41438,288.3314,249.9914,195.8223,1,-180.6513,2.890181,-86.54689,305.7399,184.4345,344.0419
393.1298,1,-180.4736,2.727839,-87.32858,288.3892,249.0823,195.8456,1,-180.4603,2.887978,-87.46043,305.9505,183.9971,343.5294
393.2365,1,-180.3079,2.730136,-88.07372,288.4813,248.3372,195.8653,1,-180.2929,2.887105,-88.20518,306.063,183.3325,343.6136
393.3503,1,-180.1206,2.730397,-88.86569,288.7202,248.0672,195.5023,1,-180.1034,2.884705,-88.99757,305.9233,182.4977,343.5419
393.4702,1,-179.9376,2.732023,-89.59237,288.6565,247.144,195.7667,1,-179.9185,2.885053,-89.72594,305.8239,181.2663,343.7614
393.5727,1,-179.783,2.731193,-90.17648,288.7198,247.824,194.5906,1,-179.7621,2.884807,-90.30982,305.8124,180.575,343.9807
393.6841,1,-179.6154,2.728348,-90.7852,288.8779,251.0342,190.8143,1,-179.5934,2.884833,-90.91772,306.0332,179.8622,343.7643
393.7895,1,-179.4778,2.726722,-91.26654,288.8957,251.5557,189.6286,1,-179.4544,2.884512,-91.39802,306.0591,179.3952,343.6925
393.9011,1,-179.3282,2.726394,-91.77238,288.9834,251.1452,189.4641,1,-179.3038,2.884483,-91.90302,305.9273,178.8419,343.6321
394.0137,1,-179.1748,2.726319,-92.27563,288.9771,250.6003,189.3723,1,-179.1491,2.88538,-92.40542,305.9331,178.121,343.9414
394.1259,1,-179.0153,2.724043,-92.78194,288.8723,251.2239,188.13,1,-178.9887,2.885282,-92.91003,305.7302,177.8377,343.9716
394.2261,1,-178.8698,2.723765,-93.22884,288.8451,251.1076,187.8547,1,-178.8425,2.885329,-93.35612,306.0177,177.2208,344.1612
394.3303,1,-178.7191,2.722592,-93.68084,288.8297,251.0387,187.3999,1,-178.691,2.885116,-93.80715,305.9957,176.8415,344.0845
394.4427,1,-178.5385,2.721445,-94.20679,288.8304,251.4907,186.453,1,-178.5094,2.884716,-94.33246,306.0004,176.1711,344.5027
394.5551,1,-178.3489,2.721476,-94.74249,288.9719,252.4487,185.0945,1,-178.3193,2.885205,-94.86684,305.8169,175.5943,344.6747
394.6599,1,-178.1743,2.721503,-95.22184,289.0354,252.1087,184.8727,1,-178.1445,2.885011,-95.34525,305.5889,174.7581,345.034
394.7737,1,-177.9634,2.722002,-95.78232,289.59,251.181,185.5458,1,-177.9359,2.88046,-95.90332,304.891,173.2022,346.2076
394.886,1,-177.7411,2.723393,-96.35474,289.9097,249.971,186.6528,1,-177.7171,2.875748,-96.47411,301.9581,168.663,350.8194
394.997,1,-177.5082,2.723895,-96.9388,289.9173,249.5842,186.7118,1,-177.4832,2.876808,-97.05919,301.0436,166.0915,353.5931
395.1084,1,-177.2612,2.723035,-97.53142,289.1784,250.1892,187.5487,1,-177.2397,2.870281,-97.65524,300.7908,160.6727,358.6364
395.2275,1,-177.0058,2.720205,-98.13218,292.61,256.3558,188.6754,1,-177.0059,2.851332,-98.25336,300.8632,146.3373,7.236401
395.341,1,-176.7436,2.717001,-98.73646,311.6292,267.024,194.4665,1,-176.7669,2.810864,-98.86691,308.7765,141.8836,7.808506
395.4542,1,-176.4715,2.711823,-99.3464,323.2893,269.211,199.3491,1,-176.53,2.797099,-99.47945,324.4493,142.7349,359.0633
395.565,1,-176.1801,2.722357,-99.95036,321.8796,265.6245,199.7227,1,-176.2978,2.791101,-100.1164,324.7477,138.3924,3.824112
395.6781,1,-175.879,2.726939,-100.5627,319.9699,262.2455,200.8272,1,-176.0481,2.789033,-100.7815,318.0027,147.3744,2.737638
395.783,1,-175.6033,2.725281,-101.1009,320.2614,260.4805,201.6512,1,-175.7884,2.781319,-101.3225,297.186,189.9332,320.8461
395.8958,1,-175.2706,2.723377,-101.7118,319.9066,259.3215,201.444,1,-175.4644,2.795464,-101.959,328.7549,230.0786,291.1371
396.0092,1,-174.9241,2.721035,-102.3231,319.8458,257.9302,201.3856,1,-175.1007,2.790817,-102.5671,9.046549,227.1889,288.9122
396.1156,1,-174.6111,2.719909,-102.8547,320.4221,256.8987,200.9454,1,-174.7696,2.816057,-103.1082,28.04497,227.151,293.9305
396.2279,1,-174.2312,2.71808,-103.4553,320.8148,255.8114,200.4762,1,-174.3783,2.923383,-103.7218,37.44958,231.409,309.7501
396.3411,1,-173.8336,2.719764,-104.0481,320.8772,254.5557,200.3076,1,-173.9207,3.01362,-104.3079,28.52673,228.1197,318.6936
396.4523,1,-173.4201,2.722167,-104.631,321.2455,252.4808,200.4958,1,-173.4448,3.02064,-104.8671,11.7311,227.7906,307.0723
396.5662,1,-172.9859,2.721646,-105.2032,322.3195,249.6777,201.3868,1,-172.9651,3.023467,-105.426,355.6128,224.6139,299.9265
396.6735,1,-172.5873,2.720959,-105.6921,322.8658,247.2169,201.7462,1,-172.5278,3.016481,-105.8982,330.1575,233.0639,278.1366
396.7863,1,-172.111,2.720019,-106.2355,322.9355,244.905,201.4926,1,-172.0129,3.01267,-106.3832,346.3203,223.4882,294.0153
396.8925,1,-171.6759,2.71954,-106.6942,322.9147,243.0696,200.9827,1,-171.5625,2.98822,-106.797,342.4365,201.6431,308.2258
397.006,1,-171.1584,2.719472,-107.1958,322.9215,240.6954,200.7927,1,-171.0293,2.947175,-107.28,325.6083,177.6597,326.1155
397.1129,1,-170.7158,2.71787,-107.5872,322.6994,238.9712,200.1178,1,-170.5977,2.885066,-107.653,310.9541,170.9205,324.1017
397.2264,1,-170.2392,2.717362,-107.9778,322.7893,237.1548,199.5721,1,-170.126,2.85429,-108.0509,312.8828,160.4622,329.2269
397.3339,1,-169.8519,2.720462,-108.2731,323.4033,234.5393,200.4643,1,-169.7443,2.844809,-108.3476,308.262,155.9455,331.0751
397.4365,1,-169.4935,2.722324,-108.5243,324.1297,232.3989,201.0418,1,-169.3874,2.841466,-108.6016,307.3701,149.9721,331.7425
397.5441,1,-169.1668,2.723241,-108.7359,324.2312,230.5734,200.9283,1,-169.0603,2.836217,-108.8142,310.1349,145.4115,331.5281
397.657,1,-168.8372,2.722735,-108.9354,324.5958,228.8803,201.0709,1,-168.7255,2.84951,-109.0065,311.5325,144.2122,332.4614
397.7652,1,-168.5894,2.722486,-109.0761,324.7419,227.3917,201.3252,1,-168.4601,2.885319,-109.1392,308.9211,144.819,332.258
397.8656,1,-168.3808,2.722318,-109.188,324.5369,226.2392,201.4037,1,-168.2531,2.875002,-109.2496,309.5531,143.4056,332.3961
397.9723,1,-168.2141,2.722055,-109.2738,324.5602,225.4003,201.3912,1,-168.0936,2.855463,-109.337,308.5686,141.6106,332.492
398.0856,1,-168.075,2.722404,-109.3439,324.6721,224.636,201.679,1,-167.957,2.845254,-109.4091,308.2165,139.4581,330.2403
398.188,1,-167.9997,2.722349,-109.3807,324.696,224.2307,201.749,1,-167.8784,2.849552,-109.4446,308.7432,138.6699,330.2366
398.2991,1,-167.9668,2.721741,-109.3969,324.773,224.0442,201.7929,1,-167.8453,2.850897,-109.4596,308.8074,138.3943,329.6214
398.4109,1,-167.9563,2.721749,-109.4015,324.7437,223.9252,201.9551,1,-167.8337,2.850805,-109.4645,308.4521,138.2418,328.7946
398.515,1,-167.9442,2.721885,-109.4071,324.8391,223.8791,201.9821,1,-167.8209,2.850793,-109.4701,308.4351,138.2923,328.7477
398.6265,1,-167.9217,2.722318,-109.4184,325.0316,223.6573,202.2026,1,-167.7981,2.849899,-109.4807,308.169,138.6145,327.867
398.7401,1,-167.8837,2.72316,-109.4369,325.1946,223.2921,202.45,1,-167.7595,2.848792,-109.4983,308.1624,138.3406,327.9589
398.8459,1,-167.8362,2.72285,-109.4589,325.2952,223.0983,202.4106,1,-167.7126,2.848092,-109.52,308.0469,138.2864,327.695
398.9577,1,-167.7601,2.722469,-109.4939,325.3145,222.8135,202.3324,1,-167.6364,2.848668,-109.5544,308.0393,137.8313,327.7972
399.0582,1,-167.6744,2.722181,-109.5328,325.3869,222.4211,202.3181,1,-167.5508,2.849104,-109.5925,308.1473,137.3189,327.9112
399.1635,1,-167.568,2.721284,-109.5797,325.3372,221.8298,202.3417,1,-167.4445,2.849184,-109.638,307.9976,136.96,327.9226
399.2739,1,-167.4195,2.721534,-109.6439,325.453,221.1386,202.3289,1,-167.2958,2.849346,-109.7006,307.952,136.1851,327.8544
399.3761,1,-167.2657,2.72125,-109.7078,325.4079,220.4328,202.247,1,-167.1412,2.849006,-109.7633,308.383,135.1566,327.6014
399.4793,1,-167.088,2.720326,-109.7783,325.4128,219.6461,202.1027,1,-166.9628,2.849004,-109.8321,308.5925,134.105,327.4924
399.5799,1,-166.8869,2.719949,-109.855,325.4694,218.7261,202.0437,1,-166.7608,2.849182,-109.9061,308.2506,133.1683,327.6116
399.6842,1,-166.662,2.71997,-109.9357,325.4662,217.6008,202.0915,1,-166.5349,2.849238,-109.9845,308.1387,132.0366,327.694
399.7974,1,-166.3756,2.720327,-110.0319,325.4639,216.2792,202.1209,1,-166.2473,2.849308,-110.0782,308.3788,130.4832,327.5078
399.9009,1,-166.0987,2.72047,-110.1178,325.4569,214.8688,202.1383,1,-165.9693,2.849445,-110.1609,308.6589,129.0706,327.4276
400.0124,1,-165.7514,2.720245,-110.2157,325.3975,213.3097,202.0495,1,-165.6202,2.848684,-110.2554,308.4871,127.5001,327.4338
400.1131,1,-165.4213,2.720338,-110.2993,325.3829,211.8028,202.026,1,-165.2893,2.849064,-110.3351,308.1989,126.1552,327.4063
400.224,1,-165.0136,2.720123,-110.39,325.3834,209.8628,202.194,1,-164.879,2.852888,-110.4212,308.3297,124.4286,327.1914
400.331,1,-164.6308,2.720196,-110.4608,325.3007,208.0521,202.0845,1,-164.4902,2.915835,-110.4744,316.1182,136.5863,321.3331
400.4427,1,-164.1615,2.721082,-110.5297,325.1765,206.2653,201.9961,1,-163.9819,3.008087,-110.5649,328.9867,153.9606,313.361
400.5452,1,-163.723,2.722036,-110.5798,324.9233,204.5751,201.99,1,-163.5651,3.086131,-110.7111,339.4358,173.6887,331.8652
400.6638,1,-163.1929,2.722974,-110.6273,325.098,202.3761,202.2612,1,-163.0375,3.025434,-110.8807,358.2299,178.7097,322.5671
400.7786,1,-162.6341,2.726061,-110.6629,326.0944,200.5729,202.7151,1,-162.5034,2.869884,-110.9462,24.1559,181.9442,307.5066
400.8802,1,-162.1202,2.724979,-110.6744,326.0701,199.4267,202.2413,1,-162.0338,2.784324,-110.9138,47.21176,181.9115,320.0602
400.9851,1,-161.5856,2.723228,-110.6707,325.9397,198.3551,201.9747,1,-161.5209,2.716288,-110.8298,53.81529,194.7668,334.9117
401.0933,1,-161.0328,2.721956,-110.6566,326.5304,197.3032,201.9996,1,-160.9618,2.697717,-110.7862,44.26343,204.3228,346.0631
401.194,1,-160.4636,2.721706,-110.6304,327.7583,196.781,202.3568,1,-160.391,2.731007,-110.7818,43.32612,195.2276,344.3031
401.2978,1,-159.8753,2.722065,-110.5909,327.6829,195.4427,202.4124,1,-159.7935,2.815592,-110.7953,52.98565,194.6658,349.5509
401.4061,1,-159.2716,2.721134,-110.5378,327.2301,194.29,202.3235,1,-159.1782,2.860147,-110.7633,35.34775,138.0975,289.7911
401.5085,1,-158.6522,2.719793,-110.4704,326.7745,193.3532,202.3929,1,-158.5166,2.84528,-110.6816,38.20205,154.3528,306.8862
401.6145,1,-158.0186,2.720399,-110.3878,326.7942,192.1836,202.3262,1,-157.8909,2.830392,-110.5858,41.4404,178.2906,335.9107
401.7236,1,-157.3694,2.720622,-110.2873,326.8331,190.7552,202.4099,1,-157.2781,2.77577,-110.4723,36.71496,174.7449,329.7983
401.8336,1,-156.7063,2.720503,-110.1684,327.0919,189.241,202.6671,1,-156.6392,2.772946,-110.3324,38.55454,185.2335,347.6939
401.9384,1,-156.0298,2.721298,-110.0307,328.6023,187.7377,203.8427,1,-155.9689,2.767611,-110.1686,42.36119,184.3392,346.63
402.0464,1,-155.3401,2.721981,-109.875,330.3986,187.0726,204.3072,1,-155.2803,2.749821,-109.9986,55.40682,192.6216,14.88596
402.1544,1,-154.6363,2.722831,-109.6994,330.9633,186.2664,203.9663,1,-154.5955,2.767084,-109.7938,64.65495,219.0187,48.26429
402.2621,1,-153.9177,2.720482,-109.5049,330.437,184.2351,204.1296,1,-153.899,2.774647,-109.5573,61.22474,291.5916,131.9228
402.3709,1,-153.1878,2.715235,-109.2889,326.8491,180.6295,205.88,1,-153.1737,2.800391,-109.3041,25.12345,306.2475,164.088
402.4747,1,-152.4388,2.701427,-109.062,323.8542,177.5715,200.1124,1,-152.4239,2.826689,-109.0463,22.91875,299.5542,166.4437
402.5829,1,-151.6811,2.699533,-108.8139,324.9638,178.727,198.5196,1,-151.6682,2.816703,-108.8085,36.09694,296.0068,165.9956
402.6899,1,-150.9118,2.696624,-108.552,325.3575,177.1463,200.2994,1,-150.8918,2.809182,-108.5446,45.73953,288.986,162.0374
402.7985,1,-150.1358,2.695994,-108.278,324.754,173.2087,201.0739,1,-150.1004,2.801959,-108.2539,61.92347,291.6213,167.9318
402.9066,1,-149.3492,2.689733,-107.9843,324.2531,170.1436,201.8849,1,-149.3021,2.820959,-107.9497,46.92205,113.9785,354.5367
403.0163,1,-148.5554,2.688111,-107.6785,322.2057,170.944,201.9091,1,-148.4861,2.79783,-107.6357,22.76693,103.8448,349.2257
403.1255,1,-147.7492,2.695697,-107.3656,330.0099,174.4019,207.369,1,-147.6897,2.81005,-107.3208,355.2903,88.10418,333.1496
403.2342,1,-146.928,2.707357,-107.0514,342.3009,172.991,210.9724,1,-146.8457,2.834941,-106.9538,331.5141,85.42435,325.9081
403.3363,1,-146.0979,2.713384,-106.7186,338.6389,176.7188,206.4448,1,-145.9703,2.892931,-106.6196,313.6826,101.3673,302.9805
403.4414,1,-145.272,2.716671,-106.3693,327.7707,183.6739,199.9037,1,-145.0704,2.960794,-106.3296,323.6413,126.6082,302.0854
403.5526,1,-144.4312,2.720613,-106.0217,329.5135,181.2039,202.3347,1,-144.2508,2.955297,-105.9525,329.8371,123.3522,307.8313
403.6611,1,-143.5746,2.722166,-105.6671,330.2682,180.6655,202.5076,1,-143.405,3.046011,-105.6622,345.2639,136.7959,329.3406
403.7695,1,-142.7066,2.725643,-105.2992,328.6867,180.2968,202.3606,1,-142.5031,3.084755,-105.3869,353.5029,150.2675,344.4585
403.879,1,-141.8392,2.743753,-104.9011,295.7027,183.1118,136.3948,1,-141.5567,2.941807,-105.12,10.53063,153.5406,293.2381
403.9818,1,-140.8824,2.810907,-104.5125,278.5231,342.0762,296.449,1,-140.7146,2.799097,-104.7988,45.46655,167.8384,329.2671
404.0884,1,-139.8911,2.925341,-104.1629,296.0293,201.2134,86.0592,1,-139.8967,2.709626,-104.3796,70.88828,194.8575,3.098187
404.1907,1,-138.9209,3.030025,-103.7969,345.6334,150.2065,146.4698,1,-139.0394,2.706139,-103.9452,54.8694,246.9422,73.39506
404.2991,1,-137.9359,3.046104,-103.5199,8.441154,177.1475,144.5217,1,-138.0816,2.752167,-103.6311,49.98374,293.9649,158.0802
404.4081,1,-136.9552,3.033,-103.2621,0.775057,175.8986,147.87,1,-137.0827,2.767169,-103.3807,53.02699,296.1151,146.3478
404.5163,1,-135.9605,3.010419,-103.0152,348.7364,172.1997,145.7867,1,-136.0651,2.756773,-103.1782,59.27402,306.7566,141.8819
404.6262,1,-134.9798,2.918775,-102.7796,316.5451,149.8001,158.7149,1,-135.0099,2.7898,-103.0714,73.45539,310.0912,106.7107
404.7345,1,-133.9688,2.804439,-102.667,293.2661,146.8013,159.1414,1,-133.928,2.864342,-102.9684,59.91213,170.4979,317.6305
404.8401,1,-132.9163,2.751651,-102.605,287.497,159.7474,158.1231,1,-132.8484,2.88394,-102.9061,52.43554,156.8373,306.6804
404.9498,1,-131.8409,2.775679,-102.5719,286.6451,174.1303,149.217,1,-131.8097,2.889686,-102.8601,59.2153,170.5233,325.4678
405.0503,1,-130.7655,2.799522,-102.5583,282.7037,170.9523,155.256,1,-130.7516,2.858033,-102.8552,58.98243,166.9493,319.1711
405.1565,1,-129.6922,2.802453,-102.5858,285.1337,178.3781,149.552,1,-129.6818,2.857587,-102.8777,56.07617,169.0677,316.6569
405.2655,1,-128.649,2.736614,-102.7269,275.262,181.5629,142.3965,1,-128.5871,2.947684,-102.9385,43.11763,179.2344,331.7821
405.3729,1,-127.6027,2.71872,-102.8412,290.4277,103.9257,240.0773,1,-127.4876,3.013537,-103.0191,18.46427,174.9685,330.093
405.4745,1,-126.5175,2.73871,-102.9307,287.5837,47.70016,311.1013,1,-126.4198,2.999902,-103.1413,25.53896,173.5563,328.7975
405.5791,1,-125.4279,2.753864,-103.0294,283.3907,20.09608,337.0163,1,-125.349,2.978036,-103.3021,29.38641,175.1877,328.6068
405.6871,1,-124.3015,2.827466,-103.1719,288.1542,239.6339,89.78555,1,-124.2789,2.95837,-103.4877,34.13779,172.1884,326.6278
405.7998,1,-123.0518,2.866502,-103.3823,288.3474,228.4785,106.0867,1,-123.0455,2.963343,-103.7072,32.26376,174.333,326.5578
405.9049,1,-121.9549,2.872134,-103.6023,295.6551,212.8189,126.7011,1,-121.9708,2.974089,-103.9272,29.24167,176.2941,328.1668
406.0074,1,-120.8813,2.813733,-103.8798,293.6468,216.069,116.4745,1,-120.893,2.99916,-104.1616,20.35466,180.2108,331.0587
406.1087,1,-119.8487,2.761885,-104.1963,279.7388,278.3916,53.72387,1,-119.8083,3.029695,-104.3908,12.10032,180.2382,326.7299
406.2126,1,-118.8162,2.714633,-104.5235,282.7726,87.07881,256.8523,1,-118.7096,3.039731,-104.6442,353.6678,184.7346,320.7931
406.314,1,-117.7595,2.72956,-104.8304,300.1624,126.8693,246.7635,1,-117.6481,3.04268,-104.9465,345.5146,172.6324,332.6712
406.4167,1,-116.6915,2.740937,-105.159,297.2861,49.40623,331.6441,1,-116.5804,3.030225,-105.2847,353.3077,173.5156,331.5694
406.518,1,-115.6121,2.733099,-105.4923,298.5837,39.9157,345.8707,1,-115.5197,3.021015,-105.6401,354.6028,172.7477,327.9194
406.6227,1,-114.543,2.730438,-105.8533,306.2398,46.87403,345.6423,1,-114.4531,3.019388,-105.9981,352.601,170.1612,324.7372
406.7243,1,-113.482,2.730681,-106.2357,305.3172,55.11906,348.2513,1,-113.386,3.016926,-106.3473,345.8149,164.047,325.8206
406.8296,1,-112.4215,2.732022,-106.6333,304.3933,54.45756,345.9525,1,-112.3142,3.016453,-106.7092,345.3233,166.74,328.212
406.9417,1,-111.2022,2.735579,-107.0787,299.8797,57.73788,342.7905,1,-111.0932,3.013399,-107.1522,344.2513,166.369,327.4476
407.0478,1,-110.1343,2.739877,-107.4755,303.0486,63.50174,337.9473,1,-110.0252,3.014656,-107.5452,343.2472,165.3938,328.4849
407.159,1,-108.9108,2.742332,-107.9378,301.015,69.58294,332.0566,1,-108.8008,3.014703,-108.0015,342.8155,165.0965,329.1302
407.2601,1,-107.8398,2.745811,-108.3508,297.8691,71.95125,328.1848,1,-107.7283,3.014296,-108.4082,342.7096,164.6421,329.5242
407.3632,1,-106.7758,2.755127,-108.7788,302.2239,69.94843,330.7013,1,-106.6531,3.011567,-108.8149,339.4498,162.9305,330.1058
407.4754,1,-105.5549,2.778902,-109.2812,303.4913,77.16228,322.8018,1,-105.4189,3.004225,-109.2618,332.7657,156.8426,337.0969
407.5823,1,-104.4674,2.797393,-109.7224,300.8597,102.3288,291.3145,1,-104.3492,2.977096,-109.6507,324.5754,155.0058,342.4182
407.6936,1,-103.212,2.768301,-110.1983,302.7249,93.45025,304.1587,1,-103.1202,2.958638,-110.1362,322.4054,153.646,340.3788
407.8022,1,-102.0919,2.7382,-110.5791,294.9192,92.17471,318.8622,1,-102.0338,2.933357,-110.5577,318.5888,148.1626,340.0475
407.9119,1,-100.8771,2.708153,-110.9628,278.144,46.68483,333.6743,1,-100.7935,2.891922,-111.035,308.8114,139.6452,345.5903
408.0158,1,-99.78451,2.762587,-111.3993,294.708,33.19854,337.7094,1,-99.69866,2.840599,-111.4735,310.9239,126.8306,340.1892
408.1268,1,-98.5182,2.763337,-111.875,293.0413,38.83132,334.8695,1,-98.44364,2.82086,-111.9596,316.8992,123.4747,336.2385
408.2311,1,-97.40989,2.755528,-112.2866,289.4134,41.0671,333.0781,1,-97.33859,2.830507,-112.3633,320.1719,122.8212,337.6219
408.3419,1,-96.13464,2.75437,-112.7335,286.0085,37.49966,336.2061,1,-96.04939,2.844725,-112.8012,319.4099,121.9152,337.2693
408.4454,1,-95.00081,2.751781,-113.1026,284.6671,43.34785,328.0158,1,-94.91299,2.876258,-113.1595,320.2463,123.4333,336.2841
408.5568,1,-93.69974,2.751358,-113.5136,283.3098,59.00776,306.9013,1,-93.62148,2.87811,-113.5694,319.3143,125.0451,336.7025
408.6701,1,-92.40148,2.757572,-113.9122,281.938,70.06733,293.7431,1,-92.31947,2.867817,-113.9689,319.3522,123.8476,336.866
408.7707,1,-91.25708,2.754789,-114.2498,286.2037,48.95294,315.8186,1,-91.174,2.865293,-114.3041,321.5877,122.5499,337.7454
408.8884,1,-89.92972,2.755406,-114.6094,284.8701,51.33081,312.7062,1,-89.84459,2.881087,-114.6707,323.3916,122.5734,336.31
408.9995,1,-88.58766,2.750055,-114.9405,285.7903,33.61658,328.701,1,-88.50691,2.931608,-115.0083,329.6437,130.6382,333.5451
409.1111,1,-87.25973,2.745639,-115.2678,287.6125,6.744735,356.5049,1,-87.16694,2.947402,-115.3485,332.9077,135.1611,337.7752
409.218,1,-86.1244,2.744575,-115.5502,285.694,11.00447,352.0258,1,-86.0286,2.942554,-115.6235,329.9582,137.1262,335.9383
409.3289,1,-84.88458,2.751332,-115.8592,284.1082,23.67707,341.1482,1,-84.78938,2.92919,-115.9082,326.8792,133.4623,341.3827
409.4406,1,-83.69899,2.74586,-116.1334,282.8859,32.45221,334.5429,1,-83.61481,2.909809,-116.1766,326.3545,128.6785,344.0336
409.5407,1,-82.7053,2.750978,-116.3365,282.9773,22.5658,344.7122,1,-82.62373,2.912658,-116.3993,327.2939,127.1632,341.6931
409.6457,1,-81.75732,2.789391,-116.505,288.963,283.4714,61.8335,1,-81.69016,2.925103,-116.6441,353.3433,128.2529,319.757
409.7566,1,-80.72442,2.843777,-116.6837,281.9601,265.5582,91.64412,1,-80.70297,2.945368,-116.946,8.406038,163.0801,299.1416
409.8745,1,-79.73102,2.876781,-116.8911,287.1644,223.1917,122.3723,1,-79.73421,2.946993,-117.2106,16.40382,183.9803,294.2562
409.9851,1,-78.81604,2.903534,-117.0627,301.0068,218.3484,127.3758,1,-78.84232,2.939884,-117.3988,21.321,175.4738,299.1896
410.0968,1,-77.98148,2.922322,-117.2209,304.3759,211.8487,135.7531,1,-78.02289,2.946754,-117.5646,36.86184,174.0909,320.4041
410.2086,1,-77.20629,2.921308,-117.367,307.6682,203.3388,139.6308,1,-77.24293,2.946723,-117.6977,34.82748,178.1856,328.0479
410.3099,1,-76.58604,2.91272,-117.4801,310.3032,202.8751,136.5787,1,-76.61352,2.940976,-117.8055,33.50106,174.8028,319.7772
410.4221,1,-75.9307,2.907573,-117.5956,309.6505,203.3438,135.2428,1,-75.95679,2.939806,-117.9186,33.52742,174.6244,318.9606
410.5322,1,-75.33565,2.900082,-117.6963,309.0085,204.1268,133.9677,1,-75.36397,2.941808,-118.0166,33.50024,175.1196,319.0813
410.6354,1,-74.87241,2.872457,-117.776,307.6594,210.3017,121.7496,1,-74.89037,2.954494,-118.0874,31.0057,177.6304,321.187
410.7479,1,-74.39893,2.845926,-117.8559,307.4583,216.729,109.9336,1,-74.41174,2.972949,-118.1528,27.04707,181.0449,325.1807
410.8588,1,-73.95705,2.831541,-117.9339,304.9893,215.4458,111.1969,1,-73.96123,2.98136,-118.2112,26.53743,186.4198,329.4113
410.965,1,-73.56446,2.829189,-117.9962,303.7926,213.4386,113.9715,1,-73.55751,2.986147,-118.264,26.15804,187.892,330.3751
411.0772,1,-73.09984,2.824817,-118.0683,301.303,213.0938,113.9961,1,-73.09069,2.987787,-118.3347,25.49099,186.5944,330.2469
411.1848,1,-72.62517,2.823448,-118.1387,299.9485,213.6026,113.772,1,-72.61277,2.989581,-118.4036,23.83927,185.4092,330.1814
411.2878,1,-72.19985,2.817718,-118.2015,297.6842,215.0343,112.7927,1,-72.18079,2.991584,-118.4601,22.20682,184.785,329.4488
411.3994,1,-71.69338,2.81169,-118.2707,296.6496,215.2173,112.6907,1,-71.66939,2.993362,-118.5268,19.28938,185.0305,329.7753
411.5038,1,-71.23375,2.812417,-118.3305,295.8362,213.8181,114.0031,1,-71.20815,2.994632,-118.5854,18.4184,185.1032,329.7731
411.6149,1,-70.68983,2.812746,-118.399,295.4218,213.4952,114.0363,1,-70.66172,2.996233,-118.6541,18.52966,184.7616,330.4956
411.7279,1,-70.11996,2.810925,-118.4675,295.1171,213.798,113.4718,1,-70.08969,2.996533,-118.7215,18.24908,183.8823,330.2066
411.8325,1,-69.59651,2.809132,-118.5261,295.0306,213.48,113.5909,1,-69.56375,2.997606,-118.7792,17.79224,183.361,330.4396
411.9436,1,-68.97159,2.80985,-118.5922,294.93,213.2237,113.5082,1,-68.93774,2.99813,-118.8449,17.57973,182.7559,330.4756
412.0481,1,-68.40121,2.810055,-118.6484,294.9481,212.9223,113.3963,1,-68.36544,2.997749,-118.9012,17.40485,182.1175,330.3228
412.1589,1,-67.72217,2.810506,-118.7103,294.9138,212.4757,113.5376,1,-67.68424,2.99749,-118.9632,17.27783,181.6571,330.2997
412.2594,1,-67.10477,2.8106,-118.7621,294.9756,211.5173,114.1251,1,-67.06535,2.997102,-119.0152,17.2772,181.2889,330.403
412.3624,1,-66.46464,2.810677,-118.8104,295.206,211.243,114.0332,1,-66.42316,2.996607,-119.064,17.30529,180.8005,330.3642
412.4744,1,-65.70625,2.810826,-118.8626,295.096,210.2855,114.4524,1,-65.6628,2.996875,-119.1155,17.18234,180.3358,330.4126
412.5759,1,-65.01966,2.811134,-118.904,295.0061,209.7836,114.5578,1,-64.97395,2.996617,-119.1568,17.22343,179.6911,330.2708
412.6792,1,-64.30977,2.811222,-118.9408,294.9935,209.1367,114.7635,1,-64.2618,2.996566,-119.1931,17.21178,179.1844,330.2907
412.791,1,-63.47222,2.811086,-118.9768,295.0563,208.9428,114.431,1,-63.42208,2.996412,-119.2289,17.22079,178.488,330.1631
412.8981,1,-62.71613,2.812203,-119.0026,294.7638,207.9849,114.8954,1,-62.66303,2.995711,-119.2547,17.24128,177.8899,330.1525
413.009,1,-61.82397,2.812866,-119.0243,294.7103,207.4541,114.9054,1,-61.76786,2.995401,-119.2766,17.28116,177.197,330.1684
413.1092,1,-61.01974,2.814605,-119.0347,294.7449,207.2188,114.7658,1,-60.96235,2.994927,-119.2888,17.58159,176.408,330.1208
413.214,1,-60.18944,2.832532,-119.0313,297.5979,205.0639,116.8399,1,-60.13222,2.989319,-119.3,20.04065,175.2648,329.761
413.325,1,-59.21242,2.865791,-119.015,303.7277,198.9187,124.3465,1,-59.15686,2.973631,-119.3167,25.78244,173.7516,329.0803
413.4392,1,-58.21373,2.887264,-118.9944,304.2915,196.5197,129.6434,1,-58.16053,2.963585,-119.3125,29.32141,171.6181,328.7677
413.5433,1,-57.3182,2.889654,-118.9687,302.5369,200.4431,127.6247,1,-57.263,2.957372,-119.2949,30.19001,169.5651,326.0085
413.6546,1,-56.2661,2.890239,-118.9353,301.2934,204.4173,122.63,1,-56.20941,2.955143,-119.2615,39.08797,168.5925,324.7918
413.7679,1,-55.18291,2.891023,-118.8912,301.2962,202.1594,123.4913,1,-55.12724,2.947556,-119.2214,39.04483,167.6191,324.404
413.8722,1,-54.21342,2.893557,-118.8403,301.1573,197.4312,129.6786,1,-54.1567,2.943616,-119.1763,38.33516,167.5426,325.1404
413.9846,1,-53.08025,2.896438,-118.7737,301.1408,196.0842,130.848,1,-53.02153,2.937762,-119.114,40.35918,166.0671,324.7625
414.0896,1,-52.06574,2.894932,-118.7062,301.2424,194.5895,131.3613,1,-52.00768,2.938904,-119.0423,43.50018,163.0405,323.2433
414.2005,1,-50.88168,2.893799,-118.6165,300.6948,194.0287,131.3615,1,-50.82196,2.944793,-118.9439,42.94587,165.9446,325.8478
414.3134,1,-49.67208,2.886836,-118.5139,300.2731,193.7839,130.7618,1,-49.60942,2.951475,-118.8308,43.16219,167.752,327.7955
414.4136,1,-48.59066,2.874218,-118.4098,299.6057,197.0828,126.3546,1,-48.52416,2.955777,-118.7255,43.10131,168.094,329.5748
414.5252,1,-47.33519,2.85774,-118.2812,298.6149,208.0667,113.2959,1,-47.25827,2.9546,-118.5947,43.51228,166.3504,328.7907
414.6288,1,-46.21782,2.831632,-118.1545,296.6981,213.7869,107.8629,1,-46.12878,2.936464,-118.4742,45.77444,162.8638,326.9126
414.743,1,-44.90691,2.801527,-117.9938,294.0326,213.8268,104.8846,1,-44.82454,2.912339,-118.317,45.686,163.8751,328.4346
414.8464,1,-43.75823,2.775171,-117.8518,288.6906,221.0887,95.69231,1,-43.65475,2.89161,-118.1475,47.55846,164.5105,329.9865
414.9599,1,-42.41382,2.718671,-117.6867,279.444,186.0644,131.063,1,-42.32494,2.861659,-117.9126,54.99556,161.0363,327.0341
415.0659,1,-41.21614,2.700346,-117.5029,288.5707,124.2123,201.3405,1,-41.11636,2.852554,-117.6918,65.39858,173.4165,333.5331
415.1765,1,-39.82977,2.728431,-117.2111,292.4943,128.6019,221.5713,1,-39.70391,2.865724,-117.3913,69.23199,194.5929,350.1332
415.2907,1,-38.42329,2.816698,-116.8189,312.4743,164.8094,223.5842,1,-38.24556,2.935115,-117.0583,39.19821,180.2209,329.5742
415.3955,1,-37.18369,2.90127,-116.486,321.5093,165.1802,168.1389,1,-36.97104,2.984991,-116.731,16.41341,166.8897,327.2289
415.5067,1,-35.73281,2.923874,-116.0744,324.5206,173.1511,114.6469,1,-35.5122,2.983265,-116.2896,8.290723,157.4032,308.6674
415.6132,1,-34.42341,2.910524,-115.6366,319.8073,170.8091,127.3325,1,-34.23122,2.97112,-115.873,15.69295,158.3448,316.0082
415.7245,1,-32.96285,2.90916,-115.082,315.7166,166.037,145.5918,1,-32.77349,2.860798,-115.368,47.99102,177.9777,336.9138
415.8301,1,-31.68432,2.905562,-114.5406,315.8936,161.1707,144.3811,1,-31.55376,2.762554,-114.7899,72.12133,209.1037,16.6313
415.9452,1,-30.21966,2.910209,-113.8456,314.0184,158.3638,146.3797,1,-30.14158,2.741747,-114.0392,74.98742,218.3415,34.38695
416.0485,1,-28.94278,2.912218,-113.174,314.8279,158.8691,144.6118,1,-28.8624,2.76134,-113.3641,70.68243,215.1302,34.57164
416.1617,1,-27.47688,2.919931,-112.3484,317.2494,159.4367,143.0813,1,-27.4117,2.780913,-112.5514,68.57661,224.0524,47.92706
416.265,1,-26.18169,2.93312,-111.581,336.8515,161.5093,138.3434,1,-26.17491,2.777901,-111.7785,70.25079,244.1991,72.57116
416.3711,1,-24.91036,2.976178,-110.7888,336.3587,162.7849,143.8564,1,-24.91226,2.776828,-110.9838,68.34019,261.829,101.9213
416.4857,1,-23.46167,2.967849,-109.8441,331.6021,158.7417,145.4533,1,-23.43851,2.771336,-110.0448,70.39391,260.5356,98.56427
416.5894,1,-22.19199,2.948035,-108.9769,331.3976,156.8109,144.7305,1,-22.15046,2.771507,-109.1947,72.30815,252.794,92.34545
416.6977,1,-20.91408,2.931168,-108.0849,329.4655,150.9982,144.366,1,-20.86914,2.778172,-108.3093,73.37531,250.4233,91.01808
416.7977,1,-19.64696,2.932331,-107.1648,327.5737,149.8225,145.1125,1,-19.58785,2.783032,-107.3915,74.32428,250.2529,92.26458
416.9011,1,-18.39635,2.853,-106.2362,315.2211,139.4323,144.5417,1,-18.26889,2.826512,-106.4368,74.1104,193.4426,17.81923
417.0065,1,-17.11463,2.687736,-105.3981,283.4728,85.31586,199.8678,1,-16.90407,2.982555,-105.4323,59.78183,113.1296,290.5965
417.1077,1,-15.86078,2.663443,-104.5017,308.154,141.7241,221.1117,1,-15.68105,3.077941,-104.3065,5.210206,137.3947,328.9959
417.2127,1,-14.64124,2.779166,-103.3654,333.9208,170.8253,171.4961,1,-14.4979,3.027727,-103.1906,354.6468,130.1299,321.1888
417.3215,1,-13.52822,2.946214,-102.1514,328.1286,164.0024,181.2479,1,-13.30315,2.994272,-102.0212,356.7956,117.9811,307.9584
417.4341,1,-12.2674,3.000147,-100.7078,322.7277,130.6772,164.0321,1,-12.0202,2.995158,-100.6217,341.2906,101.3576,313.0681
417.5408,1,-11.19292,2.94935,-99.33672,311.9378,134.516,110.7284,1,-10.9488,2.989725,-99.2965,342.4176,96.25459,311.2862
417.641,1,-10.20902,2.900001,-97.91258,312.11,117.3613,149.552,1,-9.915439,3.014965,-97.93139,355.5935,103.9156,322.0681
417.747,1,-9.300145,2.885988,-96.46857,303.3994,118.2233,158.6236,1,-9.0266,3.012782,-96.46464,359.6691,98.54095,322.3776
417.8608,1,-8.380338,2.877116,-94.722,306.5118,115.6159,154.1885,1,-8.165529,3.012364,-94.679,357.2953,94.90751,321.723
417.9666,1,-7.732253,2.873134,-93.09797,305.8658,111.9718,152.8307,1,-7.508589,3.014572,-93.05187,357.6969,95.61162,320.7021
418.0692,1,-7.19872,2.856117,-91.40985,304.2502,107.2991,155.2321,1,-6.910329,2.999217,-91.39333,15.80703,112.2679,324.5453
418.1732,1,-6.783134,2.834843,-89.67938,303.6277,97.99428,163.2147,1,-6.404006,2.86997,-89.71202,53.64745,125.9056,338.4841
418.2815,1,-6.447798,2.838137,-87.91711,301.5243,86.07856,171.2944,1,-6.196044,2.693869,-88.01033,64.38844,195.2067,61.90403
418.384,1,-6.188129,2.86347,-86.11839,301.7262,84.77423,164.744,1,-6.097083,2.754168,-86.27199,61.55079,234.7565,153.3698
418.4898,1,-6.07225,2.883581,-84.30925,304.4675,96.32433,147.6555,1,-5.943341,2.780994,-84.37367,69.16003,84.49945,21.58351
418.5966,1,-5.999219,2.873005,-82.46531,305.1847,97.13952,149.1405,1,-5.782697,2.862199,-82.542,32.3468,63.74915,319.0471
418.7049,1,-5.931463,2.855149,-80.60822,302.9474,95.88594,151.0471,1,-5.625084,2.941345,-80.60078,6.346483,64.49488,267.6261
418.8131,1,-5.860417,2.859613,-78.7348,300.6761,95.55292,152.5818,1,-5.520779,2.930547,-78.66392,24.33341,92.8923,335.4294
418.9224,1,-5.801953,2.886891,-76.83426,299.4013,96.44997,151.1754,1,-5.486133,2.892494,-76.82055,27.70218,76.07053,308.8782
419.0262,1,-5.767549,2.90128,-74.92258,304.0676,107.831,137.66,1,-5.438369,2.856703,-74.92103,47.67574,61.08322,307.0287
419.1348,1,-5.745709,2.909568,-73.01228,308.8536,101.5763,142.4519,1,-5.425297,2.854914,-73.01628,46.4647,61.20005,306.2878
419.2426,1,-5.732122,2.918025,-71.08614,312.5458,96.95058,146.2336,1,-5.422483,2.838968,-71.08909,49.67146,59.77707,302.0497
419.3508,1,-5.725631,2.920732,-69.14986,317.5104,95.69727,146.6214,1,-5.424833,2.826559,-69.14954,50.81006,62.57155,301.5697
419.4607,1,-5.721502,2.923499,-67.19351,320.8561,93.65007,146.9722,1,-5.433925,2.819795,-67.19771,54.26958,62.45724,296.9128
419.5707,1,-5.712869,2.952421,-65.20958,329.4014,94.30795,145.8115,1,-5.460019,2.777129,-65.22984,60.41521,67.10033,292.2667
419.6791,1,-5.706782,3.003173,-63.20524,342.7384,99.86201,149.111,1,-5.4917,2.763799,-63.2844,72.71252,44.86588,271.389
419.7859,1,-5.699076,3.010199,-61.19886,348.9457,100.4553,150.1405,1,-5.503211,2.755886,-61.28123,74.61807,52.13079,277.8309
419.8949,1,-5.690125,3.005748,-59.17315,351.6633,103.1355,147.7667,1,-5.49422,2.762619,-59.26129,87.3149,103.637,337.0455
420.0043,1,-5.65316,3.008728,-57.12831,351.8689,103.2125,148.1803,1,-5.471221,2.764507,-57.22555,86.51688,146.777,20.41852
420.1128,1,-5.585468,3.020494,-55.06021,356.3647,106.6311,149.3752,1,-5.432516,2.767171,-55.1811,81.04891,184.0565,58.83898
420.2219,1,-5.486095,3.035439,-52.98035,357.2518,108.7366,153.5005,1,-5.343521,2.768612,-53.11279,80.87769,194.2128,71.44975
420.3401,1,-5.364505,3.016575,-50.58381,348.8654,103.7084,152.6852,1,-5.167276,2.785048,-50.70495,81.94587,198.4528,75.14583
420.4448,1,-5.228639,2.97641,-48.46444,326.8736,99.79429,148.1436,1,-4.977274,2.811114,-48.58522,83.3484,56.52197,289.597
420.5525,1,-5.031233,2.949649,-46.3376,330.3467,99.70801,145.7529,1,-4.763011,2.81804,-46.43774,76.23792,70.20149,300.2831
420.6607,1,-4.787758,2.958948,-44.18111,333.0067,101.7464,145.7094,1,-4.534285,2.814799,-44.28539,77.36288,82.37273,310.0883
420.7701,1,-4.524963,2.972486,-42.01271,332.3288,101.4018,148.5412,1,-4.274018,2.805024,-42.12381,77.24702,79.59589,310.7243
420.8787,1,-4.251051,2.960369,-39.83118,325.9625,98.79489,150.1098,1,-3.986134,2.821021,-39.93371,77.46928,65.37213,298.2039
420.9833,1,-3.964339,2.888456,-37.641,307.4377,93.6015,146.7188,1,-3.663907,2.883519,-37.70828,73.24266,51.4379,283.9256
421.0966,1,-3.602696,2.895376,-35.09415,311.5565,106.7635,138.8224,1,-3.300012,2.865486,-35.16601,68.12978,63.70326,295.8781
421.2012,1,-3.249087,2.938969,-32.84986,315.0848,105.11,142.9508,1,-2.9646,2.833771,-32.93265,69.59206,64.39984,294.5807
421.3069,1,-2.892466,2.948115,-30.59011,316.0132,101.0763,150.8705,1,-2.611171,2.83044,-30.67587,71.35686,65.37823,294.0162
421.4153,1,-2.531424,2.934948,-28.31082,314.7583,101.4528,149.3001,1,-2.243994,2.841047,-28.39608,72.97817,68.37816,297.5987
421.5252,1,-2.163032,2.922184,-26.01229,313.6485,103.0949,146.9316,1,-1.871799,2.849756,-26.09731,72.63526,68.54433,297.823
421.6267,1,-1.786798,2.919161,-23.69936,312.5813,104.4628,145.2731,1,-1.494097,2.855071,-23.77878,72.36361,67.55957,296.8782
421.7291,1,-1.403496,2.883348,-21.36624,304.4407,104.3969,140.4371,1,-1.103433,2.878865,-21.43399,64.88457,68.37302,299.7966
421.8342,1,-0.9800491,2.778437,-19.04982,279.6464,96.35966,134.8161,1,-0.7175145,2.974038,-19.03883,40.61654,76.11074,315.4316
421.9393,1,-0.5336609,2.731881,-16.72133,285.7754,334.8319,267.1402,1,-0.3790965,3.036044,-16.64494,10.30021,78.17308,318.9654
422.0536,1,-0.09104764,2.754832,-14.02216,297.9873,350.2241,269.5726,1,-0.00757879,3.049734,-13.88881,357.3551,72.33437,329.8978
422.1553,1,0.2420604,2.767607,-11.61897,321.7672,306.3189,338.9795,1,0.2411029,3.055729,-11.4536,342.8492,59.60327,340.4789
422.2631,1,0.5371646,2.790463,-9.145117,337.3026,313.7295,350.8995,1,0.3935065,3.04003,-9.024098,336.7741,47.16911,357.7548
422.3706,1,0.654434,2.804046,-6.652201,330.0826,311.052,336.3216,1,0.5569872,3.033141,-6.543871,344.9408,49.1427,347.6227
422.4792,1,0.5350848,2.794348,-4.177029,321.9155,294.3112,302.1758,1,0.6891934,3.053229,-4.016255,2.937356,74.68006,332.4761
422.5879,1,0.372376,2.822088,-1.666085,285.2869,277.9152,320.8991,1,0.656408,2.995746,-1.517483,25.30636,71.77247,328.3316
422.6945,1,0.09882453,2.853833,0.8812412,283.0369,147.206,74.1389,1,0.4058387,2.935065,0.9927719,37.27089,62.49664,325.505
422.8103,1,-0.3687058,2.876855,3.759511,298.6011,92.64944,128.1519,1,-0.05617908,2.885859,3.848909,44.07172,51.89425,309.7188
422.9175,1,-0.8269501,2.921024,6.29678,308.5364,80.47967,139.763,1,-0.5153785,2.844901,6.345655,58.91888,46.95679,300.8155
423.0274,1,-1.327283,2.980727,8.835928,323.8335,85.80278,150.4565,1,-1.047036,2.781112,8.839459,80.3528,71.20372,315.3563
423.1348,1,-1.793488,3.043173,11.38715,341.2155,83.77669,158.5121,1,-1.58231,2.752963,11.33401,85.01831,186.1633,75.51169
423.2436,1,-2.30964,3.02209,13.92417,339.9039,85.90856,154.6698,1,-2.076901,2.782307,13.8757,88.47659,147.6509,41.32335
423.3529,1,-2.821517,2.99366,16.48209,335.8387,86.63671,152.7916,1,-2.55848,2.801645,16.4457,89.16071,352.1389,245.711
423.4562,1,-3.279197,2.978591,19.06544,330.6655,88.47346,149.5259,1,-2.999637,2.805063,19.03728,85.98463,33.92503,285.7202
423.5652,1,-3.683999,2.985094,21.66965,334.0254,87.08981,150.9536,1,-3.422944,2.793961,21.63544,81.9484,65.94002,313.4704
423.6744,1,-4.061018,2.99605,24.2948,336.6793,87.19666,152.1894,1,-3.810082,2.789306,24.24626,83.5146,71.15706,319.2379
423.785,1,-4.420404,2.991839,26.93068,335.4423,88.39885,151.8551,1,-4.161193,2.793566,26.87934,85.51595,68.93657,318.2399
423.8958,1,-4.748251,2.979883,29.5842,333.3647,90.09711,150.4556,1,-4.479788,2.800755,29.53289,84.84653,54.65849,302.606
424.0005,1,-5.028036,2.981843,32.25509,333.8763,90.5994,150.7742,1,-4.761644,2.795326,32.20633,82.00449,60.91793,305.19
424.1078,1,-5.273709,2.986772,34.94319,335.3422,90.38468,151.2281,1,-5.015001,2.79449,34.88798,83.76974,61.20765,306.3773
424.2158,1,-5.490938,2.989841,37.64679,336.011,90.84602,151.5594,1,-5.237494,2.794112,37.5829,85.04449,53.60826,298.7166
424.3212,1,-5.677779,2.988982,40.36466,335.7291,91.79015,151.5213,1,-5.42316,2.795254,40.29671,85.01245,56.48393,301.1183
424.4344,1,-5.829177,2.987183,43.09812,335.6284,92.64087,151.4272,1,-5.572348,2.795952,43.02855,84.71276,58.0357,301.9266
424.5423,1,-5.944535,2.983264,45.84798,335.4358,93.4602,151.3378,1,-5.684924,2.797353,45.77713,83.906,59.92652,302.9695
424.6501,1,-6.021575,2.983294,48.613,335.3659,94.18588,151.2974,1,-5.762429,2.794546,48.5414,79.8521,63.81005,304.2775
424.7593,1,-6.063985,2.98273,51.39187,335.3258,94.77125,151.3214,1,-5.801856,2.794779,51.31718,81.23331,60.32668,301.4627
424.8709,1,-6.071535,2.980692,54.18456,334.7668,95.67156,151.0923,1,-5.808821,2.795823,54.10645,81.12064,55.14871,296.6508
424.9793,1,-6.042452,2.981251,56.99137,334.1447,96.40227,151.1772,1,-5.779378,2.79473,56.91133,80.86813,49.39515,291.1529
425.0898,1,-5.981814,2.979589,59.81202,331.1479,98.09235,151.0543,1,-5.69633,2.811943,59.72416,79.05456,50.41066,295.1789
425.1999,1,-5.880248,2.982041,62.63968,331.2703,99.27031,149.9828,1,-5.572527,2.893109,62.606,44.82888,61.80418,295.8998
425.3047,1,-5.716839,3.018953,65.49342,344.2116,101.8822,149.663,1,-5.435092,3.000165,65.48672,19.6014,73.95412,306.5876
425.4114,1,-5.490426,3.060585,68.36522,15.18591,112.1023,151.1359,1,-5.292523,3.045267,68.35828,14.38955,60.06592,313.8784
425.5186,1,-5.137129,3.04628,71.18998,33.69046,127.0663,172.703,1,-5.057992,2.983874,71.20959,49.73817,111.4158,355.9247
425.6272,1,-4.812981,2.979037,74.048,36.72958,141.5515,173.9784,1,-4.764091,2.796775,73.99857,72.68778,108.0216,327.0387
425.7349,1,-4.362001,2.867561,76.87063,14.42166,158.247,179.679,1,-4.37226,2.717353,76.83604,80.65214,126.5433,357.9613
425.8438,1,-3.853168,2.816628,79.71821,345.2165,176.3853,149.1636,1,-3.767041,2.761463,79.70514,74.04788,97.30242,322.9039
425.9533,1,-3.16793,2.88686,82.56958,353.2829,139.9671,107.1668,1,-3.26544,2.768945,82.41544,41.22216,245.0463,156.0538
426.0617,1,-2.097128,2.987167,85.36681,325.7312,111.9833,118.7385,1,-2.01952,2.774784,85.26151,9.511828,262.4463,167.2354
426.1647,1,-0.644884,2.989239,88.00301,337.6348,127.8929,152.9779,1,-0.5867265,2.793284,87.85793,25.31546,270.5267,161.2342
426.2689,1,1.155684,2.876315,90.41666,334.7998,127.0936,140.4485,1,1.212136,2.775753,90.21456,37.03453,291.9791,137.4911
426.3756,1,3.230131,2.714237,92.47141,287.346,97.55074,188.2162,1,3.368944,2.791697,92.32991,77.21304,325.2263,144.7441
426.4833,1,5.605406,2.709728,94.24496,305.7933,89.76151,245.3613,1,5.851493,2.925985,94.21033,57.96689,137.4887,305.1935
426.5844,1,8.150129,2.829953,95.86179,321.3191,193.9091,192.2197,1,8.371237,3.062129,95.84378,11.72492,144.1317,331.2791
426.6882,1,10.85373,2.976467,97.22626,324.9483,200.0919,163.5893,1,11.04648,3.056996,97.25027,355.0239,144.4737,321.9483
426.7888,1,13.60194,3.049514,98.4832,321.5941,183.6859,136.9014,1,13.8314,3.030133,98.48251,347.5146,130.7587,322.0314
426.8937,1,16.4799,3.046565,99.611,322.506,193.2707,93.5834,1,16.69616,2.984327,99.5701,329.4854,117.3449,320.9706
427.006,1,19.87845,3.022825,100.7714,323.9631,184.739,119.5168,1,19.96263,2.929661,100.7223,329.2389,111.9051,326.1269
427.1066,1,22.86363,2.983553,101.7179,337.4629,175.742,141.6648,1,22.84074,2.710799,101.6289,321.2202,91.85303,347.9962
427.2104,1,25.81333,2.950703,102.6989,330.5753,174.5304,153.8317,1,25.78224,2.666133,102.4787,338.985,102.4304,337.0647
427.3209,1,29.13199,2.877907,103.9548,316.8673,134.2048,152.4454,1,29.14429,2.738098,103.6439,24.17801,104.1542,347.2641
427.4321,1,32.35235,2.82798,105.38,289.7217,138.0998,153.3955,1,32.44746,2.797936,105.0708,34.60878,121.6086,308.5593
427.5454,1,35.48414,2.763923,107.0191,283.7409,93.22784,201.3298,1,35.65806,2.895581,106.8235,37.42823,129.1413,281.3674
427.6545,1,38.52707,2.720809,108.9218,285.6646,51.42189,246.0584,1,38.69759,2.922414,108.8473,38.36049,144.5608,315.851
427.7657,1,41.33034,2.751671,111.1551,303.3368,37.52672,279.0565,1,41.48701,2.985743,111.1825,34.72391,125.6066,306.5332
427.8776,1,43.84634,2.782598,113.7646,292.5602,28.37077,309.7415,1,44.01923,3.007546,113.8399,20.04207,132.4085,332.4237
427.9875,1,46.05248,2.831377,116.6783,299.8942,130.3363,223.4311,1,46.17752,3.027062,116.7686,8.078031,114.4747,323.8958
428.0989,1,47.76207,2.937462,119.8718,306.1528,146.1609,169.1072,1,47.88903,3.020769,120.018,0.3689557,96.92761,319.5498
428.2102,1,48.95872,2.971391,123.3369,302.8138,119.1955,132.129,1,49.08242,3.004208,123.4925,341.3137,70.69273,318.7782
428.3208,1,49.55824,2.910326,127.035,299.6057,115.4006,97.74202,1,49.65712,2.983111,127.1476,329.9487,50.10185,330.4353
428.4225,1,49.54074,2.880383,130.3039,282.9696,101.9141,128.2039,1,49.60478,2.960901,130.4017,320.0547,42.17391,339.6212
428.5358,1,48.79554,2.869858,133.9639,279.1332,88.75906,138.298,1,48.82504,2.934369,134.0756,313.907,25.01705,332.3932
428.6472,1,47.24347,2.839653,137.4326,271.1193,120.1559,92.43562,1,47.25062,2.909278,137.5317,313.0987,8.854589,326.7278
428.7586,1,44.9352,2.847343,140.4463,280.4516,190.0802,5.919986,1,44.91608,2.905617,140.5452,314.4732,357.373,327.7208
428.8702,1,41.94645,2.841619,142.8507,291.6664,197.5007,352.3328,1,41.90512,2.892232,142.9492,314.4033,343.5901,328.2266
428.9816,1,38.43941,2.830005,144.477,292.8404,189.0654,343.61,1,38.38221,2.877684,144.5663,312.8391,325.2451,329.8201
429.0935,1,34.61231,2.827047,145.1803,296.1451,175.9774,339.239,1,34.55124,2.866127,145.2749,312.8753,306.2894,334.0615
429.2049,1,30.71018,2.870211,144.8845,289.1046,23.70178,110.2248,1,30.63577,2.853321,144.991,333.6576,285.6368,330.6545
429.3162,1,26.98798,2.918539,143.5937,316.7885,349.8082,139.8041,1,26.89464,2.845375,143.6962,351.9118,265.9104,334.3285
429.4283,1,23.70056,2.939598,141.3753,301.7469,328.7915,153.7554,1,23.59791,2.846653,141.4414,341.7263,249.1176,335.6099
429.5399,1,21.13447,2.909995,138.3105,306.8905,312.1345,152.9637,1,21.02229,2.850448,138.3524,340.9795,231.2552,339.7561
429.6516,1,19.51427,2.901811,134.6392,305.3595,297.3026,150.9771,1,19.39185,2.851821,134.6485,341.3266,216.6754,348.0495
429.7627,1,18.967,2.907274,130.6385,304.4456,280.4903,152.1458,1,18.84612,2.854713,130.6116,340.706,199.9738,345.7803
429.8744,1,19.56138,2.908587,126.6114,301.7985,273.489,145.0645,1,19.40857,2.890796,126.5488,349.4881,179.701,347.1131
429.9846,1,21.26353,2.938992,122.8913,307.0212,260.696,142.4037,1,21.03197,2.944842,122.7278,355.7263,193.1203,289.1824
430.0964,1,23.86818,3.011355,119.8035,332.7453,232.8011,150.1501,1,23.71084,2.9838,119.5472,16.21809,223.49,314.4325
430.2069,1,27.1685,3.024689,117.542,346.3374,219.511,151.3596,1,27.06322,2.975658,117.3057,20.25279,193.0086,317.2917
430.3173,1,30.8572,3.017543,116.2434,346.1611,205.3789,150.5449,1,30.80846,2.953099,115.9868,12.09165,178.9264,315.7393
430.4287,1,34.68912,3.011329,115.8682,344.463,192.4012,149.7332,1,34.69623,2.953044,115.6059,16.19703,164.2798,315.6345
430.5387,1,38.44572,3.009234,116.3495,345.8453,179.2359,148.1414,1,38.51402,2.955449,116.0962,15.89733,152.3873,315.9511
430.6478,1,41.94774,3.007462,117.6163,346.0373,166.7385,147.8102,1,42.07222,2.956463,117.3817,15.63507,139.9485,315.993
430.7585,1,45.0477,3.007574,119.5681,346.1352,154.2056,148.0445,1,45.21756,2.956182,119.3649,15.63731,127.3226,315.6946
430.8701,1,47.61078,3.006319,122.0933,346.8813,141.95,146.9255,1,47.82158,2.95563,121.9315,15.43598,114.8413,315.4856
430.9813,1,49.55127,3.005603,125.0492,347.4425,129.6886,146.3885,1,49.79189,2.956481,124.9357,15.11552,103.2307,315.8831
431.0927,1,50.80551,2.989715,128.2789,336.9291,116.4711,145.4017,1,51.06539,2.975129,128.2325,11.95763,95.2407,319.8704
431.2042,1,51.3538,2.915432,131.5984,313.6547,95.41348,138.5024,1,51.57475,3.035957,131.6477,354.737,78.59957,318.7078
431.3151,1,51.26269,2.807891,134.8974,285.6723,71.0676,143.1908,1,51.34047,3.014996,135.0218,356.8162,73.17641,324.4805
431.426,1,50.55344,2.710183,138.0787,279.9022,305.9934,271.0238,1,50.45306,2.981323,138.1489,341.2501,35.9654,332.3337
431.5374,1,49.08979,2.757404,140.9021,310.6008,35.03265,226.1537,1,49.00748,2.880941,141.0145,306.5645,13.63163,326.9761
431.6484,1,46.96388,2.933077,143.1895,326.5306,40.49446,220.8812,1,46.92211,2.90029,143.4005,319.1269,1.997621,318.9603
431.7598,1,44.4435,2.987501,144.9276,311.3664,27.30447,148.151,1,44.3516,2.913107,145.1177,321.6695,346.8391,322.1479
431.8708,1,41.56466,2.98193,145.9573,309.1469,32.99516,122.2998,1,41.49266,2.920988,146.072,331.3102,331.549,331.68
431.9817,1,38.60624,2.940029,146.1827,311.3409,4.947996,145.27,1,38.54608,2.935992,146.2682,332.809,314.6158,336.9207
432.0932,1,35.79552,2.91422,145.6801,301.9077,352.4915,140.5087,1,35.69338,2.942872,145.7377,332.0298,301.3743,338.0602
432.2051,1,33.23708,2.880696,144.523,287.5219,348.8014,132.0953,1,33.09692,2.93715,144.5419,322.4431,295.5201,319.4685
432.3163,1,31.06967,2.85518,142.8308,290.6436,345.7957,123.8052,1,30.91859,2.935729,142.7957,322.8297,280.2378,313.2413
432.4278,1,29.40092,2.827481,140.7297,290.227,316.8325,139.7849,1,29.22947,3.002514,140.6791,338.0961,270.5248,322.4111
432.5387,1,28.25488,2.789836,138.3662,292.6677,270.6785,181.4446,1,28.00748,3.02402,138.2597,344.5486,266.8014,308.6866
432.6494,1,27.63519,2.779405,135.852,296.2941,252.151,192.3546,1,27.33058,2.991602,135.7425,14.76131,285.6488,325.7417
432.76,1,27.49727,2.789788,133.3255,288.6872,230.1142,203.868,1,27.15254,2.839767,133.2403,31.03278,276.4358,330.8764
432.8704,1,27.76653,2.812578,130.8725,287.9523,219.7891,202.8411,1,27.50054,2.766294,130.8102,43.37913,265.1122,336.8724
432.9806,1,28.38611,2.813055,128.5403,292.2394,215.5234,196.1508,1,28.15245,2.797889,128.4295,47.14272,255.5765,333.1317
433.0912,1,29.11968,2.758162,126.3534,296.4673,162.912,270.2155,1,29.07336,2.98441,126.1437,33.82142,236.955,313.2858
433.2032,1,30.09936,2.811216,124.2832,285.8509,285.9468,159.1724,1,30.29748,3.113577,124.192,354.9195,225.1858,334.2884
433.3143,1,31.43483,2.802535,122.4564,292.3596,241.4637,194.792,1,31.65355,3.041904,122.4674,333.9245,207.9348,333.3513
433.4252,1,32.94098,2.756534,120.8547,298.5256,261.5248,177.4894,1,33.11925,2.935382,120.8966,303.5127,174.5456,338.4983
433.5363,0,0,0,0,0,0,0,1,34.72255,2.891035,119.5866,299.9586,167.243,328.4459
433.6471,1,36.36896,2.812346,118.6185,317.0852,213.1863,206.5248,1,36.4811,2.931596,118.5685,311.7857,162.9664,324.2396
433.7572,1,38.18873,2.850731,117.9366,313.5599,189.8097,190.7775,1,38.33189,2.954366,117.8705,317.1921,156.0661,318.9624
433.8678,1,40.04118,2.845605,117.5479,308.7856,179.315,196.9559,1,40.1921,2.947645,117.5099,315.8073,147.9206,320.0912
433.9792,1,41.86509,2.841182,117.449,307.6655,172.8826,193.8664,1,42.01957,2.942735,117.4419,315.1358,139.3069,319.0776
434.091,1,43.62399,2.837586,117.6179,307.7476,165.7281,192.5433,1,43.77636,2.942026,117.6397,314.4754,130.8715,318.5499
434.2022,1,45.27863,2.836918,118.029,305.6972,159.1812,190.2427,1,45.42753,2.938694,118.0734,314.7194,122.704,317.9056
434.3132,1,46.80175,2.835019,118.6405,305.6286,151.9605,188.8484,1,46.94182,2.937847,118.7068,315.3747,114.8424,317.6037
434.4245,1,48.17216,2.836131,119.4209,305.5014,144.1929,188.8051,1,48.30325,2.937236,119.5059,315.6098,107.2298,317.5203
434.536,1,49.38187,2.836708,120.3346,305.3899,136.5155,189.3566,1,49.50003,2.937083,120.4336,315.9059,99.76402,317.5687
434.6476,1,50.42321,2.83655,121.3452,305.1257,129.0022,189.6461,1,50.52885,2.936065,121.4584,316.2486,92.64358,317.6662
434.7584,1,51.29734,2.835904,122.4233,305.3283,122.5829,189.4109,1,51.3899,2.935745,122.5477,316.238,85.93571,317.7455
434.8698,1,52.01162,2.833339,123.5406,305.4166,116.095,189.4568,1,52.08648,2.936092,123.6707,317.355,80.2279,316.9252
434.981,1,52.57205,2.832688,124.669,305.7913,110.4355,188.9499,1,52.63154,2.937522,124.8044,318.2911,74.11556,317.4816
435.0919,1,52.99184,2.833799,125.7895,306.699,105.3063,188.2763,1,53.03809,2.938877,125.9286,318.2122,68.41168,317.6235
435.2033,1,53.28457,2.833475,126.8853,307.4357,100.684,187.4475,1,53.31812,2.938735,127.0285,318.2952,62.87827,317.5955
435.3148,1,53.46452,2.832771,127.9412,307.3078,95.76744,187.2085,1,53.48538,2.940057,128.0848,318.1987,57.72614,318.0125
435.4258,1,53.54735,2.833316,128.9452,307.5863,90.94537,187.1949,1,53.55637,2.940198,129.0901,318.0626,53.01932,317.8718
435.5376,1,53.54823,2.832909,129.8895,308.1374,86.79862,186.6551,1,53.54586,2.940343,130.0343,318.0721,48.45334,317.9861
435.6486,1,53.48212,2.832717,130.7702,309.0559,82.41632,186.6657,1,53.46858,2.941681,130.9118,317.8904,44.29828,318.4345
435.7599,1,53.35275,2.831408,131.6401,309.198,77.84387,186.8059,1,53.32856,2.942756,131.777,317.8217,40.3372,318.4358
435.8704,1,53.15376,2.830949,132.5212,309.3248,73.46117,186.7271,1,53.11942,2.944254,132.6528,317.8613,36.04754,318.3563
435.9813,1,52.88057,2.831887,133.4081,309.8482,69.2306,186.6696,1,52.83644,2.944158,133.5369,317.8908,31.60613,318.2811
436.092,1,52.53052,2.831252,134.2949,309.6445,64.72269,186.4471,1,52.475,2.942061,134.4228,317.9383,26.91111,317.9527
436.2037,1,52.09904,2.830564,135.1744,309.5788,60.00353,186.3133,1,52.03124,2.940161,135.3002,318.2727,21.37922,317.6043
436.315,1,51.58221,2.830301,136.0395,309.4904,55.14722,186.102,1,51.50282,2.939053,136.1602,318.2924,16.51641,317.3765
436.4261,1,50.97583,2.829991,136.8826,309.4641,50.13492,186.1187,1,50.88588,2.938636,136.9958,318.5994,11.33269,317.3477
436.537,1,50.27896,2.83019,137.6913,309.455,45.05131,186.0461,1,50.17849,2.938342,137.7967,318.8674,6.065321,317.3219
436.6469,1,49.49143,2.830394,138.4559,309.4619,39.87154,185.9958,1,49.38181,2.938162,138.5516,318.7872,0.8622546,317.2413
436.7585,1,48.6145,2.830282,139.1634,309.4519,34.41994,186.1227,1,48.49665,2.937992,139.2482,318.7349,355.5227,317.3149
436.8703,1,47.65339,2.830788,139.7979,309.4525,28.88724,186.1246,1,47.52678,2.937677,139.8713,318.8648,350.0195,317.3033
436.9812,1,46.61156,2.831609,140.3491,309.4698,23.17977,186.2009,1,46.47779,2.937382,140.4102,319.0479,344.2236,317.2809
437.0928,1,45.4957,2.832878,140.8049,309.6422,17.15969,186.7745,1,45.35654,2.937232,140.8523,319.0372,338.6031,317.2814
437.2038,1,44.31441,2.831782,141.1539,309.5623,11.48296,186.4485,1,44.17037,2.936603,141.1866,318.985,332.7833,317.1088
437.3148,1,43.07875,2.832298,141.3833,309.5741,5.607244,186.2943,1,42.93056,2.93645,141.4011,318.9265,326.764,316.979
437.4258,1,41.79844,2.832456,141.484,309.6117,359.5762,186.1561,1,41.64881,2.936207,141.4858,318.9547,320.6174,317.0297
437.5374,1,40.48879,2.832928,141.4456,309.5887,353.3291,186.0836,1,40.33913,2.936275,141.4308,318.9675,314.3741,317.0555
437.6483,1,39.16464,2.834153,141.2601,309.7099,346.9904,186.0988,1,39.0179,2.936266,141.2285,318.9555,308.044,317.0712
437.76,1,37.84538,2.833766,140.9212,309.6698,340.4129,186.1878,1,37.70305,2.936187,140.8732,318.9665,301.5833,317.0867
437.871,1,36.55251,2.834101,140.4259,309.7029,333.8392,186.1735,1,36.41609,2.936382,140.3619,318.8804,294.9988,316.8548
437.9822,1,35.30469,2.833457,139.7725,309.744,326.8936,186.2517,1,35.17704,2.939637,139.6952,319.2607,288.1724,316.9626
438.0938,1,34.12452,2.832947,138.9654,309.9404,319.8323,186.0298,1,34.00693,2.941575,138.8742,319.5419,281.4874,317.2753
438.2049,1,33.05246,2.833125,138.03,310.1136,312.9777,185.911,1,32.94667,2.940527,137.9244,319.4769,274.8608,317.2492
438.3159,1,32.13656,2.833703,137.022,310.564,306.2917,186.2805,1,32.04357,2.940218,136.905,319.208,268.5611,317.2011
438.4274,1,31.37499,2.833982,135.9696,310.6991,299.929,186.8607,1,31.2944,2.94045,135.8444,319.3155,262.2467,317.3503
438.5383,1,30.75869,2.833641,134.8981,310.898,293.9762,186.9821,1,30.69234,2.939847,134.7658,319.26,256.4995,317.2531
438.6493,1,30.27908,2.833138,133.8288,311.2565,288.5652,187.1489,1,30.22588,2.939763,133.6911,319.2672,250.9331,317.2816
438.7608,1,29.92341,2.83376,132.7796,311.3462,283.283,187.1259,1,29.88287,2.939551,132.6371,319.2334,245.5905,317.4107
438.8717,1,29.67773,2.833781,131.7647,311.367,278.3876,187.0388,1,29.64937,2.939101,131.6185,319.237,240.6577,317.3132
438.9828,1,29.52846,2.83412,130.7954,311.4141,274.0246,186.825,1,29.51095,2.939301,130.6466,319.1234,235.9485,317.3454
439.0945,1,29.45965,2.834221,129.8796,311.3958,269.7479,186.7359,1,29.45395,2.939207,129.7298,319.0494,231.6337,317.3724
439.2053,1,29.45919,2.834032,129.0245,311.5703,265.892,186.6033,1,29.46403,2.939134,128.8746,319.1415,227.4906,317.3738
439.3148,1,29.51231,2.834815,128.2353,311.7228,262.0513,186.6721,1,29.5271,2.938897,128.0846,319.0312,223.8182,317.3426
439.4259,1,29.60703,2.83467,127.5121,311.9907,258.5759,186.8278,1,29.63072,2.939038,127.3636,319.088,220.2868,317.3854
439.5374,1,29.73222,2.833217,126.8579,311.9431,255.4567,186.7531,1,29.76357,2.93823,126.712,319.0255,217.086,317.3538
439.6483,1,29.87525,2.831785,126.2728,311.8924,252.6579,186.7545,1,29.91529,2.936007,126.1305,318.7722,214.2486,317.4146
439.7598,1,30.0271,2.828917,125.7549,311.8981,250.1279,186.6805,1,30.07533,2.934009,125.6173,318.1554,211.6378,317.756
439.8711,1,30.1827,2.827617,125.3054,311.7997,248.0839,186.4239,1,30.23547,2.933959,125.1688,318.0042,209.1489,317.5274
439.9821,1,30.33125,2.828813,124.9217,311.7248,246.0482,186.5541,1,30.3882,2.934363,124.7866,318.0762,207.0037,317.5874
440.0934,1,30.46788,2.828539,124.5993,311.7305,244.4186,186.5106,1,30.52876,2.934133,124.4658,318.1318,205.1531,317.5656
440.2042,1,30.61084,2.828844,124.2876,311.6389,242.6077,186.6705,1,30.67529,2.934419,124.1556,318.1598,203.1902,317.4738
440.3154,1,30.77183,2.829161,123.9613,311.4814,240.8001,186.5408,1,30.84048,2.934971,123.8318,318.1996,201.5297,317.6168
440.4269,1,30.95537,2.830484,123.6189,311.4853,238.9487,186.652,1,31.02797,2.935416,123.4913,318.2797,199.6774,317.9433
440.5379,1,31.16707,2.830867,123.2517,311.3424,236.6601,186.7763,1,31.24501,2.934908,123.126,318.3181,197.5827,317.7132
440.649,1,31.41209,2.83,122.8615,311.3468,234.5539,186.6628,1,31.49445,2.934885,122.7389,318.418,195.2321,317.7531
440.7602,1,31.69273,2.829219,122.4514,311.1931,232.4789,186.1704,1,31.7801,2.935178,122.3323,318.3676,192.911,317.7468
440.8716,1,32.01388,2.829787,122.0232,311.1656,229.9603,186.1248,1,32.107,2.935015,121.9073,318.27,190.3614,317.6795
440.9821,1,32.37957,2.830811,121.5794,311.2079,227.0993,186.4039,1,32.47766,2.93524,121.4681,318.3181,187.5471,317.7818
441.0926,1,32.79253,2.830542,121.1254,311.1662,224.2236,186.3922,1,32.89583,2.935324,121.0198,318.3257,184.6559,317.8203
441.2041,1,33.25617,2.830971,120.6669,311.1996,221.0201,186.5191,1,33.36482,2.935458,120.5669,318.3379,181.5299,317.7157
441.315,1,33.77352,2.829831,120.2092,311.2207,217.7856,186.2901,1,33.8874,2.935577,120.1156,318.4434,178.213,317.7388
441.4261,1,34.34673,2.829102,119.7587,311.2387,214.5308,185.942,1,34.46642,2.935495,119.6719,318.5061,174.7346,317.6978
441.5373,1,34.97714,2.829603,119.3242,311.2968,210.8997,185.749,1,35.10276,2.935774,119.2446,318.5444,171.1646,317.6817
441.6477,1,35.6627,2.830358,118.9145,311.3614,207.1332,185.5417,1,35.78503,2.946485,118.8444,318.6183,167.3181,317.8077
441.7584,1,36.40039,2.831579,118.551,310.655,204.5683,183.2384,1,36.52446,2.978011,118.4659,322.2544,173.058,316.1453
441.8658,1,37.09237,2.809155,118.281,307.2456,202.4721,159.729,1,37.23501,2.994429,118.1533,337.093,174.4597,307.5291
441.9783,1,37.94172,2.783647,117.9912,306.6664,214.628,126.4614,1,38.07184,3.007407,117.8529,338.7536,169.613,310.2477
442.0909,1,38.82312,2.795042,117.7471,299.2535,210.2491,119.3334,1,38.94292,3.023125,117.6205,343.0607,167.7597,325.4395
442.2049,1,39.74908,2.804403,117.5735,273.8952,268.573,60.75008,1,39.86211,3.02286,117.4645,341.648,163.5458,327.3131
442.3092,1,40.57899,2.815522,117.4911,270.7977,230.5112,105.0201,1,40.70108,3.020658,117.3795,340.9084,160.699,328.9384
442.4209,1,41.57105,2.829117,117.4692,285.6277,148.9919,191.4003,1,41.68722,3.032079,117.3343,343.5655,165.8324,332.2404
442.5283,1,42.46906,2.885678,117.5272,299.2886,211.5746,115.8791,1,42.5667,3.050315,117.2921,6.808878,174.2285,333.9301
442.6298,1,43.36963,2.930889,117.6301,297.1668,195.2188,129.904,1,43.48346,2.993196,117.2963,28.52184,172.3054,319.5002
442.7376,1,44.26207,2.911824,117.7663,304.9393,165.4868,164.3026,1,44.39711,2.903845,117.4013,47.83802,186.2875,340.2682
442.8395,1,45.18505,2.865924,117.9627,304.3601,165.0439,157.767,1,45.29569,2.840205,117.6278,52.42871,180.8228,339.0342
442.9484,1,46.10732,2.872856,118.2204,292.8288,180.7549,131.7504,1,46.20367,2.832858,117.9298,58.80522,179.541,342.4436
443.0562,1,47.04475,2.905577,118.5539,306.7637,173.2857,132.2719,1,47.11418,2.814213,118.2798,61.10043,175.5617,342.8783
443.1659,1,47.984,2.959869,118.951,321.4709,167.6568,139.9757,1,48.01869,2.780694,118.6941,64.94135,202.0847,16.16393
443.2757,1,48.90379,2.987607,119.3925,325.561,172.8537,134.348,1,48.89162,2.737896,119.1831,63.65265,210.6948,39.43889
443.3813,1,49.81394,2.977838,119.905,322.4866,165.5542,136.5175,1,49.75072,2.767704,119.713,53.03179,292.7119,152.0663
443.4894,1,50.70541,2.958726,120.4707,326.7832,149.7374,139.5661,1,50.66547,2.770055,120.3326,58.61153,264.3749,148.9487
443.5984,1,51.56561,2.934193,121.1049,317.4553,146.4231,141.5331,1,51.58038,2.789987,121.0003,66.34697,147.2316,30.8952
443.7057,1,52.40487,2.924361,121.7851,300.675,153.248,132.9621,1,52.4707,2.804736,121.6829,35.27452,79.11001,340.9576
443.8079,1,53.22898,2.895648,122.496,291.8953,172.2022,101.8592,1,53.35159,2.820405,122.4459,39.13932,76.65337,333.2262
443.9167,1,54.08186,2.838506,123.2209,291.8926,180.7488,83.33903,1,54.19949,2.925009,123.2264,19.61978,72.8869,329.2888
444.0316,1,54.94794,2.803124,123.9981,293.6353,179.3828,87.80923,1,55.12725,2.969656,124.0562,320.5854,100.5195,317.8551
444.1417,1,55.81526,2.801488,124.8283,288.2409,182.0693,87.44646,1,56.08139,2.988645,124.8633,323.5381,110.1241,284.3319
444.252,1,56.67829,2.80518,125.6878,285.7923,175.8787,97.11942,1,56.94905,3.058033,125.6905,355.037,116.1832,315.3713
444.3604,1,57.53048,2.815292,126.5838,286.6507,164.7739,114.8486,1,57.88502,3.039114,126.4913,9.757978,127.0904,332.4136
444.4697,1,58.40303,2.827383,127.5309,281.5783,153.6513,132.9452,1,58.76325,2.853442,127.3533,45.39053,139.1096,325.2422
444.5802,1,59.30994,2.855906,128.4982,283.3964,154.0096,132.8546,1,59.47458,2.693428,128.3245,77.13744,198.6357,33.45101
444.6866,1,60.22636,2.891452,129.4994,298.5648,154.2627,129.8015,1,60.21683,2.710675,129.3857,54.2468,245.3951,90.03044
444.7951,1,61.17251,2.98513,130.5006,341.0911,136.7154,142.3457,1,61.09555,2.795863,130.3761,34.56075,279.9841,149.7696
444.9039,1,62.19344,3.047853,131.4474,356.945,144.0023,147.82,1,62.08785,2.852634,131.3355,67.45118,238.0409,133.4852
445.0134,1,63.26406,3.049573,132.3386,8.69245,154.1818,148.7968,1,63.20188,2.828687,132.2848,67.13698,126.3135,42.80753
445.1227,1,64.38412,3.012041,133.1729,21.85557,171.525,155.9421,1,64.30951,3.024464,132.9007,45.80901,81.89849,329.2107
445.2418,1,65.71561,2.911767,134.076,48.54576,192.2231,165.0967,1,65.61775,3.037343,133.8699,46.47299,113.3515,298.1358
445.3426,1,66.91558,2.918122,134.8752,42.53554,193.3742,162.3273,1,66.89046,2.990827,134.7153,33.79182,146.1069,295.7384
445.449,1,68.23225,3.002614,135.5979,21.87266,184.663,150.5975,1,68.19193,2.892944,135.3994,52.7271,152.5321,309.8548
445.5554,1,69.59663,3.031448,136.1964,13.49818,187.6364,160.108,1,69.4876,2.83392,136.0214,56.0327,163.3957,338.4162
445.6643,1,71.01709,3.00894,136.6583,18.42479,195.5426,159.5548,1,70.90659,2.823123,136.5261,58.01483,169.0997,339.6391
445.7736,1,72.48078,3.00478,137.0274,18.65348,199.6729,158.4666,1,72.36713,2.825325,136.8981,53.93972,177.0228,352.6052
445.8816,1,73.95514,3.05828,137.364,5.047157,183.1146,158.453,1,73.89047,2.839718,137.1528,52.87243,178.4756,346.6187
445.9944,1,75.65023,2.987781,137.6895,341.1305,162.2311,141.5494,1,75.61093,2.893732,137.3138,55.71249,178.3871,340.561
446.1013,1,77.13078,2.717758,137.6981,288.7143,155.4905,152.7172,1,77.13859,2.901675,137.3663,56.15393,182.2817,341.0133
446.21,1,78.57866,2.632176,137.4207,303.2819,70.90649,263.1957,1,78.72112,2.978045,137.347,11.56238,180.5538,311.825
446.3177,1,80.02036,2.810807,137.2965,301.1938,57.78074,335.4803,1,80.24805,3.085889,137.3355,344.7371,170.3331,323.3831
446.4334,1,81.69421,2.869592,137.1718,318.2374,215.9888,171.6196,1,81.8656,3.043839,137.2137,326.6219,139.7792,343.2285
446.538,1,83.05476,2.895007,137.1087,318.9166,216.7722,128.9489,1,83.25419,3.023339,137.0433,331.5482,147.8737,332.3171
446.6454,1,84.41917,2.845083,137.0121,312.4795,179.5772,128.8626,1,84.59549,3.059658,136.7867,345.6108,167.8678,332.0872
446.7541,1,85.75212,2.822701,136.8815,304.1837,165.2489,167.8041,1,85.85298,3.02786,136.5685,6.534508,182.6438,329.8369
446.8567,1,87.02299,2.853245,136.7291,287.2616,171.087,173.2751,1,87.05104,2.844027,136.3779,47.32097,191.9958,317.2152
446.9627,1,88.24986,2.905809,136.5746,316.97,213.0945,126.6256,1,88.18885,2.76556,136.2882,60.03179,196.5534,337.7579
447.076,1,89.56815,2.985105,136.4064,324.2708,195.2702,152.2059,1,89.47515,2.769568,136.1598,62.98133,212.1055,356.0761
447.1846,1,90.64095,2.887374,136.2081,317.7973,163.3786,155.9123,1,90.59365,2.883045,135.9515,68.69161,193.9583,329.7269
447.2919,1,91.57711,2.654296,135.9097,292.8906,90.87183,233.0735,1,91.67624,3.099839,135.7774,12.53321,178.0475,321.6131
447.4065,1,92.59035,2.820648,135.6901,324.9501,212.4937,212.4782,1,92.82199,3.062103,135.7549,331.862,163.6612,328.9684
447.5109,1,93.4996,2.980774,135.563,325.0708,226.0278,186.7212,1,93.74088,2.937887,135.5709,301.6065,144.2073,331.7031
447.6221,1,94.49699,3.014651,135.4778,320.2954,220.9958,161.3646,1,94.68439,2.796471,135.3363,301.6915,101.1264,5.689524
447.7222,1,95.37272,2.958447,135.2865,313.5668,203.8942,120.8159,1,95.3988,2.685718,135.0428,325.8621,118.9648,345.5807
447.8277,1,96.25539,2.926563,135.0813,325.248,206.721,122.0185,1,96.16959,2.752346,134.7842,343.4514,98.02872,336.357
447.9384,1,97.14527,2.897612,134.8792,316.641,205.4821,144.1148,1,97.0481,2.739139,134.5224,327.4673,144.9876,307.7039
448.0504,1,97.9688,2.864787,134.7162,311.3396,182.3522,129.2063,1,97.92244,2.771113,134.4018,343.9277,155.8847,289.7844
448.161,1,98.78483,2.806531,134.5953,293.7157,190.6257,137.6203,1,98.82209,2.824364,134.3104,26.56073,180.7064,271.4009
448.2723,1,99.61445,2.76291,134.461,280.8763,189.5887,141.8506,1,99.71848,2.914037,134.2056,53.62185,177.217,303.6485
448.3838,1,100.4773,2.750419,134.3675,278.3677,112.8661,226.1235,1,100.6058,2.976838,134.1176,12.67557,188.5199,327.9933
448.4946,1,101.3335,2.754318,134.3165,276.7546,103.6424,242.0804,1,101.5076,3.000889,134.1145,8.720753,180.5264,304.7323
448.6055,1,102.2137,2.773059,134.3029,273.1429,54.84813,284.0499,1,102.3764,3.022918,134.1427,2.651937,172.7199,302.0652
448.7169,1,103.0935,2.804691,134.3194,280.1352,226.6904,100.2273,1,103.2631,3.028766,134.1888,354.4359,174.3932,305.1663
448.8282,1,103.9732,2.810068,134.3618,277.6186,215.9223,112.1461,1,104.1386,3.021071,134.2409,353.5086,168.2566,301.9606
448.9388,1,104.852,2.812645,134.429,278.3146,126.0178,212.0608,1,105.0251,3.011242,134.348,342.1047,157.3332,297.0593
449.0504,1,105.7095,2.78556,134.4711,291.7661,65.37724,272.4246,1,105.8663,3.002014,134.5167,329.4984,148.3368,311.2353
449.1615,1,106.5438,2.789268,134.6198,293.271,77.11961,279.8516,1,106.7162,2.961929,134.6783,319.732,144.0894,304.9284
449.2726,1,107.4148,2.788453,134.8106,291.832,60.61278,284.0296,1,107.573,2.973758,134.8535,326.2294,141.6019,305.9252
449.3837,1,108.2674,2.796301,135.0403,291.6593,53.23815,287.5006,1,108.4284,2.983349,135.0755,329.2933,138.4149,307.2664
449.4948,1,109.1148,2.803961,135.3159,291.2363,52.84719,284.1208,1,109.2808,2.994637,135.3443,330.0952,138.854,307.4117
449.6057,1,109.9626,2.800703,135.6312,288.5006,56.40652,276.382,1,110.1287,2.990898,135.6693,329.9797,135.7199,305.9301
449.7168,1,110.814,2.799388,135.9982,287.632,62.41661,268.2885,1,110.9792,2.987714,136.0481,330.0515,132.8467,305.1764
449.8295,1,111.6658,2.799517,136.4193,287.9969,57.85726,269.8545,1,111.8274,2.987798,136.478,330.261,129.8536,305.2896
449.9295,1,112.4112,2.798131,136.8361,287.7954,56.91973,267.853,1,112.5691,2.987887,136.9027,330.3844,127.1296,305.0636
450.032,1,113.1532,2.796749,137.3014,287.7697,54.11849,267.72,1,113.3073,2.987696,137.376,330.346,124.1729,304.9089
450.1447,1,113.9921,2.796435,137.8939,287.6159,53.12153,265.2014,1,114.1423,2.987646,137.9763,330.0156,121.0765,304.727
450.2565,1,114.8167,2.795932,138.5516,287.7097,51.12265,263.7236,1,114.9624,2.987795,138.6414,329.9029,117.7419,304.9372
450.3675,1,115.622,2.795127,139.2749,287.5667,49.14286,262.1183,1,115.7625,2.987899,139.3724,329.9921,114.1696,304.9873
450.4792,1,116.4005,2.794564,140.0654,287.5175,45.20271,262.5097,1,116.5363,2.987326,140.1711,329.9583,110.717,304.8702
450.59,1,117.147,2.793605,140.9219,287.2095,41.70229,262.2195,1,117.2766,2.987729,141.0366,329.6533,107.38,304.9988
450.7014,1,117.8553,2.791351,141.8466,286.7319,37.66416,262.437,1,117.9764,2.987635,141.9691,329.6052,103.7315,305.0412
450.8131,1,118.5164,2.791131,142.8386,286.6042,30.68525,265.6223,1,118.6301,2.987769,142.9684,329.7993,99.59453,305.347
450.925,1,119.1241,2.790413,143.896,286.46,26.24146,266.4407,1,119.2283,2.987959,144.0329,330.6435,94.92247,306.8794
451.0347,1,119.6709,2.785357,145.019,285.8324,9.908347,280.8921,1,119.7654,2.986491,145.1595,331.2137,90.2555,305.8808
451.1459,1,120.1477,2.783821,146.2015,285.8952,1.730186,287.8728,1,120.2331,2.988333,146.3397,330.5997,86.06756,303.1875
451.2578,1,120.5476,2.785259,147.4382,285.625,353.3698,292.8378,1,120.6215,2.990486,147.574,330.6957,82.24931,304.267
451.3681,1,120.8641,2.785131,148.7281,285.291,350.5251,291.21,1,120.9281,2.989364,148.8732,330.371,78.32567,303.9305
451.4799,1,121.0889,2.784656,150.0648,285.3622,345.4931,291.8102,1,121.1417,2.988134,150.2162,330.5655,73.88422,303.7434
451.5905,1,121.2138,2.784908,151.4402,285.3456,341.2451,291.6705,1,121.2554,2.987718,151.5987,330.6026,69.46382,303.4474
451.7017,1,121.219,2.791196,152.8499,286.784,332.5469,291.6165,1,121.2786,2.998061,153.0168,336.6923,69.87402,299.5212
451.8129,1,121.0801,2.839998,154.2898,276.7016,138.8317,103.7721,1,121.2598,3.023731,154.4747,357.9791,72.00029,298.6117
451.9236,1,120.8387,2.90487,155.7618,299.5283,120.4561,106.8083,1,121.1607,2.971175,155.9341,29.2172,78.08822,319.1421
452.0344,1,120.5167,2.915024,157.1945,294.7944,100.8464,131.1091,1,120.8791,2.814021,157.3394,67.40679,88.90945,337.5008
452.1449,1,120.1279,2.875462,158.6256,297.5419,56.94231,176.8835,1,120.3815,2.715281,158.6623,68.79104,98.9371,349.852
452.2559,1,119.6653,2.856143,160.0259,294.1771,68.55377,157.1918,1,119.8442,2.717984,160.0228,65.94215,126.8423,52.94217
452.3677,1,119.1423,2.8557,161.3472,292.5482,62.53838,158.704,1,119.3348,2.756601,161.3603,58.92527,191.5966,139.6462
452.4765,1,118.6719,2.86116,162.4372,290.9521,65.70409,156.3625,1,118.8934,2.764141,162.4744,52.90404,221.0719,142.1579
452.5831,1,118.1992,2.873348,163.477,288.6099,78.16232,145.455,1,118.4962,2.820771,163.5783,76.02436,6.549984,262.4629
452.6852,1,117.733,2.874419,164.4704,291.4845,76.62232,143.9152,1,118.0519,2.897929,164.6139,56.28602,36.94324,306.1323
452.7914,1,117.2765,2.863214,165.4012,294.63,73.47534,141.9344,1,117.5576,2.909785,165.5941,35.40431,58.0691,325.6088
452.9049,1,116.7827,2.814854,166.3955,288.0044,69.73416,141.8785,1,117.012,2.925149,166.5766,42.85983,51.01781,321.5152
453.0115,1,116.3464,2.78702,167.211,278.369,70.21281,139.7977,1,116.5504,2.949178,167.3955,42.12027,47.91394,322.9609
453.1244,1,115.8609,2.778434,168.083,276.9516,40.21493,170.1768,1,116.036,2.963944,168.2818,28.7041,40.97718,318.6338
453.2311,1,115.4319,2.766525,168.7993,273.1993,20.3473,189.5259,1,115.5993,2.971138,169.002,24.47593,39.96407,321.207
453.3443,1,114.95,2.769697,169.5448,271.0243,336.7752,234.7715,1,115.1179,2.969121,169.7556,25.21463,39.79179,322.0837
453.4641,1,114.4817,2.781085,170.2234,271.5441,333.5949,238.2152,1,114.659,2.956082,170.4457,24.11098,38.36163,318.9847
453.5657,1,114.0964,2.786016,170.7707,273.039,30.81575,178.9841,1,114.2752,2.945521,171.0045,23.34485,37.38092,317.4592
453.6657,1,113.7287,2.789247,171.2736,276.4871,39.59562,169.1917,1,113.9097,2.941659,171.5104,23.79785,37.10812,317.5345
453.7741,1,113.3762,2.807043,171.7198,276.8222,59.45424,149.6979,1,113.574,2.918737,171.9685,29.6205,36.83735,316.1602
453.888,1,113.0097,2.829847,172.1736,281.1713,111.6455,95.02996,1,113.2341,2.897959,172.4345,36.56308,27.19424,309.1444
453.9951,1,112.7308,2.845406,172.5194,326.0978,78.04134,98.7282,1,112.9938,2.893045,172.7768,26.54911,33.65774,281.3084
454.1086,1,112.4585,2.893503,172.8365,336.3132,83.16743,88.12643,1,112.7522,2.919224,173.0928,17.20474,24.41713,263.8077
454.216,1,112.2576,2.924955,173.0947,336.8444,93.8522,78.01579,1,112.557,2.938345,173.3327,9.754986,20.18526,254.8794
454.3193,1,112.0684,2.931113,173.3268,341.8191,101.2682,70.4986,1,112.3785,2.947455,173.5635,7.308141,15.7268,250.8884
454.4263,1,111.9056,2.932231,173.5179,344.5613,95.2308,73.30796,1,112.2059,2.959573,173.7636,6.579655,14.04409,249.4332
454.5336,1,111.7632,2.922111,173.6831,342.7064,96.62369,74.69611,1,112.059,2.949852,173.9401,4.303256,14.97494,249.882
454.637,1,111.6569,2.864968,173.8207,334.5494,109.0089,83.99459,1,111.9281,2.889929,174.0374,29.02205,357.3214,267.89
454.7442,1,111.5515,2.712538,173.9276,318.6255,88.13657,124.6437,1,111.8112,2.743941,174.1536,39.64228,32.38523,327.7623
454.8523,1,111.4965,2.656668,174.0062,344.1582,70.27594,163.461,1,111.7271,2.696408,174.2321,8.884227,47.30186,348.2472
