TimeSinceStart,HeadPosX,HeadPosY,HeadPosZ,HeadRotX,HeadRotY,HeadRotZ
0,0.06369895,3.209392,0.04614957,17.03557,23.38601,358.7516
0.1184616,0.05806383,3.220015,0.03817529,11.93059,22.12748,358.381
0.2240143,0.05757374,3.221663,0.03779164,11.12562,21.71044,358.1974
0.3316078,0.05685854,3.222986,0.03753672,10.35529,21.02436,357.9991
0.4405022,0.05378319,3.230091,0.03641387,6.856979,19.64252,357.6859
0.5477657,0.04583041,3.239172,0.03342164,1.630126,15.93055,357.2588
0.650671,0.03783494,3.244398,0.03082488,358.9293,12.52945,357.547
0.7541981,0.03080951,3.243768,0.02961801,359.709,9.807929,358.1808
0.8694839,0.02427469,3.246967,0.02932603,358.4214,8.163433,358.699
0.9705448,0.02077453,3.246356,0.02790331,358.9465,7.074171,359.332
1.072929,0.01710129,3.247094,0.02647685,358.87,5.335976,359.6855
1.18927,0.01322579,3.249977,0.02364949,357.2868,3.45663,359.9164
1.289904,0.01034453,3.252902,0.02064063,355.5893,2.215434,-0.00532634
1.40642,0.007926811,3.254495,0.01769144,354.5429,1.142817,0.0824289
1.518982,0.006134518,3.255549,0.01534482,354.0121,0.2784877,359.8528
1.622072,0.004716331,3.256203,0.01488549,353.7869,359.6629,359.7766
1.727875,0.004300429,3.256469,0.01472931,353.8433,359.1451,-0.0009680029
1.835861,0.004863547,3.255866,0.01496508,353.9667,358.6757,359.9395
1.945166,0.005069184,3.255146,0.01572118,354.4328,358.2414,359.8676
2.052322,0.004521787,3.253654,0.0164894,355.1905,356.997,0.1352585
2.160139,0.00166085,3.252037,0.01665039,355.9306,354.3987,0.6559356
2.268215,-0.003737777,3.250988,0.01686698,356.1038,349.9206,0.7437825
2.376596,-0.006811085,3.250601,0.01722709,356.1481,347.8917,1.198817
2.485048,-0.009925181,3.252207,0.01821339,355.6074,346.4517,1.646798
2.594257,-0.01093029,3.25177,0.02009286,355.5588,345.4755,1.840515
2.702225,-0.01022972,3.250994,0.02081931,356.2051,344.9877,1.041962
2.810711,-0.009638637,3.250502,0.02144508,356.0071,345.2673,0.1236996
2.920275,-0.009914421,3.250562,0.02336239,355.7234,345.8132,359.585
3.021837,-0.009480751,3.246765,0.02577737,357.1986,346.4242,359.0018
3.129343,-0.007208006,3.24623,0.02636679,358.2632,346.5529,358.4337
3.238321,-0.004038862,3.246147,0.02624892,358.3514,346.6608,357.6946
3.339455,-0.00204914,3.245214,0.02472435,358.6896,347.063,357.1542
3.442085,-0.0005231053,3.244607,0.02310682,359.0103,347.5737,356.7699
3.555296,-0.0007338896,3.245217,0.02261688,359.2927,348.3224,356.8027
3.669542,-0.003283245,3.244985,0.02227858,359.9353,348.9377,357.2608
3.783361,-0.006038291,3.243905,0.02264026,0.4883248,348.8061,358.3271
3.88448,-0.008351168,3.242297,0.02478688,1.892162,348.5914,358.7056
3.995472,-0.008860066,3.238482,0.03173424,3.839693,347.3597,0.1217129
4.111286,-0.008654665,3.238263,0.04503667,4.298289,346.6671,359.6797
4.213545,-0.008458888,3.238333,0.06183986,4.157904,346.1331,359.7591
4.321148,-0.00775808,3.239897,0.08842853,3.158746,346.1337,359.4171
4.428391,-0.00802171,3.241449,0.1262237,2.290175,346.2764,359.9848
4.540073,-0.008417024,3.241218,0.1756141,1.890151,345.7203,359.8261
4.654428,-0.009126261,3.242734,0.2392605,0.8647466,344.0685,359.5224
4.763332,-0.01358624,3.238422,0.3113384,2.037918,341.1428,358.1602
4.868349,-0.019584,3.237661,0.3883232,2.973756,337.9559,357.6326
4.978306,-0.02661741,3.238961,0.4767536,2.645627,336.595,358.8833
5.086523,-0.03172967,3.237927,0.5789628,3.807517,337.2276,0.3648608
5.193789,-0.03523187,3.235149,0.6940335,5.363313,338.8705,1.041981
5.302708,-0.04135319,3.234033,0.8177271,5.762272,339.1573,0.495988
5.416245,-0.05147893,3.234962,0.9490551,5.391227,338.2289,359.5856
5.51965,-0.06256645,3.237996,1.092102,3.933389,337.8659,359.8446
5.629206,-0.0772225,3.239489,1.249283,3.109227,337.5549,359.77
5.742176,-0.09777127,3.241012,1.421717,2.616248,336.6783,0.1788226
5.851421,-0.1258509,3.241553,1.614068,2.189989,334.9019,0.08107755
5.961765,-0.1622252,3.242429,1.829626,1.563282,332.6753,359.7449
6.071417,-0.2059247,3.243332,2.067806,1.240339,331.1093,359.7483
6.180748,-0.260475,3.243713,2.331113,0.731463,330.1009,359.795
6.290867,-0.3266951,3.242982,2.621882,1.296786,329.2645,0.06999332
6.402561,-0.4067917,3.240741,2.93964,2.708183,328.8637,359.4932
6.513897,-0.5050083,3.238842,3.281401,3.420763,328.5299,358.3497
6.62616,-0.6251456,3.237398,3.643013,4.083513,327.7083,357.8903
6.74353,-0.7714952,3.236696,4.022011,4.192586,326.1151,358.0133
6.859238,-0.9482157,3.239371,4.417889,3.268178,323.7258,359.505
6.964043,-1.120816,3.240448,4.772109,2.770312,321.1169,0.9327056
7.081156,-1.348814,3.241758,5.20056,2.275223,317.6696,1.992615
7.182373,-1.5694,3.244363,5.581497,1.040247,314.6258,1.570801
7.28451,-1.814309,3.247068,5.972013,359.5731,312.2949,1.165383
7.385433,-2.082655,3.246258,6.370584,0.07574695,310.1104,0.7688711
7.50174,-2.43087,3.243237,6.841834,1.294985,305.2744,0.02938329
7.616348,-2.82192,3.247391,7.320033,358.9977,299.2632,359.4032
7.727821,-3.251258,3.248086,7.802752,358.3007,291.7362,358.6457
7.840036,-3.714592,3.248002,8.291437,358.2024,287.1554,357.4991
7.94953,-4.213679,3.247914,8.783134,357.946,284.6016,356.3867
8.056664,-4.748766,3.246384,9.276868,358.7831,285.2782,355.3615
8.1707,-5.324142,3.246666,9.767391,358.7432,286.6832,355.4827
8.279516,-5.942586,3.245826,10.25713,359.5612,290.6857,356.4474
8.387213,-6.60179,3.244765,10.74269,359.7486,297.8761,357.5948
8.494284,-7.302813,3.244436,11.21135,359.8829,300.9887,357.7662
8.597635,-8.042612,3.243862,11.66124,359.9803,299.1613,357.6396
8.707798,-8.818478,3.243444,12.08981,0.09023815,293.8771,357.8673
8.814255,-9.628173,3.24698,12.50446,358.1031,290.1808,357.2194
8.929014,-10.4782,3.248771,12.90314,356.9626,287.6812,357.385
9.042469,-11.36947,3.249498,13.28306,356.5973,285.1634,357.6102
9.149918,-12.2999,3.250013,13.641,356.4706,282.996,357.8732
9.253902,-13.26748,3.25016,13.97346,356.4716,281.27,358.0516
9.366329,-14.2698,3.251442,14.27761,355.9902,278.9012,358.6328
9.475063,-15.3064,3.252905,14.55437,355.4383,276.437,358.9249
9.587749,-16.37808,3.254006,14.80376,355.0912,274.6879,359.0966
9.698675,-17.4833,3.255037,15.02797,354.6126,274.0076,359.1123
9.814602,-18.62095,3.250178,15.22745,357.0325,273.7504,357.8772
9.925364,-19.79375,3.241381,15.40977,3.140873,277.2752,357.5957
10.04149,-21.00528,3.240285,15.57681,3.286667,278.3742,357.5582
10.15259,-22.06666,3.24048,15.70645,2.3717,277.2844,357.2917
10.25758,-23.14581,3.242683,15.82738,1.510564,275.1777,357.736
10.37704,-24.42857,3.244565,15.96227,0.8229154,273.3552,358.3174
10.49331,-25.74133,3.247174,16.0913,359.3278,272.3166,358.4494
10.59755,-26.89355,3.248845,16.19706,358.4786,271.9976,358.3686
10.70922,-28.26765,3.249076,16.31507,358.6742,271.963,358.8275
10.82338,-29.6701,3.248261,16.42579,358.9584,271.3138,358.9157
10.9383,-31.09819,3.249837,16.5287,358.1987,269.8738,358.8145
11.04005,-32.34498,3.251426,16.61205,357.0798,268.7129,359.2629
11.15513,-33.82711,3.252585,16.70298,356.3294,267.4305,359.8732
11.26967,-35.33929,3.252875,16.78741,356.3013,266.954,0.2782882
11.38682,-36.88058,3.252415,16.86486,356.5772,266.9673,0.1606516
11.48692,-38.22375,3.252468,16.92426,356.4218,266.7268,0.3816129
11.58719,-39.58841,3.253317,16.97659,355.9473,266.2264,0.7168087
11.68809,-40.97712,3.253417,17.02235,355.7586,265.8141,1.077728
11.78862,-42.39005,3.253388,17.06179,355.5831,265.6311,0.9022139
11.90368,-44.07964,3.253329,17.09972,355.5327,265.5981,0.5413612
12.01754,-45.82468,3.252482,17.12742,355.9484,265.7603,359.8914
12.13146,-47.62484,3.252489,17.14688,355.7691,266.3468,359.2217
12.24773,-49.48135,3.252997,17.16276,355.5399,267.0755,359.8428
12.3602,-51.39754,3.254118,17.18196,355.0449,267.056,0.7267018
12.46994,-53.37153,3.25405,17.20469,355.2089,266.6032,0.5083338
12.57796,-55.4057,3.252734,17.24493,356.1469,267.3958,359.333
12.68727,-57.51114,3.251161,17.30837,356.6153,268.4254,358.8943
12.80203,-59.69109,3.252282,17.39502,356.03,268.6714,359.6733
12.9102,-61.94793,3.253002,17.50965,355.6818,268.1727,0.9650792
13.01967,-64.28129,3.253663,17.64943,355.4181,267.6462,1.65321
13.12811,-66.68962,3.253291,17.81264,355.6185,267.5231,1.848294
13.23921,-69.17245,3.253129,17.99571,355.7364,267.4111,1.780672
13.35605,-71.73172,3.253244,18.18894,355.6747,267.3639,1.807769
13.46514,-74.36812,3.253946,18.38796,355.5999,266.9671,1.881134
13.5822,-77.0777,3.253364,18.58434,355.7705,266.7614,1.917818
13.70096,-79.86,3.253325,18.77443,355.717,266.2964,1.787084
13.81292,-82.69881,3.253007,18.95136,355.7961,265.9222,1.539442
13.92512,-85.57938,3.252761,19.11335,355.8562,265.3798,1.663553
14.03866,-88.48885,3.253059,19.25511,355.7814,264.8965,2.20768
14.14013,-91.41008,3.253255,19.37696,355.7329,264.5035,2.100543
14.24376,-94.30721,3.251842,19.48192,356.274,264.3134,1.192796
14.36207,-97.15552,3.252472,19.56869,355.8808,264.0186,1.451929
14.47114,-99.95603,3.25239,19.64266,355.9984,263.6625,1.682293
14.58161,-102.7067,3.251928,19.70883,356.3341,263.8035,1.56758
14.69403,-105.4075,3.252585,19.77645,355.8183,264.3938,1.278355
14.81364,-108.0599,3.253455,19.8454,355.6074,264.773,1.224376
14.92976,-110.6638,3.253828,19.91717,355.3298,264.666,1.273262
15.03508,-112.8572,3.253754,19.98104,355.4822,264.7115,1.425026
15.14933,-115.3714,3.254,20.0593,355.6358,265.1263,1.405655
15.25032,-117.4869,3.253565,20.1284,355.7842,265.5793,1.204851
15.35166,-119.5659,3.253713,20.19838,355.8638,265.6247,1.411661
15.45294,-121.6013,3.254932,20.26936,355.7351,265.4954,1.382298
15.55341,-123.5879,3.253526,20.33839,355.9522,265.1815,1.008692
15.65513,-125.5211,3.254314,20.40318,355.557,265.0062,1.111013
15.75674,-127.3847,3.254601,20.46381,355.222,265.0283,1.362448
15.85894,-129.1759,3.254296,20.51495,355.1917,264.6154,1.764253
15.9613,-130.8839,3.255102,20.5572,355.0185,263.9828,2.048945
16.06544,-132.5045,3.254992,20.59074,355.0255,263.7843,2.125915
16.16869,-134.0311,3.254573,20.6155,355.2096,263.3925,2.242308
16.27444,-135.4592,3.254172,20.63365,355.6123,263.1794,1.577224
16.38264,-136.7955,3.25329,20.64483,355.9356,263.2216,1.10181
16.49531,-138.2661,3.252759,20.6504,356.1361,263.3118,1.234225
16.59895,-139.4522,3.252033,20.65144,356.5326,263.2469,1.203347
16.70866,-140.7509,3.250802,20.65057,357.0807,263.4951,0.6305332
16.81163,-141.7898,3.250133,20.64816,357.5716,263.9648,0.01301359
16.91917,-142.7617,3.249736,20.64385,357.8695,264.1094,359.8319
17.02139,-143.6696,3.249557,20.63853,357.9929,264.0372,359.6238
17.12582,-144.5331,3.249862,20.63148,358.0197,263.9559,359.5436
17.23393,-145.3604,3.250481,20.6225,357.7699,263.5413,359.7691
17.33485,-146.1517,3.251049,20.61259,357.6238,263.2229,359.9182
17.44129,-146.908,3.251624,20.60217,357.385,262.9614,0.3672339
17.54601,-147.6533,3.251707,20.59062,357.3105,262.5906,0.4892087
17.64956,-148.4055,3.25295,20.57868,356.9218,262.3474,0.5269269
17.75111,-149.1656,3.251221,20.56572,357.5853,262.2444,0.5463527
17.85372,-149.9346,3.250182,20.55198,358.4608,262.3689,0.31989
17.95401,-150.7124,3.249133,20.53627,358.9842,262.6931,0.3404253
18.07319,-151.6375,3.248842,20.51412,358.8897,262.1851,0.5357921
18.18284,-152.4476,3.249461,20.49257,358.7418,261.8245,0.2221226
18.28599,-153.2764,3.249529,20.46843,358.6321,261.4817,0.1888419
18.39092,-154.1247,3.250988,20.44101,358.0914,260.5759,0.2730877
18.49285,-154.9915,3.251218,20.40876,358.0272,258.8933,359.7772
18.59885,-155.8786,3.251955,20.37155,357.1788,257.4778,359.793
18.71352,-156.9363,3.252732,20.31659,356.6572,253.7665,359.5257
18.81442,-157.8522,3.250859,20.26101,357.6705,251.097,359.1841
18.91877,-158.7747,3.248693,20.1925,358.3483,246.511,0.1901873
19.0191,-159.6804,3.248787,20.10856,358.4848,242.1116,0.6237501
19.1225,-160.5484,3.248143,20.01219,358.8634,238.392,0.1570941
19.23586,-161.5137,3.249884,19.88166,359.4319,235.2744,359.6229
19.34337,-162.2969,3.247068,19.75292,359.2686,233.2801,359.8477
19.45231,-163.0368,3.246109,19.60852,0.5035595,229.3297,2.048889
19.56115,-163.7397,3.241877,19.45471,1.818277,227.1798,1.443448
19.66647,-164.4071,3.233682,19.29083,7.470848,229.3552,1.640169
19.77241,-165.0356,3.226672,19.10919,11.17177,228.6394,2.105435
19.8813,-165.6197,3.222364,18.9169,12.07014,225.0556,0.973649
19.99278,-166.1558,3.217624,18.71488,15.12403,221.1862,0.4060768
20.1048,-166.6483,3.217505,18.49965,15.53435,217.2814,359.8542
20.21742,-167.0937,3.231274,18.27312,8.089505,210.617,358.652
20.32006,-167.4927,3.24517,18.043,359.6853,201.8841,359.1685
20.4308,-167.9147,3.248281,17.78064,357.6918,196.3999,359.6332
20.53572,-168.289,3.247894,17.53002,358.4039,192.6592,0.7591407
20.64209,-168.6214,3.246822,17.29501,358.2484,191.5866,0.7639763
20.74907,-168.9059,3.246801,17.07853,358.5526,191.2086,0.1147696
20.85571,-169.1459,3.24737,16.88559,358.7101,189.6497,0.4974932
20.96965,-169.3701,3.244068,16.6979,359.447,189.8508,359.0712
21.07509,-169.5292,3.244768,16.55789,359.7839,190.209,358.8937
21.182,-169.6844,3.245586,16.41641,359.3333,191.1268,358.6851
21.28978,-169.8359,3.245749,16.27079,359.2588,191.1293,358.5287
21.40257,-169.9993,3.245987,16.10802,359.4665,191.6857,358.4101
21.51369,-170.1839,3.245698,15.91586,359.5592,192.9113,358.3539
21.61464,-170.3595,3.245826,15.72208,359.6576,193.3322,358.3678
21.71959,-170.5903,3.245664,15.44716,359.8829,192.2035,358.4875
21.82733,-170.845,3.244753,15.1195,0.2088786,190.8683,358.5327
21.93862,-171.1177,3.245055,14.734,0.2678162,188.3904,358.7992
22.05594,-171.4045,3.244962,14.28377,0.4202818,186.1279,359.2393
22.16629,-171.6969,3.244667,13.76587,0.036375,184.6485,359.5917
22.28042,-171.9817,3.244952,13.17752,0.5123413,183.8848,0.02886732
22.3812,-172.2085,3.244536,12.62176,0.7323825,182.4449,0.2044323
22.49484,-172.4328,3.244026,11.94438,0.6928782,180.58,0.3558447
22.61374,-172.6078,3.243258,11.24204,0.9382224,178.9007,0.482
22.72787,-172.7281,3.243882,10.55278,0.8361588,176.972,1.895657
22.83336,-172.7939,3.244366,9.996572,0.6929677,175.057,2.330154
22.95036,-172.8397,3.244472,9.392049,0.5166084,173.1677,2.967327
23.05264,-172.856,3.244791,8.911627,0.3003996,171.8856,2.327576
23.1558,-172.8558,3.246521,8.465517,359.6792,171.2218,1.52369
23.25729,-172.8449,3.247244,8.05165,359.0997,170.2688,1.673607
23.36135,-172.8256,3.245578,7.673833,359.9616,170.1602,359.8521
23.46333,-172.8007,3.243433,7.336399,0.7979372,170.2191,359.2648
23.56624,-172.7756,3.244227,7.03629,0.670891,170.4829,359.513
23.66771,-172.7535,3.245935,6.768902,359.6643,170.4382,359.3642
23.76972,-172.7342,3.246246,6.523136,359.6461,170.142,358.1865
23.87349,-172.7137,3.247049,6.26611,358.8064,172.1959,357.3017
23.97668,-172.6812,3.244159,6.001173,0.2429459,174.4713,357.3436
24.08078,-172.6353,3.242694,5.720846,0.8719169,174.6426,356.898
24.18412,-172.5722,3.243154,5.422352,0.696365,173.8559,358.3144
24.28979,-172.4998,3.244346,5.102669,0.6199923,171.9168,0.3406585
24.39276,-172.4189,3.244287,4.76217,1.05059,169.6618,2.130639
24.49626,-172.3324,3.243433,4.401134,1.56465,167.971,3.234489
24.60092,-172.2391,3.244056,4.018189,1.543833,166.7732,3.824733
24.70571,-172.1377,3.24503,3.610262,1.070772,166.3104,3.641841
24.8084,-172.0267,3.244267,3.178057,1.283911,166.0141,3.27086
24.9122,-171.9007,3.243362,2.719073,2.59179,164.6581,2.276022
25.02619,-171.7372,3.241958,2.14168,2.601271,163.8226,1.107311
25.13121,-171.5869,3.235431,1.616364,5.639289,164.4003,359.5362
25.23848,-171.4015,3.228708,0.975144,10.0652,164.3232,0.9120513
25.34802,-171.2349,3.231979,0.391895,8.42401,163.4688,1.537671
25.44924,-171.0636,3.232214,-0.2222895,8.349881,163.766,1.374566
25.5527,-170.8901,3.232145,-0.8637394,7.887235,164.9869,1.476203
25.66598,-170.6848,3.238918,-1.646021,4.487985,168.0013,1.346904
25.77348,-170.5033,3.242421,-2.349041,2.308398,170.2082,2.066605
25.87967,-170.3199,3.245007,-3.085663,1.123139,171.1267,2.359998
25.98279,-170.1364,3.246306,-3.85468,0.3172848,171.8145,2.229609
26.08924,-169.9542,3.246418,-4.656782,0.04886214,172.3632,2.083658
26.20008,-169.7443,3.246775,-5.632169,0.1388085,172.8156,1.920168
26.30446,-169.572,3.247649,-6.498685,359.9341,173.5183,1.90538
26.40528,-169.4084,3.24864,-7.392669,359.65,174.5062,2.145344
26.51164,-169.2625,3.247945,-8.287629,359.8231,175.6226,2.019114
26.61315,-169.1375,3.247622,-9.148934,359.6984,176.5603,1.695236
26.72695,-169.0171,3.249951,-10.11125,359.2201,177.5667,1.637613
26.84236,-168.9216,3.249209,-11.02626,359.338,178.6665,1.284002
26.94623,-168.8566,3.250709,-11.77235,358.8766,179.6547,1.523204
27.04763,-168.8073,3.251394,-12.46218,358.2496,180.5277,1.249761
27.14942,-168.7716,3.251894,-13.06608,357.9505,181.0071,1.18207
27.25359,-168.7473,3.252578,-13.57665,357.5752,181.2675,1.469414
27.35713,-168.7339,3.252285,-13.94582,357.5114,181.5009,1.581989
27.46166,-168.7274,3.25153,-14.16124,357.9405,181.6382,1.605956
27.5646,-168.7258,3.2513,-14.21391,358.0206,181.4779,1.638824
27.66785,-168.7255,3.249916,-14.21555,358.5473,180.7715,1.559916
27.78327,-168.725,3.248835,-14.21812,358.9133,180.3021,1.416516
27.89681,-168.7245,3.246963,-14.22084,359.8202,180.2268,1.494696
28.01624,-168.7247,3.245745,-14.22354,0.8520675,180.344,1.576296
28.13285,-168.7223,3.239699,-14.22503,4.049938,178.8273,1.393135
28.23643,-168.7202,3.237073,-14.2261,5.945386,177.329,1.109704
28.35156,-168.7185,3.233865,-14.22687,7.737436,176.5622,1.226447
28.45658,-168.7178,3.233937,-14.22826,7.532449,176.6094,1.211368
28.57147,-168.7191,3.239355,-14.2297,4.134567,178.2523,2.362241
28.67681,-168.72,3.240001,-14.22873,4.11766,178.775,2.405645
28.79291,-168.7199,3.23983,-14.22667,4.131866,178.3228,2.142008
28.89363,-168.719,3.240133,-14.22626,4.090418,177.8543,2.013806
28.99581,-168.7172,3.239188,-14.22618,4.722575,177.1734,2.003545
29.09722,-168.7148,3.23534,-14.2275,6.648065,176.2923,1.562863
29.19758,-168.7137,3.233654,-14.22885,8.120518,175.9495,1.493426
29.3005,-168.7132,3.231586,-14.22848,9.221889,175.5361,1.662434
29.42016,-168.7125,3.230912,-14.2269,9.068436,175.026,1.285762
29.53518,-168.7109,3.232113,-14.22519,8.947163,175.2834,1.795624
29.63651,-168.7098,3.232337,-14.22523,8.670369,175.2669,2.231521
29.73762,-168.7095,3.232316,-14.22616,8.60022,175.2109,2.300766
29.8389,-168.71,3.232849,-14.22746,8.755359,175.1779,2.256011
29.94422,-168.7113,3.231869,-14.2279,9.013366,175.4909,2.206057
30.04432,-168.7121,3.232306,-14.22802,8.793631,175.486,2.120031
30.14677,-168.7121,3.2323,-14.22765,8.848536,175.2933,2.03214
30.25093,-168.7123,3.232559,-14.2275,8.712097,175.4904,2.015584
30.35243,-168.7119,3.232835,-14.22692,8.696881,175.1993,1.881788
30.4644,-168.7121,3.233527,-14.22614,8.502594,175.0519,1.921061
30.57924,-168.712,3.232696,-14.22443,8.686709,175.339,1.974936
30.69276,-168.711,3.232461,-14.22399,8.368061,175.6264,1.840422
30.79738,-168.709,3.23318,-14.22624,8.355998,175.8364,2.952093
30.90207,-168.7087,3.231474,-14.22797,9.058438,175.8024,3.268261
31.01737,-168.7092,3.230628,-14.22958,9.425357,175.7834,2.837478
31.12261,-168.7091,3.229927,-14.22973,9.592357,176.0209,2.700858
31.23829,-168.7098,3.230093,-14.22949,9.588578,176.5222,2.757617
31.34284,-168.7104,3.230387,-14.22873,9.479631,176.3673,2.727696
31.45742,-168.7115,3.231395,-14.22826,8.99881,176.0842,2.153784
31.56278,-168.711,3.231225,-14.22871,9.03168,176.3908,1.846683
31.66435,-168.7101,3.230852,-14.22929,9.213107,176.677,2.28222
31.76696,-168.7104,3.230104,-14.23023,9.573304,176.6005,1.978601
31.87062,-168.7067,3.229245,-14.23111,10.34912,177.1774,1.278201
31.98862,-168.7067,3.228443,-14.23083,10.31676,178.156,2.49411
32.08975,-168.7067,3.230294,-14.23222,9.387723,177.6466,2.359509
32.19576,-168.7043,3.228907,-14.23282,10.15488,176.4874,2.470128
32.31268,-168.7027,3.229351,-14.23252,9.966092,176.1061,2.212646
32.41771,-168.7054,3.229275,-14.2318,10.15398,176.8253,2.03938
32.51877,-168.7097,3.228612,-14.23206,10.39825,177.6391,1.317873
32.63833,-168.7124,3.228645,-14.23366,10.37136,177.908,0.619617
32.75417,-168.7147,3.227233,-14.236,11.21917,178.5886,0.4150953
32.85928,-168.7164,3.225641,-14.23724,11.81813,179.3069,0.0962363
32.97503,-168.7196,3.222431,-14.23836,13.17421,180.9832,359.5353
33.07567,-168.7295,3.217599,-14.23979,15.43251,185.8729,359.0621
33.18618,-168.7534,3.222442,-14.24124,12.77074,196.3972,358.0621
33.28646,-168.7849,3.234954,-14.22943,4.354715,210.0679,356.4621
33.39578,-168.8068,3.234682,-14.21805,4.041685,219.2714,356.6708
33.50288,-168.8195,3.227923,-14.21503,7.874055,221.8265,357.3233
33.60526,-168.8309,3.225683,-14.21842,8.733207,223.395,357.0846
33.71147,-168.8402,3.227469,-14.22559,7.151313,223.1008,356.7352
33.81939,-168.8471,3.227288,-14.23384,6.706224,221.9925,356.8001
33.93828,-168.8532,3.223846,-14.24373,8.282249,220.9576,357.2842
34.05508,-168.8537,3.210088,-14.2557,15.08919,218.567,358.8564
34.16305,-168.8507,3.199636,-14.26686,20.33458,216.0213,358.856
34.2717,-168.8453,3.186109,-14.27851,27.03037,213.2625,359.2367
34.38126,-168.8441,3.180235,-14.28982,29.16466,211.9352,0.2142948
34.4904,-168.8433,3.177624,-14.29819,30.12364,210.1715,0.1572157
34.59968,-168.843,3.173615,-14.30143,31.43643,209.3952,0.2863411
34.70998,-168.8457,3.170981,-14.30243,32.15671,209.5444,359.8524
34.81466,-168.8494,3.169353,-14.30338,32.79529,209.9171,359.581
34.92167,-168.8526,3.168974,-14.30425,32.57112,210.1396,359.4626
35.02964,-168.8557,3.167838,-14.30559,32.55672,210.2642,358.8868
35.1382,-168.8581,3.166382,-14.30663,33.11374,210.5984,358.7911
35.24198,-168.8589,3.165961,-14.3081,33.1575,210.524,358.8672
35.35174,-168.8592,3.166202,-14.30879,32.92195,210.5916,359.0254
35.45574,-168.86,3.166171,-14.30896,32.81847,210.7396,358.8365
35.56114,-168.8603,3.16623,-14.30847,32.78143,210.993,358.8414
35.66925,-168.8614,3.166996,-14.30792,32.38455,211.3848,358.998
35.77101,-168.8624,3.16737,-14.3078,32.2029,211.5313,358.8933
35.88106,-168.8634,3.167136,-14.30825,32.20557,211.4896,358.7225
35.98876,-168.8644,3.166631,-14.30843,32.29315,211.7829,358.862
36.09678,-168.8655,3.166515,-14.30868,32.18224,211.8173,358.5936
36.19875,-168.8659,3.166479,-14.30849,32.17823,211.8771,358.5365
36.30006,-168.8661,3.166649,-14.30821,32.08945,211.9033,358.5531
36.40184,-168.8663,3.166799,-14.30827,31.98698,211.8014,358.3224
36.52132,-168.8666,3.166593,-14.30888,31.9765,211.5736,358.1698
36.63603,-168.8681,3.166623,-14.30966,31.93194,211.8147,358.2318
36.75494,-168.8701,3.165751,-14.31084,32.12878,211.538,357.9694
36.86443,-168.8725,3.164287,-14.31201,32.41613,211.2826,357.3255
36.97837,-168.8748,3.163188,-14.31239,32.71413,211.6273,357.3409
37.08058,-168.8761,3.163211,-14.31246,32.66089,211.8384,357.3413
37.19107,-168.8758,3.163634,-14.31217,32.52369,211.7565,357.3446
37.30531,-168.8739,3.164848,-14.3115,32.15495,211.3692,357.3
37.42,-168.8723,3.166474,-14.31087,31.67789,211.362,357.4189
37.53715,-168.871,3.167484,-14.31068,31.41761,211.2269,357.6549
37.652,-168.8702,3.168827,-14.31075,31.0683,210.7447,357.6527
37.75219,-168.8693,3.170343,-14.31068,30.70391,210.4279,357.5649
37.85622,-168.8652,3.173808,-14.30984,29.94534,209.7757,357.9333
37.95703,-168.8559,3.180749,-14.30866,27.83072,207.4938,358.5118
38.05798,-168.8382,3.190645,-14.30619,24.31847,202.6825,358.6268
38.16042,-168.8204,3.19609,-14.30248,22.72361,197.7178,358.5254
38.26326,-168.8033,3.200029,-14.29776,21.21114,193.0746,358.3219
38.36575,-168.7833,3.204164,-14.2904,19.73933,189.1256,357.9485
38.46873,-168.7639,3.20791,-14.28298,18.14605,186.4072,358.8498
38.57103,-168.738,3.213429,-14.27549,15.08911,182.6072,1.129579
38.67359,-168.7181,3.216465,-14.26878,13.36754,179.2928,2.995223
38.77491,-168.705,3.218496,-14.26325,12.58375,175.9914,3.705312
38.88924,-168.6974,3.219732,-14.25964,11.77272,172.8813,3.510369
39.00094,-168.6985,3.216034,-14.26062,13.45901,171.0836,2.306787
39.11375,-168.7084,3.215557,-14.26488,13.50284,173.7666,0.1120963
39.22346,-168.7074,3.225799,-14.27058,7.780519,172.8569,0.8459082
39.33397,-168.7043,3.239622,-14.27884,3.140153,173.2175,0.4500879
39.44569,-168.7038,3.250193,-14.28747,357.5678,174.3051,1.299575
39.55595,-168.7009,3.269375,-14.29731,357.1234,176.0796,2.026268
39.66447,-168.6962,3.278626,-14.31374,8.285472,176.2298,0.8767665
39.77379,-168.6971,3.255443,-14.33731,39.77169,176.4354,355.4367
39.88435,-168.6895,3.206828,-14.35319,64.22763,184.7607,5.202426
39.99736,-168.6931,3.120544,-14.34903,78.64792,356.9914,175.1691
40.10114,-168.6917,3.0547,-14.35217,49.8357,4.660796,178.3769
40.20287,-168.6857,3.028936,-14.35524,52.02403,2.658165,175.1046
40.30884,-168.6935,3.029063,-14.36161,78.99551,323.7445,141.1634
40.4193,-168.6956,3.042188,-14.36511,85.32744,321.5021,140.8961
40.5309,-168.7,3.048221,-14.36468,84.36393,198.4331,19.83144
40.64292,-168.6961,3.0631,-14.38185,80.00318,175.7877,2.457278
40.75274,-168.6935,3.076269,-14.38211,78.0778,162.4097,352.0302
40.86447,-168.6931,3.084081,-14.37695,61.81252,163.9307,355.4257
40.97625,-168.6913,3.092688,-14.37301,60.12922,159.7091,352.3571
41.07775,-168.6948,3.111184,-14.35258,64.22577,155.2914,348.601
41.18467,-168.6944,3.117528,-14.34235,60.58269,155.5101,349.9467
41.29911,-168.6843,3.115883,-14.33075,66.70744,158.6479,350.591
41.40329,-168.6697,3.091441,-14.34634,86.57641,294.4556,123.0881
41.51475,-168.65,3.059432,-14.37294,63.61732,304.7965,140.6325
41.62589,-168.6268,3.037367,-14.41228,55.70121,317.7238,156.4071
41.73097,-168.6024,3.019528,-14.43669,57.61319,311.6308,161.4453
41.83442,-168.5639,3.004787,-14.45867,71.81306,313.2325,170.6239
41.94626,-168.5237,2.988739,-14.4772,72.75598,316.295,182.0258
42.05608,-168.4836,2.965472,-14.49887,78.50808,334.9623,207.264
42.16773,-168.4413,2.950456,-14.52214,77.31471,337.8039,216.0947
42.27871,-168.402,2.93742,-14.52874,76.97115,9.636984,250.5683
42.38953,-168.3673,2.930206,-14.52066,74.40936,9.542018,246.7375
42.50111,-168.3393,2.915511,-14.51161,70.55807,15.87466,250.744
42.61272,-168.3126,2.906747,-14.50699,67.27114,12.11083,252.3043
42.72314,-168.2832,2.904656,-14.49534,67.66481,8.563281,253.7862
42.83458,-168.2527,2.898845,-14.48742,68.60007,2.61178,246.7052
42.94601,-168.2165,2.887328,-14.49161,70.15939,356.459,238.1985
43.0565,-168.1713,2.863068,-14.49825,70.1146,9.508864,249.5851
43.16777,-168.1274,2.837098,-14.50615,68.44414,27.80198,263.0138
43.27894,-168.0891,2.840837,-14.5055,68.0643,32.67324,267.4458
43.3899,-168.0525,2.877121,-14.48111,71.09489,22.84661,261.5432
43.5011,-168.0065,2.932564,-14.4281,70.83065,5.146204,254.8872
43.61398,-167.9759,2.994438,-14.36974,66.71441,359.4003,258.9128
43.72717,-167.9495,3.056483,-14.31606,65.86941,355.2142,262.2903
43.83891,-167.9227,3.112967,-14.25562,71.67371,315.8803,221.1433
43.94978,-167.8939,3.135156,-14.21269,77.61939,230.8176,128.8036
44.06097,-167.8601,3.136537,-14.201,60.17718,189.5991,81.2286
44.16314,-167.8305,3.162717,-14.19129,57.40419,190.5567,76.78206
44.2742,-167.802,3.193545,-14.17404,59.71955,199.4554,82.58086
44.3783,-167.7751,3.223916,-14.1566,63.87831,214.2771,88.17059
44.49064,-167.7528,3.2381,-14.14769,65.18288,222.9501,90.81218
44.60442,-167.7196,3.240889,-14.13432,59.19345,228.6773,90.69953
44.71482,-167.6763,3.250828,-14.12318,62.36248,233.8894,88.77336
44.83166,-167.6264,3.260577,-14.11084,66.84145,244.0289,90.11096
44.93503,-167.5856,3.278812,-14.10288,68.84843,240.5092,84.3131
45.04709,-167.54,3.299107,-14.09351,69.46114,245.2245,81.79516
45.15968,-167.4941,3.31967,-14.07795,71.78362,242.5748,75.99928
45.26979,-167.4532,3.335245,-14.0588,75.11346,243.4531,73.21321
45.38066,-167.4209,3.346869,-14.03637,76.50945,245.8926,71.0358
45.49204,-167.4001,3.358236,-14.01206,76.07413,256.1231,78.49762
45.60418,-167.3875,3.366572,-13.99069,75.6277,268.5177,85.47762
45.71569,-167.3755,3.370735,-13.9742,76.40011,274.4027,84.50842
45.82692,-167.3653,3.373731,-13.96477,79.5173,282.9169,85.55612
45.93986,-167.3524,3.382092,-13.96599,82.91142,270.2234,60.54021
46.05125,-167.3393,3.389896,-13.96789,85.83887,251.9898,32.75204
46.16335,-167.332,3.390773,-13.96955,86.80745,247.1401,18.4717
46.27538,-167.3189,3.398241,-13.97845,86.89184,289.8406,55.92421
46.3865,-167.3174,3.413969,-13.96622,87.80153,304.1552,69.15993
46.49815,-167.3159,3.429933,-13.95435,85.09356,309.1879,71.26943
46.60928,-167.3161,3.44455,-13.9375,83.31951,309.3184,67.40148
46.72061,-167.313,3.457198,-13.91993,81.40561,312.1537,66.68097
46.83234,-167.3074,3.472968,-13.89986,79.89007,310.2861,61.81253
46.94381,-167.301,3.48759,-13.89122,75.71989,319.7111,67.17628
47.05425,-167.291,3.495395,-13.89288,68.46588,322.5525,69.88791
47.16551,-167.2832,3.493091,-13.89532,63.05592,319.3738,69.4192
47.27692,-167.281,3.485387,-13.89681,60.74707,320.9006,70.88726
47.38774,-167.2772,3.483419,-13.88782,65.11546,312.583,65.75828
47.49939,-167.2732,3.487936,-13.89646,65.85798,317.9107,66.70927
47.61053,-167.2633,3.498602,-13.89366,67.12711,314.2476,64.13432
47.72177,-167.2489,3.512523,-13.89503,63.65258,318.5394,65.11742
47.83327,-167.2407,3.522681,-13.89211,62.06004,320.8861,61.3271
47.94431,-167.226,3.525165,-13.89588,58.80018,320.4581,61.87794
48.05521,-167.2174,3.519139,-13.90153,58.8516,318.207,61.73284
48.16673,-167.2159,3.515468,-13.91038,62.7699,325.5725,68.41972
48.27831,-167.2141,3.504804,-13.91271,63.68275,323.5726,70.68977
48.38922,-167.2163,3.489826,-13.919,64.71933,324.2756,70.48146
48.50087,-167.2205,3.474176,-13.92543,66.14691,329.534,75.16055
48.61227,-167.2178,3.466605,-13.92588,67.3755,330.8585,79.02326
48.7239,-167.216,3.461791,-13.92675,66.95262,332.9632,81.18961
48.83509,-167.214,3.460709,-13.92563,67.01818,333.3576,81.76608
48.94638,-167.2115,3.461352,-13.92692,66.79295,333.3938,81.31772
49.05752,-167.2104,3.461524,-13.92809,66.76834,332.9526,80.6302
49.16898,-167.2102,3.461176,-13.93087,67.20686,332.5983,80.32228
49.27992,-167.2112,3.45929,-13.93512,68.29156,333.9871,81.56186
49.39116,-167.2123,3.457455,-13.93938,69.69219,334.1022,80.06453
49.5026,-167.2125,3.454081,-13.94907,73.32085,327.4752,72.70647
49.61392,-167.2113,3.447752,-13.95647,77.231,320.8544,67.34843
49.72474,-167.2095,3.446083,-13.95903,79.28822,323.4515,71.71101
49.83661,-167.2036,3.454043,-13.95913,80.12829,331.1903,80.05082
49.94748,-167.1998,3.462894,-13.95852,80.00822,339.8077,89.82489
50.05917,-167.1954,3.472425,-13.95294,78.44913,336.6428,86.40732
50.16968,-167.1962,3.47928,-13.94945,77.29814,331.8239,80.5644
50.2812,-167.197,3.483124,-13.94671,76.23693,330.7064,79.57809
50.3922,-167.1966,3.485168,-13.94491,75.50188,330.4712,79.12917
50.5033,-167.1892,3.493201,-13.94234,74.09126,329.7048,78.71584
50.61453,-167.1766,3.513737,-13.93689,69.84531,329.3618,75.105
50.72523,-167.1665,3.536373,-13.9276,66.46452,324.0812,67.06599
50.83591,-167.1529,3.557771,-13.92588,65.47856,318.3709,60.92474
50.94688,-167.1413,3.584407,-13.92543,64.65297,310.5239,52.25471
51.05762,-167.1382,3.611076,-13.92892,62.30595,304.7518,45.65124
51.16859,-167.1394,3.632504,-13.93124,60.7051,299.6266,40.82254
51.27926,-167.1378,3.643908,-13.93287,57.49162,296.1165,36.40889
51.38918,-167.1397,3.64269,-13.93364,56.93621,293.1444,32.88941
51.4943,-167.1299,3.644903,-13.9336,56.35352,288.145,26.26849
51.59903,-167.1227,3.6428,-13.93167,53.65744,287.4814,20.43575
51.70106,-167.1137,3.644833,-13.92743,50.63157,288.2225,17.72783
51.81798,-167.11,3.644832,-13.92494,48.4561,288.311,17.51799
51.92195,-167.1039,3.642759,-13.92416,45.94338,287.2375,16.76547
52.02794,-167.1019,3.63986,-13.92431,43.60321,286.761,15.68496
52.1378,-167.0954,3.638026,-13.92407,41.54332,284.1907,15.7193
52.24714,-167.092,3.636028,-13.92163,40.2487,282.9516,14.78464
52.36086,-167.0916,3.633034,-13.9203,39.74476,282.9272,14.1667
52.47024,-167.0898,3.632224,-13.92086,39.41761,282.4588,13.87934
52.58157,-167.0904,3.629809,-13.92246,38.56915,281.8983,12.86327
52.69356,-167.0932,3.624735,-13.92243,39.13259,281.8584,11.74561
52.80505,-167.0957,3.621607,-13.91976,39.0663,282.1523,11.64117
52.91693,-167.0972,3.620157,-13.91767,40.06264,281.1678,12.0017
53.02148,-167.0934,3.623228,-13.92345,40.05483,280.0603,11.94815
53.13103,-167.0917,3.615787,-13.93157,41.45019,280.8487,12.34762
53.2407,-167.0931,3.618435,-13.92849,42.27307,278.2017,11.30136
53.34882,-167.0917,3.617289,-13.93146,41.70193,280.743,11.40442
53.45306,-167.0905,3.616956,-13.93111,41.75512,281.3357,11.41048
53.55583,-167.0873,3.618869,-13.93437,41.43639,280.9487,11.94911
53.66174,-167.0839,3.620229,-13.93708,41.39802,281.7653,12.73569
53.76839,-167.0799,3.62288,-13.94007,40.50223,281.6588,12.69865
53.87955,-167.079,3.621667,-13.94616,39.67282,283.9021,13.73038
53.99133,-167.0786,3.620119,-13.95025,38.52689,284.6989,12.45543
54.10338,-167.0801,3.618118,-13.95016,37.34153,286.4892,11.61597
54.21085,-167.0791,3.616723,-13.94671,36.10791,285.7932,11.04459
54.31839,-167.0797,3.616848,-13.93989,36.76139,284.1095,12.47204
54.42794,-167.0787,3.621652,-13.93963,35.72033,283.8816,11.55635
54.53863,-167.0839,3.620945,-13.93408,36.03403,284.149,10.44688
54.64964,-167.0839,3.622628,-13.93153,35.81783,284.1648,10.47725
54.76058,-167.0896,3.619919,-13.92346,35.62115,283.5746,9.032987
54.87225,-167.0925,3.61723,-13.91697,36.1776,283.1631,9.180208
54.98476,-167.0944,3.617648,-13.91631,35.82542,280.7748,8.115043
55.09789,-167.0941,3.616868,-13.91336,34.58459,280.5783,7.317376
55.2077,-167.0933,3.618581,-13.91114,33.50628,280.0134,5.746369
55.31638,-167.0903,3.618343,-13.91451,33.10182,277.9796,4.768646
55.42688,-167.0885,3.61688,-13.91793,34.17021,274.9371,3.851107
55.53864,-167.0859,3.614088,-13.91766,36.00473,274.1418,4.121503
55.65092,-167.0825,3.607934,-13.91753,37.01073,270.5215,3.313534
55.76225,-167.0777,3.604043,-13.91528,36.29913,270.1756,2.880217
55.87309,-167.0763,3.610622,-13.91584,37.51427,272.6893,5.981168
55.98419,-167.0811,3.616827,-13.91511,35.94714,272.9351,2.919883
56.09679,-167.0812,3.621727,-13.91916,34.25345,274.3069,3.49825
56.21024,-167.0824,3.626773,-13.93276,29.24839,271.2367,356.5913
56.32447,-167.0785,3.63141,-13.94033,28.9553,272.0559,359.2524
56.43947,-167.0687,3.641954,-13.94084,28.81677,273.065,359.4072
56.55331,-167.0589,3.658944,-13.94063,24.531,274.8184,359.7682
56.66927,-167.0488,3.675244,-13.93737,20.70351,275.6462,358.4504
56.77805,-167.0401,3.679387,-13.9334,19.53133,277.0813,358.9872
56.89115,-167.0365,3.679809,-13.93031,19.41271,277.9314,357.0093
57.00627,-167.032,3.680463,-13.93092,18.88427,275.9056,356.8482
57.12053,-167.0326,3.678358,-13.92936,17.36637,276.3754,358.2269
57.23527,-167.0337,3.677737,-13.93199,18.31396,275.5815,358.0441
57.34765,-167.035,3.681469,-13.93394,17.69392,276.4568,357.5906
57.45898,-167.037,3.684773,-13.93363,16.71737,275.9104,356.7885
57.56587,-167.0399,3.684251,-13.93184,16.7734,275.125,356.9063
57.67168,-167.0424,3.683872,-13.93088,16.98353,275.092,357.3668
57.7844,-167.042,3.685698,-13.92821,16.09382,275.1296,356.4949
57.89937,-167.0404,3.687186,-13.92642,14.21461,275.8483,356.3211
58.01162,-167.0377,3.687654,-13.92775,14.1045,275.2407,356.4291
58.12385,-167.0368,3.687939,-13.92787,14.0977,275.6081,356.5213
58.23824,-167.0382,3.68425,-13.92868,15.26529,276.5475,357.482
58.3455,-167.0385,3.683355,-13.92817,15.68936,275.4844,356.6454
58.46246,-167.0377,3.688556,-13.9257,13.57579,275.0345,355.3932
58.57696,-167.0331,3.694669,-13.92952,11.42557,272.851,354.1933
58.68913,-167.0274,3.698821,-13.93291,10.8952,270.3851,354.3373
58.79553,-167.0232,3.699676,-13.93449,11.23203,269.1475,354.3528
58.90965,-167.0203,3.700162,-13.93572,11.22179,268.8379,355.1958
59.02744,-167.0163,3.702042,-13.93569,10.57056,268.8032,355.1967
59.1416,-167.0139,3.703689,-13.93611,9.480085,268.8288,355.2363
59.25563,-167.0121,3.704484,-13.93799,9.136422,268.7094,355.3733
59.36667,-167.0101,3.705885,-13.93771,8.281213,268.4698,355.4859
59.478,-167.0104,3.705673,-13.93709,7.181906,268.6336,355.8221
59.59322,-167.0117,3.70525,-13.93311,5.532679,267.5407,355.9831
59.70798,-167.011,3.706182,-13.93089,5.586776,265.7203,354.7845
59.82233,-167.0094,3.705066,-13.92834,6.615501,266.1125,354.9264
59.93628,-167.0113,3.704768,-13.92803,7.980358,267.756,354.4091
60.05212,-167.0135,3.704091,-13.92712,8.222877,269.0452,354.3633
60.16689,-167.0148,3.701889,-13.92757,9.296402,269.5201,354.9236
60.28187,-167.0172,3.699533,-13.93005,10.32907,271.4651,356.2548
60.39779,-167.0187,3.698999,-13.93043,11.0095,270.364,355.6962
60.50801,-167.0198,3.697572,-13.92368,10.86487,270.9411,353.3386
60.62156,-167.0221,3.695983,-13.92219,10.95957,271.8976,352.7498
60.73659,-167.0222,3.694289,-13.92458,11.68682,274.6649,354.95
60.85419,-167.0222,3.690917,-13.92961,12.66141,276.3347,359.4859
60.96746,-167.0233,3.688965,-13.93579,12.59499,278.4946,2.970158
61.0817,-167.0258,3.689206,-13.93871,12.95324,279.5713,4.334752
61.18841,-167.0291,3.686234,-13.939,13.70214,280.0023,5.086782
61.29906,-167.0321,3.683648,-13.9403,14.70424,279.5504,6.171548
61.41145,-167.0352,3.679404,-13.94193,15.04044,279.0415,7.923124
61.52517,-167.0373,3.677094,-13.94361,15.46842,278.7123,9.189439
61.63579,-167.037,3.677946,-13.94155,15.79922,277.5361,9.551213
61.74705,-167.039,3.675231,-13.94125,16.15985,277.4639,10.0172
61.86146,-167.0399,3.673001,-13.94173,15.94857,277.6112,10.55431
61.9744,-167.0393,3.668378,-13.93935,15.36407,278.5668,12.38114
62.08951,-167.0431,3.669017,-13.93794,15.00108,279.6356,9.416981
62.20511,-167.0435,3.667145,-13.93472,14.60199,279.1652,8.083294
62.31916,-167.0422,3.662969,-13.93422,12.58376,281.9079,6.336278
62.43408,-167.0411,3.666681,-13.93094,13.55828,281.5193,5.472544
62.54881,-167.0389,3.671423,-13.93074,16.72681,277.5128,9.130324
62.65733,-167.0371,3.676755,-13.9298,20.15196,271.5108,9.415143
62.76926,-167.0322,3.681201,-13.92665,18.63067,268.4561,5.446776
62.88309,-167.0211,3.693756,-13.93511,15.57993,264.6885,4.299608
62.99562,-167.0181,3.705132,-13.94366,9.640661,263.218,2.870599
63.10925,-167.0113,3.708294,-13.94873,9.310194,262.7631,1.466178
63.22337,-167.008,3.708451,-13.95073,9.707578,263.7612,0.1203141
63.33891,-167.0035,3.708414,-13.95195,10.66449,263.42,0.07663985
63.45427,-167.0038,3.710021,-13.95947,8.369841,262.2546,358.6044
63.56812,-167.0057,3.707119,-13.96792,8.513547,263.0428,2.044577
63.68264,-167.0164,3.700782,-13.97886,13.00818,259.546,2.214432
63.79928,-167.0245,3.704326,-13.98705,10.94409,255.8657,0.8973647
63.91279,-167.0206,3.729944,-13.98458,353.8062,257.3318,1.563057
64.02374,-167.0116,3.73023,-13.98262,355.125,260.1949,1.312086
64.13716,-166.9987,3.735743,-13.97956,352.7503,257.921,0.1706589
64.25106,-166.9858,3.733844,-13.97417,355.0028,258.7247,0.05985528
64.35998,-166.9736,3.736359,-13.97595,352.874,259.6781,0.4466857
64.47056,-166.9696,3.737984,-13.98146,353.1191,259.0497,358.8621
64.58289,-166.9732,3.73626,-13.98443,354.7457,255.2228,0.616739
64.69904,-166.9809,3.738384,-13.98593,353.8458,255.6762,0.213787
64.81184,-166.9834,3.736609,-13.98807,355.641,255.594,359.023
64.92451,-166.9845,3.737355,-13.99482,354.3181,253.1604,357.3856
65.03473,-166.9925,3.734921,-13.99501,354.7909,249.4782,353.7989
65.14611,-167.0052,3.73326,-13.99279,356.3604,251.0104,355.0204
65.25494,-167.0113,3.7359,-13.99322,355.037,251.943,356.206
65.36337,-167.0168,3.731625,-13.99871,357.3981,252.9401,357.1845
65.47386,-167.0197,3.724633,-13.99996,0.7149686,252.7887,357.1251
65.58508,-167.0215,3.715875,-14.00778,4.620021,250.5049,357.1719
65.69748,-167.0195,3.718066,-14.01049,1.675487,250.6479,359.8674
65.80865,-167.0192,3.712446,-14.01132,4.623351,250.5924,359.4942
65.92087,-167.0194,3.712328,-14.01487,3.753919,250.3114,1.037527
66.03071,-167.0185,3.710842,-14.01254,4.251878,251.6896,1.909355
66.14093,-167.0167,3.712273,-14.01157,3.998206,252.8017,2.693771
66.25222,-167.0163,3.711754,-14.00917,4.558491,252.377,1.895165
66.36398,-167.0128,3.712922,-14.00188,4.091547,254.1483,2.76272
66.47655,-166.9998,3.715159,-14.00913,2.118249,246.2757,1.724811
66.5854,-166.99,3.718922,-14.01192,0.5322525,243.4901,2.264397
66.69008,-166.9915,3.718137,-14.0164,0.7517309,243.4804,1.054977
66.79651,-166.9935,3.716556,-14.01865,4.486462,240.6917,1.818346
66.90318,-166.9983,3.720369,-14.01794,2.865663,240.7056,358.8939
67.00945,-167.0019,3.723814,-14.01713,1.457144,243.5296,0.006753773
67.11506,-167.0024,3.724424,-14.01749,1.456792,245.8593,0.3626085
67.22132,-167.0035,3.720414,-14.0218,1.05791,246.4261,0.4772185
67.32864,-167.0055,3.718764,-14.02155,2.490841,245.9598,0.3265056
67.43669,-167.0074,3.720922,-14.01684,2.343538,244.7003,357.6203
67.54539,-167.0096,3.723166,-14.01299,1.240879,246.3268,357.3001
67.64961,-167.0101,3.722899,-14.00823,1.341478,248.4456,358.3123
67.75623,-167.0099,3.722903,-14.00637,1.481025,250.9046,359.7137
67.86398,-167.0084,3.725878,-14.00612,0.2330231,253.3912,1.09123
67.97366,-167.0043,3.726984,-14.00156,359.9431,258.3382,2.45747
68.0855,-166.9995,3.724674,-13.99576,1.961986,263.9509,0.459124
68.1934,-166.9989,3.718413,-13.99029,5.990748,267.8666,0.4482447
68.30576,-167.0039,3.710842,-13.99037,10.34173,270.0629,0.8241377
68.42418,-167.0207,3.708037,-13.99248,11.39209,268.1751,2.423151
68.54305,-167.0414,3.703223,-13.99725,13.68506,264.9693,2.355511
68.66006,-167.0501,3.701905,-14.00252,13.74646,263.5999,1.981463
68.77905,-167.0575,3.701723,-14.00457,13.54198,263.545,1.083578
68.89904,-167.059,3.703466,-14.00241,12.24109,265.3078,0.6508535
69.01904,-167.0519,3.701425,-13.99778,12.72874,267.7426,359.9117
69.13905,-167.0436,3.70411,-13.99441,11.5652,269.6149,1.02445
69.25904,-167.0435,3.70358,-13.98824,11.01387,272.9416,2.141902
69.37904,-167.0492,3.704956,-13.98564,9.203252,274.7355,2.445499
69.49875,-167.0568,3.698874,-13.98122,11.74476,273.2598,1.685145
69.61814,-167.0575,3.69784,-13.97794,13.09474,270.2748,1.214617
69.73798,-167.0562,3.695541,-13.97875,13.25108,269.7817,1.047325
69.85798,-167.0553,3.694896,-13.98033,14.72992,269.4072,0.7767968
69.97791,-167.0544,3.696092,-13.98582,13.92776,266.2991,359.1205
70.09792,-167.057,3.695301,-13.99277,14.36179,263.9196,358.9479
70.21791,-167.0556,3.692632,-13.99706,15.27214,263.9437,359.6225
70.33791,-167.0557,3.695868,-14.00112,13.98352,264.0171,0.5462907
70.45792,-167.0549,3.701942,-14.00358,9.625002,264.5954,2.251845
70.57757,-167.0533,3.699416,-14.00534,10.8235,264.39,2.435224
70.6974,-167.0525,3.703362,-14.00677,8.383422,264.0873,2.64073
70.8174,-167.0494,3.704376,-14.00808,8.276743,263.8495,2.870152
70.9374,-167.0461,3.704902,-14.0062,8.426014,264.1678,2.867262
71.0574,-167.0435,3.705736,-14.00399,8.609256,264.2268,2.776208
71.17695,-167.0416,3.707123,-14.00051,8.177488,265.0159,2.446312
71.29695,-167.0404,3.710013,-13.99857,5.80445,265.197,1.998269
71.41695,-167.0413,3.712037,-13.99482,2.7302,266.2892,1.22614
71.53661,-167.0395,3.716121,-13.99334,0.336807,266.1837,0.9706333
71.65662,-167.0396,3.713112,-13.99382,3.947849,264.916,0.5859627
71.77662,-167.0395,3.710673,-13.99478,5.939269,264.6606,0.6163684
71.89661,-167.0299,3.711044,-13.99064,5.746315,264.3185,359.8816
72.01652,-167.0134,3.708687,-13.98336,8.249366,265.4864,358.9403
72.13652,-167.0079,3.708698,-13.98329,8.276429,266.517,358.0329
72.25649,-167.0092,3.711937,-13.98696,6.715169,266.7657,357.8332
72.37598,-167.0109,3.709213,-13.98756,8.305602,267.3655,358.406
72.49478,-167.0114,3.706232,-13.98995,9.712851,268.1501,358.7133
72.61478,-167.0101,3.707062,-13.99333,9.20193,267.1673,358.5658
72.73479,-167.0102,3.707684,-13.9947,9.36052,266.2933,359.0295
72.85478,-167.0099,3.707607,-13.99665,10.40872,265.967,359.8593
72.97478,-167.0135,3.708847,-13.998,11.1223,265.5615,0.2832832
73.09479,-167.0149,3.707932,-13.99791,11.90117,265.4774,0.01061955
73.21146,-167.0143,3.70636,-13.99737,12.51966,265.3292,0.1839179
73.32428,-167.0145,3.705706,-13.99576,13.08478,266.3262,0.6065121
73.43918,-167.0153,3.704866,-13.99537,13.23645,265.8641,0.1704869
73.55284,-167.0157,3.704468,-13.99394,13.18063,265.6932,0.02693713
73.66296,-167.0149,3.704093,-13.99298,12.99923,265.8171,0.08515763
73.77285,-167.0132,3.704462,-13.99084,12.56006,265.8267,359.8398
73.88626,-167.0126,3.706168,-13.98952,11.74398,266.1387,359.7285
74.00292,-167.0097,3.706902,-13.98798,11.12513,265.5785,359.5431
74.11945,-167.0082,3.707888,-13.98681,11.24378,266.4406,359.7933
74.23486,-167.0079,3.709642,-13.98564,10.42648,266.342,359.6533
74.35065,-167.0083,3.71103,-13.98387,10.30439,265.3264,359.4093
74.4659,-167.0097,3.711985,-13.98203,9.928351,263.4343,358.3559
74.57961,-167.0108,3.713091,-13.97972,8.861773,262.2424,357.4698
74.69004,-167.0123,3.71344,-13.97741,8.864139,261.1037,357.1218
74.80176,-167.0155,3.714399,-13.9748,8.206118,260.8283,356.5324
74.91531,-167.0181,3.713592,-13.97199,9.121293,263.0037,357.2322
75.0293,-167.0204,3.713559,-13.97114,9.348345,263.6404,358.0031
75.14507,-167.0229,3.712755,-13.97386,9.288315,262.0594,357.6318
75.25919,-167.0269,3.710854,-13.97411,10.87062,261.5245,357.9444
75.36887,-167.032,3.709616,-13.97397,11.30816,261.7824,357.8574
75.48044,-167.0376,3.708526,-13.97558,11.57794,261.9731,358.2162
75.59332,-167.0431,3.707388,-13.97722,11.93982,259.7526,357.2423
75.70988,-167.0497,3.706253,-13.97754,11.82955,260.07,356.945
75.82457,-167.0576,3.704621,-13.97952,12.6887,259.1733,356.729
75.93945,-167.0669,3.70314,-13.98109,13.11985,258.2281,356.1425
76.0471,-167.0745,3.702487,-13.98027,12.2562,260.0109,356.4077
76.15804,-167.077,3.703518,-13.97919,12.92214,261.0026,357.2957
76.27112,-167.0784,3.705099,-13.97939,11.86588,263.1995,357.9221
76.38439,-167.0775,3.703585,-13.98195,14.07895,263.7198,359.6927
76.49889,-167.0759,3.705359,-13.98414,11.36475,265.6089,359.7536
76.61348,-167.0725,3.707066,-13.98541,10.17246,264.9611,359.888
76.7291,-167.068,3.70878,-13.98613,8.854949,265.4381,359.7373
76.84531,-167.0621,3.710034,-13.98666,7.834306,265.9305,359.959
76.9615,-167.0573,3.71025,-13.98868,8.085039,263.5734,359.474
77.0751,-167.0528,3.711314,-13.98966,7.313266,263.6009,359.2966
77.18227,-167.0481,3.712828,-13.99141,6.850946,262.2607,359.2367
77.29422,-167.044,3.712658,-13.99285,7.591111,262.7926,359.9112
77.40535,-167.0399,3.712495,-13.99583,7.905377,261.9597,0.0101936
77.51858,-167.0375,3.71284,-13.99817,8.216412,260.0207,359.4587
77.63271,-167.0349,3.712869,-13.99673,8.092448,260.9353,359.629
77.7468,-167.0314,3.713071,-13.99583,7.79677,261.2339,359.4887
77.8605,-167.028,3.713724,-13.99508,7.149589,261.5363,359.3076
77.97386,-167.0248,3.714434,-13.99502,6.645133,261.0838,359.0493
78.0882,-167.0228,3.715375,-13.99415,5.78138,261.5934,358.8658
78.20264,-167.0197,3.716556,-13.99328,5.145437,261.7062,358.6741
78.31635,-167.0179,3.716844,-13.99311,5.129263,261.9566,358.7586
78.42558,-167.0138,3.716537,-13.99378,5.25781,262.2498,359.2053
78.53791,-167.009,3.716944,-13.99389,5.968626,265.032,0.4364578
78.65318,-167.0082,3.715346,-13.99698,7.287946,264.3145,1.597643
78.77038,-167.0098,3.715897,-13.99921,6.363507,262.3947,0.5534704
78.88482,-167.0111,3.716132,-13.99959,6.247111,262.036,0.1881849
78.99825,-167.0118,3.716268,-13.99963,6.068736,261.3824,359.7366
79.10577,-167.0104,3.717636,-13.99761,4.650937,263.4423,359.6504
79.2188,-167.0081,3.718924,-13.9971,3.625599,264.4588,359.6957
79.33323,-167.0068,3.719912,-13.99717,3.178792,263.996,359.8238
79.44982,-167.0059,3.719436,-13.99712,3.214733,263.61,359.7827
79.55713,-167.0051,3.719021,-13.99483,3.452857,264.3209,359.9851
79.66614,-167.0045,3.718358,-13.99337,3.893063,264.8256,0.009022367
79.77729,-167.0048,3.718668,-13.99131,4.807707,264.4297,0.1131501
79.89484,-167.0038,3.718708,-13.98971,5.557769,264.0438,359.6086
80.00411,-167.0032,3.717773,-13.98951,6.547277,263.6024,359.1594
80.11763,-167.0025,3.716529,-13.98628,7.721042,264.1038,359.7368
80.23373,-167.0031,3.71643,-13.98356,7.915277,264.5958,359.6231
80.34795,-167.0034,3.715023,-13.9802,8.442921,266.2812,359.9116
80.46124,-167.0006,3.712973,-13.98076,10.85887,263.6832,0.1300286
80.57333,-167.0011,3.712049,-13.9794,10.37069,263.2251,359.0508
80.68639,-167.0005,3.712346,-13.9782,10.04979,262.4745,358.6819
80.79609,-166.9989,3.71402,-13.97658,9.620849,263.143,358.944
80.90662,-166.9982,3.715045,-13.9748,8.34071,264.0056,359.2326
81.01867,-167.0001,3.716076,-13.97631,7.190956,264.6708,359.4356
81.12695,-167,3.716796,-13.97708,6.928163,264.7167,359.8858
81.23785,-167.0009,3.716841,-13.97862,7.01885,265.2444,0.130825
81.35155,-167.0005,3.716863,-13.97962,7.425733,264.7703,0.1781491
81.46546,-166.9992,3.716727,-13.98128,7.906003,263.9672,0.3617607
81.58218,-167.0006,3.716612,-13.98156,7.417675,264.3077,359.9678
81.69666,-167.0002,3.71683,-13.98039,7.313989,264.8883,359.9633
81.80694,-167.0006,3.716292,-13.98129,7.297163,265.8102,0.1344711
81.91858,-167.0014,3.715729,-13.98384,7.28884,265.4384,0.09220586
82.03078,-167.0013,3.71554,-13.98671,7.298704,265.6946,0.2956618
82.14653,-167.0002,3.715968,-13.98936,6.186306,265.1362,0.2512482
82.26084,-166.9989,3.716243,-13.99076,6.568612,265.3718,0.5335
82.37427,-166.9986,3.715531,-13.9934,6.827077,265.0331,0.7114801
82.48865,-166.9975,3.71644,-13.99461,6.48089,264.1072,0.4263176
82.60452,-166.9965,3.717279,-13.99491,5.817196,263.4718,0.1257116
82.71838,-166.9947,3.718426,-13.9945,5.571023,263.0989,0.06356337
82.82826,-166.9922,3.71972,-13.99348,5.117144,263.6434,0.3557747
82.93982,-166.9889,3.721033,-13.99355,4.369849,263.9562,0.4491678
83.05186,-166.9857,3.722194,-13.99251,3.821843,266.4922,0.8090752
83.16477,-166.9861,3.722455,-13.99355,3.038872,266.5988,1.123655
83.27877,-166.9832,3.722386,-13.99512,3.648062,266.0099,1.173967
83.39233,-166.9801,3.722123,-13.99607,3.671226,265.97,1.298343
83.5067,-166.975,3.722427,-13.99629,3.79565,265.7874,1.346963
83.61937,-166.97,3.722704,-13.9945,3.241274,266.283,1.137005
83.73394,-166.9634,3.723343,-13.99305,2.43627,266.1874,0.8584719
83.84789,-166.9593,3.72401,-13.99214,1.987029,265.4614,0.4551497
83.95753,-166.9566,3.724669,-13.99096,1.990581,265.8073,0.7321191
84.06763,-166.9561,3.726433,-13.98979,1.028767,265.5123,0.298965
84.18093,-166.9551,3.726247,-13.98806,1.412768,265.9158,0.6088187
84.29884,-166.9574,3.727129,-13.9886,0.7847629,265.2073,0.3709521
84.41576,-166.9588,3.727031,-13.98806,0.8234277,264.189,0.2546965
84.53125,-166.9596,3.727385,-13.98653,0.4624786,264.1951,0.1266501
84.64548,-166.96,3.728333,-13.98506,0.4075198,262.9211,359.9453
84.75455,-166.9647,3.72795,-13.9826,0.7259537,263.5045,0.08656754
84.86565,-166.9672,3.727582,-13.98103,0.6825243,263.7447,359.4029
84.96826,-166.9694,3.727629,-13.98059,0.2265391,262.0217,358.7759
85.0825,-166.9713,3.725969,-13.97801,1.523543,260.8846,358.8196
85.19584,-166.9714,3.725815,-13.97327,1.300813,262.3722,358.3745
85.30991,-166.9703,3.726034,-13.97069,0.7988245,262.8316,358.3615
85.42587,-166.9708,3.725423,-13.96956,1.046132,262.767,358.4758
85.5411,-166.973,3.725664,-13.96931,1.087768,262.525,358.2422
85.6556,-166.9766,3.725568,-13.96709,1.012693,263.0435,358.2922
85.76896,-166.9795,3.725523,-13.96762,1.327154,261.7249,358.1071
85.88173,-166.9822,3.724195,-13.9669,2.504255,262.2214,357.6046
85.99698,-166.9851,3.723969,-13.9674,3.032444,261.596,356.2028
86.10339,-166.9876,3.719661,-13.96587,6.547215,261.6292,357.4105
86.21574,-166.985,3.718914,-13.96332,7.604528,262.3186,356.4736
86.3312,-166.9825,3.717422,-13.96267,9.285183,264.9908,358.7922
86.44787,-166.9793,3.71686,-13.96372,9.191898,265.2824,359.1573
86.55696,-166.9768,3.718136,-13.96514,8.801723,265.956,359.9228
86.66856,-166.9745,3.718655,-13.96715,8.451086,264.72,359.2924
86.7821,-166.9712,3.720519,-13.9654,7.650955,264.4836,358.9695
86.89692,-166.9684,3.722083,-13.96366,6.89793,264.3167,358.6974
87.01203,-166.9673,3.723815,-13.96377,5.357953,264.9565,358.2594
87.1275,-166.9659,3.724112,-13.96347,5.389827,264.1891,357.5897
87.24297,-166.9635,3.723624,-13.96243,4.671012,264.9002,357.489
87.35951,-166.9618,3.724086,-13.96078,4.361383,265.1725,357.8872
87.47482,-166.9617,3.724836,-13.96087,3.659367,265.406,358.4832
87.58997,-166.9619,3.724825,-13.96159,3.794805,265.8869,358.5557
87.69657,-166.9612,3.725874,-13.96177,3.145006,266.9205,359.0181
87.80666,-166.9604,3.726767,-13.96353,2.626281,266.9465,359.3201
87.91664,-166.9598,3.72663,-13.96598,2.935707,266.6621,359.1556
88.02931,-166.9613,3.727103,-13.96845,2.263495,266.785,358.9195
88.14444,-166.963,3.726812,-13.9702,2.224804,267.279,359.1093
88.26098,-166.9656,3.727298,-13.97374,2.020289,267.2516,359.1356
88.37611,-166.966,3.727794,-13.97464,2.206809,268.1958,359.5741
88.48714,-166.9693,3.728363,-13.97605,1.454114,267.7679,359.5808
88.59776,-166.9733,3.729046,-13.97578,1.006865,268.2839,359.6336
88.7104,-166.9749,3.729468,-13.97584,0.3697806,269.3378,359.4825
88.82311,-166.979,3.729178,-13.97475,1.096284,268.1901,358.6472
88.94034,-166.9837,3.727386,-13.97469,2.755774,267.4367,358.1981
89.0547,-166.9879,3.725633,-13.97411,3.778814,266.1749,357.433
89.17109,-166.9938,3.723494,-13.9741,5.040278,266.3317,357.6882
89.28081,-166.9984,3.723702,-13.9764,5.198359,265.1796,357.6227
89.39188,-167.0049,3.729208,-13.97909,1.858204,265.2813,357.596
89.5077,-167.0106,3.72403,-13.97957,4.66517,265.3019,358.8518
89.62446,-167.0134,3.723811,-13.97777,4.705093,266.8738,359.0288
89.74022,-167.0167,3.722303,-13.97601,5.632617,267.3698,359.1981
89.85231,-167.0202,3.722132,-13.97482,5.767253,267.6639,359.4897
89.96574,-167.0219,3.721047,-13.97423,6.245292,268.0338,359.2673
90.08047,-167.0211,3.715971,-13.97191,9.698612,269.5204,357.8004
90.19587,-167.0324,3.70954,-13.97196,13.94605,268.233,358.1615
90.31183,-167.0496,3.708607,-13.96979,13.07282,265.9797,358.5692
90.42689,-167.0641,3.707101,-13.9623,13.67857,263.9865,359.1712
90.54101,-167.0746,3.702671,-13.95523,15.19988,261.824,359.4012
90.65671,-167.0815,3.699553,-13.95103,16.1581,258.2706,359.477
90.77119,-167.088,3.69697,-13.94525,16.7974,255.8064,358.5365
90.88101,-167.0943,3.696433,-13.93584,16.47501,255.9014,358.6873
90.98544,-167.1008,3.694883,-13.92569,16.89285,256.0364,358.8385
91.09393,-167.1085,3.6938,-13.91431,17.09001,257.577,359.5191
91.20976,-167.1143,3.686618,-13.90179,20.39857,260.4355,0.1707685
91.32313,-167.1165,3.684962,-13.89407,20.93229,262.178,0.6851207
91.43904,-167.106,3.672879,-13.88953,25.19335,263.687,1.384851
91.55589,-167.1074,3.678815,-13.89448,24.31209,262.3475,2.53834
91.66874,-167.1289,3.679684,-13.90705,21.67979,262.8944,2.711769
91.78164,-167.1484,3.67288,-13.92497,24.16162,264.1819,3.810068
91.89687,-167.1747,3.681759,-13.95067,20.79456,266.4466,3.721359
92.01345,-167.2028,3.684892,-13.98385,19.64308,267.319,5.302813
92.12837,-167.2253,3.686792,-14.0104,20.20268,268.4287,4.636096
92.24543,-167.2441,3.689528,-14.03927,19.90019,270.4517,4.844196
92.36356,-167.2536,3.691389,-14.06095,19.28905,272.4708,4.896562
92.48172,-167.2607,3.693796,-14.08099,18.29869,274.5501,4.76661
92.59769,-167.2655,3.696673,-14.09321,18.24737,275.3656,4.155791
92.71533,-167.2761,3.701941,-14.10017,15.66669,276.1203,4.878433
92.83215,-167.2897,3.702579,-14.09866,15.02115,277.0998,5.154075
92.94744,-167.3025,3.704279,-14.09273,14.63877,277.9958,5.090178
93.06417,-167.3189,3.704373,-14.08309,14.28818,278.454,5.158818
93.17928,-167.3332,3.701349,-14.07043,14.89047,276.924,5.16885
93.2971,-167.3503,3.689832,-14.05234,22.39609,270.0104,3.378995
93.41475,-167.3806,3.687064,-14.03339,24.90081,263.5037,1.077418
93.53037,-167.4167,3.687316,-14.00892,24.37297,261.4377,0.7075346
93.64795,-167.4484,3.69002,-13.98926,23.23079,260.0764,0.1032112
93.7664,-167.4886,3.687714,-13.96937,22.8399,258.9984,0.2569307
93.88531,-167.5264,3.679363,-13.95854,23.56919,257.2626,0.6053975
94.00192,-167.5653,3.684968,-13.96102,22.78661,256.828,3.17307
94.11768,-167.6058,3.681931,-13.97589,20.98702,256.3348,5.435722
94.23559,-167.6344,3.677134,-13.99945,21.57713,256.8588,4.639034
94.35454,-167.6582,3.694782,-14.02908,17.84588,257.0343,3.912847
94.47213,-167.6857,3.702482,-14.05617,15.79771,257.5635,3.645927
94.58965,-167.7118,3.698636,-14.07543,15.88904,259.245,2.095791
94.70683,-167.7357,3.702387,-14.08965,15.7487,260.1154,1.139016
94.8243,-167.7659,3.704442,-14.10094,13.96574,260.2916,0.3050052
94.94037,-167.8036,3.699554,-14.11645,14.58886,259.7171,1.911236
95.05668,-167.8464,3.686665,-14.13032,18.5906,256.0444,4.551685
95.17339,-167.8769,3.685328,-14.12758,23.25504,249.9832,3.299163
95.28957,-167.9167,3.690682,-14.12826,20.94261,244.0787,1.724122
95.39826,-167.9463,3.691127,-14.12915,21.55918,241.6052,0.9299446
95.50512,-167.974,3.692157,-14.13106,21.71924,238.9158,0.3722786
95.61388,-167.9969,3.686921,-14.13463,24.19005,236.5673,0.997921
95.72291,-168.0141,3.675593,-14.14146,30.08001,232.1292,2.136979
95.82787,-168.0296,3.663766,-14.15605,32.01869,228.5111,5.253933
95.93146,-168.0399,3.651459,-14.17269,37.25067,223.2629,8.919758
96.03615,-168.0512,3.650033,-14.19377,36.59084,219.4787,8.102878
96.13984,-168.0626,3.642085,-14.22305,37.76771,217.0619,8.438391
96.24554,-168.0708,3.633542,-14.25635,40.08464,216.1826,9.005637
96.3577,-168.0768,3.621718,-14.29833,41.18998,215.9679,10.59626
96.45786,-168.0869,3.616741,-14.35026,42.44775,215.7268,12.00313
96.5675,-168.1067,3.593797,-14.41245,44.6955,215.0228,14.67826
96.68053,-168.1244,3.572276,-14.46174,48.93935,217.7847,18.32273
96.79166,-168.1371,3.573323,-14.48703,48.32833,218.4722,18.3721
96.89624,-168.158,3.57584,-14.49718,48.37969,219.6892,15.80974
97.01144,-168.1767,3.580541,-14.50097,47.93457,223.4159,13.76178
97.11929,-168.1782,3.586503,-14.49853,47.35929,225.376,13.08066
97.22263,-168.1696,3.591478,-14.4936,45.30883,224.2295,10.20156
97.32642,-168.1577,3.595567,-14.48396,42.47839,223.5069,8.014294
97.42828,-168.1476,3.595979,-14.47853,38.18089,225.2589,8.74193
97.54092,-168.1343,3.595926,-14.47328,31.15355,225.1093,9.034541
97.65952,-168.1184,3.595576,-14.47086,28.10373,226.9481,9.856549
97.77202,-168.0937,3.592352,-14.47402,23.57733,226.3987,9.859613
97.88834,-168.0807,3.581801,-14.48025,18.21542,226.8458,10.72254
97.99138,-168.0713,3.564482,-14.48517,15.54551,227.6304,10.25586
98.10801,-168.0564,3.536252,-14.49768,9.957036,227.604,11.05163
98.21298,-168.0386,3.514596,-14.51491,6.46219,224.0164,14.78343
98.3287,-168.0137,3.480327,-14.54583,3.799625,214.8255,19.63384
98.43907,-167.9991,3.429178,-14.5632,7.634227,205.1887,26.07995
98.54545,-167.9946,3.377369,-14.56995,11.10564,197.2077,32.04763
98.64565,-167.9997,3.315436,-14.56205,14.37273,187.3857,37.60276
98.74919,-168.0257,3.265999,-14.5492,18.92345,181.9256,42.2766
98.85995,-168.0663,3.218416,-14.52549,24.86243,175.6139,43.56995
98.97143,-168.1155,3.183606,-14.49909,28.362,169.5974,43.21335
99.0825,-168.1787,3.165008,-14.46097,28.54195,167.1103,45.96096
99.19335,-168.2493,3.125522,-14.43112,31.07834,171.7659,51.9267
99.30495,-168.318,3.100583,-14.41383,33.94874,176.4263,49.52626
99.42468,-168.382,3.087812,-14.40314,44.96317,185.6841,49.89807
99.53318,-168.4262,3.077169,-14.40061,48.7239,183.0219,44.421
99.64037,-168.4893,3.06884,-14.41589,48.28742,185.7506,39.89096
99.75249,-168.5459,3.092138,-14.42204,42.64982,183.5207,34.95253
99.86216,-168.5958,3.113303,-14.41799,36.98146,176.6853,27.19264
99.9743,-168.6252,3.117788,-14.40747,32.92158,172.7329,21.34724
100.0908,-168.6396,3.125896,-14.38889,31.0503,171.5848,19.42671
100.2018,-168.6417,3.145616,-14.36834,24.29259,169.4849,17.5578
100.3107,-168.6376,3.156556,-14.34621,20.39353,169.3559,17.98012
100.4221,-168.6293,3.168748,-14.33108,17.24647,169.6136,18.68267
100.5326,-168.6201,3.174517,-14.32826,14.95517,172.1044,15.59464
100.6448,-168.6132,3.181137,-14.33312,15.18756,177.4395,11.71611
100.7574,-168.6164,3.184808,-14.34028,16.93961,187.3148,5.76179
100.8752,-168.6267,3.159355,-14.35695,26.9104,195.011,357.4978
100.9907,-168.6408,3.155029,-14.37824,30.67284,193.9135,351.3421
101.0965,-168.6519,3.163637,-14.38362,26.76484,193.9461,351.0207
101.2009,-168.66,3.172328,-14.38232,23.99577,194.6672,353.4876
101.3167,-168.6715,3.181769,-14.37809,23.76038,192.727,354.4659
101.4228,-168.6831,3.189591,-14.37425,26.72537,189.9174,357.9023
101.5232,-168.6966,3.179872,-14.35663,31.49641,188.0829,1.783488
101.6269,-168.7074,3.165863,-14.33411,34.55706,187.6562,2.876713
101.7421,-168.7149,3.144665,-14.29176,44.92534,187.3491,4.066332
101.8585,-168.714,3.135096,-14.25969,47.13919,184.3312,2.622951
101.9682,-168.7035,3.142844,-14.24515,45.17278,181.5476,0.02985627
102.0879,-168.6892,3.154181,-14.2488,41.87184,180.9059,1.56743
102.2007,-168.6753,3.164101,-14.24883,37.24174,180.5868,4.930599
102.3203,-168.6666,3.171021,-14.24453,32.37026,178.1191,5.915432
102.4339,-168.662,3.187315,-14.25296,26.93694,172.9569,6.502977
102.5467,-168.6669,3.192229,-14.25766,23.6801,168.5713,4.30585
102.6557,-168.6668,3.19346,-14.2542,22.13303,166.5179,3.373152
102.7662,-168.6709,3.204433,-14.24549,18.08329,164.1275,2.661893
102.8776,-168.6744,3.21224,-14.24314,11.59109,162.8835,1.432703
102.9889,-168.6772,3.221824,-14.24478,7.297016,163.1832,0.5297988
103.0948,-168.6798,3.223206,-14.24202,6.879734,165.4476,358.4026
103.2011,-168.6822,3.221531,-14.23284,6.920216,169.6165,357.5172
103.3048,-168.6799,3.22097,-14.2181,7.681959,170.8477,356.9018
103.4129,-168.6789,3.226956,-14.20839,5.265252,171.987,358.6307
103.5216,-168.6821,3.229574,-14.20538,4.494579,174.1679,359.6037
103.6312,-168.6889,3.230854,-14.20401,4.550222,178.1936,0.09352888
103.7408,-168.6939,3.23186,-14.20142,4.284483,181.0613,359.9715
103.8511,-168.6962,3.233474,-14.19836,3.229645,181.8806,0.4849592
103.9635,-168.6962,3.235812,-14.19708,2.029956,181.4737,0.4381667
104.0798,-168.6969,3.237746,-14.19659,0.4998148,181.9588,0.4957463
104.1911,-168.6991,3.238952,-14.19652,359.9384,183.0414,0.5206751
104.3039,-168.7024,3.241069,-14.19602,359.0709,184.47,359.9385
104.4185,-168.7063,3.242749,-14.19541,357.8371,184.8842,0.2308575
104.5317,-168.7078,3.247332,-14.19891,356.0859,185.0166,359.2384
104.6492,-168.7069,3.247751,-14.20152,355.1698,185.7103,358.1699
104.7597,-168.7043,3.246326,-14.1984,356.6484,186.5143,357.9875
104.871,-168.7006,3.243896,-14.18946,357.5691,186.7266,358.6745
104.9818,-168.6988,3.247136,-14.18418,357.6474,185.6768,359.1167
105.0934,-168.6977,3.248031,-14.18263,359.1357,184.7529,358.4965
105.2095,-168.6961,3.23917,-14.18201,2.483737,184.3419,358.8102
105.3192,-168.6926,3.236122,-14.18411,4.712171,183.1231,0.155478
105.4321,-168.689,3.233614,-14.18682,5.993562,182.4311,0.3226297
105.5455,-168.6877,3.233406,-14.18871,6.903503,181.8335,1.219844
105.6479,-168.6906,3.234661,-14.19068,6.788076,182.2814,1.414197
105.7539,-168.6976,3.233617,-14.19191,6.559748,183.476,0.2624587
105.8618,-168.704,3.232873,-14.19164,4.399374,186.2013,358.6583
105.9741,-168.7085,3.232992,-14.19103,2.653901,187.9395,357.8721
106.0753,-168.7104,3.234301,-14.19094,1.924881,188.6504,357.5478
106.1861,-168.7113,3.233738,-14.18984,1.885733,188.9809,357.5775
106.3,-168.7103,3.234873,-14.18964,1.393901,188.6894,357.9684
106.4015,-168.7102,3.235631,-14.18881,0.5738076,188.4935,357.6909
106.5118,-168.7095,3.236731,-14.18819,0.2096075,187.9542,357.7188
106.6243,-168.7076,3.237379,-14.18788,359.8364,187.2379,358.1906
106.7353,-168.7061,3.238279,-14.18799,359.0873,186.7381,358.3095
106.8399,-168.7061,3.23835,-14.18796,359.4711,186.7582,358.1236
106.9498,-168.7063,3.238509,-14.1879,359.2348,186.8116,358.442
107.0628,-168.7062,3.238868,-14.18838,359.213,186.6691,358.5352
107.1636,-168.7066,3.238138,-14.18898,359.5226,186.744,358.457
107.2688,-168.7067,3.23802,-14.18932,359.5951,186.742,358.5806
107.38,-168.7065,3.237741,-14.18951,359.7274,186.6658,358.7039
107.4955,-168.706,3.237902,-14.18964,359.5489,186.4708,358.9078
107.6146,-168.7052,3.237439,-14.19011,359.8219,186.495,359.0535
107.726,-168.7051,3.237214,-14.19029,359.8812,187.0338,359.2975
107.8366,-168.7068,3.236344,-14.19089,0.4316533,188.1933,359.252
107.9498,-168.709,3.235196,-14.19166,0.9455268,189.3331,359.2123
108.0566,-168.7205,3.230314,-14.192,4.169666,195.1661,357.8111
108.166,-168.741,3.222346,-14.19192,9.180974,206.4088,356.7063
108.2765,-168.7655,3.215499,-14.19184,12.19311,217.1529,355.8765
108.3814,-168.7911,3.209766,-14.18467,13.23885,231.0914,356.1192
108.4985,-168.8084,3.204578,-14.17659,14.91447,239.6509,356.4986
108.61,-168.8145,3.203088,-14.17503,15.19022,239.5119,355.7393
108.7283,-168.8145,3.204393,-14.17442,14.26796,238.8813,355.6501
108.8424,-168.8086,3.207273,-14.17787,13.05349,236.6381,355.7865
108.9612,-168.7955,3.210656,-14.18764,11.92663,228.4415,355.629
109.0744,-168.7663,3.213793,-14.20556,11.52479,208.3011,355.4763
109.1759,-168.7415,3.219075,-14.21485,8.376923,193.224,353.8644
109.28,-168.7294,3.221858,-14.21665,6.699987,188.5607,352.6236
109.3821,-168.7272,3.222166,-14.21616,6.725776,190.7144,354.4887
109.488,-168.7267,3.223246,-14.21475,6.270721,190.7216,355.0032
109.5883,-168.7218,3.225133,-14.2137,5.533484,188.0872,356.058
109.708,-168.7128,3.228693,-14.21141,3.915686,183.7886,358.5614
109.8176,-168.7036,3.232235,-14.20749,1.467447,180.8,359.5972
109.9309,-168.6999,3.234941,-14.20397,359.733,181.5871,0.0554409
110.0396,-168.6976,3.237344,-14.20224,357.5555,181.9742,359.9108
110.1509,-168.6963,3.238887,-14.20251,356.1204,181.8745,359.7303
110.2626,-168.6973,3.238461,-14.20194,357.7366,182.3783,0.9503903
110.3759,-168.6978,3.237248,-14.20091,358.877,182.7792,0.4395614
110.4929,-168.6946,3.236783,-14.20479,358.3426,181.4118,1.124832
110.6044,-168.6911,3.235919,-14.2085,358.328,179.3687,2.406219
110.716,-168.6888,3.236672,-14.20974,356.807,177.217,2.172607
110.829,-168.6896,3.240959,-14.20851,354.3137,177.6911,1.830495
110.9374,-168.6882,3.242667,-14.20573,353.0935,177.5883,1.294877
111.0448,-168.6893,3.240484,-14.20593,354.7394,178.695,1.669533
111.1523,-168.6911,3.239867,-14.20589,355.5105,179.8543,1.563883
111.2634,-168.6917,3.239617,-14.20689,355.2909,180.0137,1.840641
111.3736,-168.694,3.239889,-14.20708,355.149,180.81,1.586993
111.4885,-168.6945,3.238588,-14.20796,355.8391,181.1739,1.698784
111.5961,-168.695,3.238638,-14.20761,355.9352,181.431,1.447457
111.7084,-168.692,3.239005,-14.2086,355.3143,179.9245,2.296424
111.8207,-168.694,3.237283,-14.20972,356.4128,181.1854,1.81686
111.931,-168.6905,3.236,-14.20826,358.5588,179.8563,1.367752
112.0374,-168.6861,3.238654,-14.20388,356.3812,179.6551,2.650697
112.1442,-168.686,3.23898,-14.20586,355.069,179.4332,2.483986
112.248,-168.6881,3.239543,-14.21006,355.0859,181.0464,1.699793
112.3526,-168.6908,3.237216,-14.20956,357.1844,180.8186,3.014122
112.4698,-168.6943,3.23628,-14.20468,358.4011,182.0074,0.2158388
112.5813,-168.6949,3.238379,-14.20112,356.467,182.0837,0.2776221
112.6948,-168.6956,3.238327,-14.20033,356.6574,182.0754,359.7911
112.81,-168.6963,3.238317,-14.20101,356.5099,182.6727,359.7804
112.9233,-168.6957,3.239048,-14.20149,356.1795,182.4911,359.8212
113.0332,-168.6962,3.238432,-14.20129,356.3729,182.8333,359.8481
113.1466,-168.6968,3.238679,-14.20086,356.227,183.1007,359.6711
113.2652,-168.6971,3.238415,-14.20105,356.5072,183.1534,359.6709
113.3772,-168.6971,3.238032,-14.20055,356.5402,183.2779,359.7916
113.4897,-168.697,3.238402,-14.20008,356.3652,183.2419,359.7845
113.5993,-168.697,3.238564,-14.19982,356.3698,183.3198,359.7198
113.7095,-168.6967,3.239028,-14.19932,355.9921,183.2754,359.832
113.8201,-168.6967,3.239797,-14.19868,355.7752,183.0906,359.8479
113.9363,-168.6966,3.240098,-14.1981,355.6849,182.9395,359.9073
114.0469,-168.6961,3.240683,-14.19788,355.6667,182.7102,0.1237422
114.158,-168.696,3.240345,-14.19684,356.3058,182.8961,0.6152441
114.271,-168.6968,3.240268,-14.195,356.3189,183.8043,1.23556
114.3789,-168.6964,3.24125,-14.19471,355.8968,183.2669,0.8570358
114.4838,-168.6959,3.240964,-14.19471,355.8888,183.2213,0.959119
114.5885,-168.6959,3.240781,-14.19561,356.2239,183.0171,0.8847625
114.7014,-168.6963,3.239902,-14.19595,356.643,183.2221,0.851522
114.8045,-168.6969,3.239773,-14.19595,356.6277,183.611,0.8667548
114.9222,-168.6979,3.240132,-14.1956,356.4798,184.2953,0.8225424
115.0341,-168.699,3.239938,-14.19513,356.2955,185.1436,0.7275581
115.1427,-168.7001,3.239619,-14.1958,356.6242,185.3884,0.4435525
115.2523,-168.7003,3.239074,-14.19609,356.807,185.4392,0.4736556
115.3581,-168.6998,3.238924,-14.19578,356.8052,185.1426,0.6609265
115.4621,-168.6992,3.238745,-14.19526,356.9128,185.1063,0.5820317
115.5758,-168.6993,3.238482,-14.19456,356.9644,185.3303,0.5503018
115.6847,-168.6993,3.239024,-14.19405,356.819,185.2862,0.5448836
115.7945,-168.6996,3.23871,-14.19387,356.8645,185.3678,0.4515409
115.9043,-168.6993,3.239968,-14.19445,356.0798,185.1326,359.6034
116.0163,-168.6994,3.240058,-14.19519,356.093,185.297,359.5979
116.1266,-168.7003,3.238012,-14.19441,357.6773,185.7128,0.8059068
116.2431,-168.6991,3.237374,-14.19444,358.2082,184.6857,359.8671
116.3543,-168.6962,3.233088,-14.19417,1.202575,182.7209,359.5685
116.4657,-168.6936,3.224523,-14.19312,8.171524,180.4596,359.9861
116.5778,-168.6915,3.21717,-14.19486,13.60859,178.3578,0.4625343
116.69,-168.6892,3.216303,-14.19799,14.05913,176.5451,359.769
116.7922,-168.6888,3.215363,-14.19986,14.32027,176.3893,359.7703
116.9032,-168.6895,3.214798,-14.20163,14.44524,177.0214,359.8174
117.0167,-168.691,3.213876,-14.20355,14.65913,177.8253,359.9083
117.1305,-168.6922,3.213466,-14.20581,14.65228,178.4256,0.1237398
117.2443,-168.693,3.212751,-14.20753,14.76949,178.5122,0.1397
117.3603,-168.6935,3.212209,-14.2082,14.92633,178.7822,0.1557257
117.474,-168.6936,3.212301,-14.20933,14.76328,178.8216,0.1906227
117.5885,-168.694,3.210757,-14.21198,15.14373,178.7607,0.01252677
117.7049,-168.6945,3.210484,-14.21477,15.27497,178.8873,359.9346
117.8141,-168.6952,3.209419,-14.21577,15.46831,179.1634,0.006079402
117.9274,-168.696,3.209429,-14.21706,15.36362,179.3682,359.8032
118.0416,-168.6964,3.209469,-14.21798,15.18041,179.6022,-0.001973305
118.1529,-168.6966,3.209529,-14.21819,15.16222,179.8896,0.07096952
118.2551,-168.6966,3.210174,-14.21771,14.80945,180.1942,0.1406805
118.3645,-168.6962,3.211669,-14.21583,14.13809,180.5677,0.4770433
118.4665,-168.6964,3.214252,-14.21413,12.78273,180.9724,0.6458824
118.5778,-168.6972,3.219637,-14.21022,9.523657,182.0828,0.9313041
118.6915,-168.6984,3.223755,-14.20353,7.32524,183.3232,1.385518
118.7923,-168.6987,3.225473,-14.19971,6.548519,183.6202,1.447285
118.9107,-168.6984,3.227754,-14.19822,5.112854,183.412,1.221049
119.0124,-168.698,3.229848,-14.19793,3.819695,183.4812,1.309672
119.1282,-168.698,3.230822,-14.1977,2.987473,183.8812,1.244357
119.2282,-168.6981,3.232242,-14.19729,2.214548,184.0516,1.280025
119.3284,-168.698,3.232894,-14.19697,2.0491,183.9283,1.292121
119.4286,-168.6975,3.232032,-14.1967,2.767548,183.6186,1.533433
119.5293,-168.6971,3.228695,-14.19907,4.579904,183.2027,1.619726
119.6456,-168.6973,3.227467,-14.20363,5.145689,183.1467,0.9996552
119.7458,-168.6976,3.22689,-14.20574,4.869905,183.5073,1.111978
119.8629,-168.6977,3.228273,-14.20547,3.929747,184.4304,1.468789
119.9632,-168.6965,3.230403,-14.20794,1.824388,184.3737,1.507285
120.0639,-168.6971,3.230759,-14.20841,1.638672,183.9451,0.7402685
120.1653,-168.7007,3.231854,-14.20333,0.8510687,185.0201,0.2114473
120.2754,-168.7012,3.235705,-14.19906,358.6865,184.9465,359.4538
120.3831,-168.6992,3.23749,-14.19786,357.5002,183.5403,359.1628
120.4991,-168.699,3.237104,-14.19686,358.1397,183.4794,358.9435
120.6107,-168.6989,3.238876,-14.19732,356.2946,182.7913,359.1003
120.7131,-168.7,3.242028,-14.19814,354.1522,182.4731,358.7882
120.8268,-168.7001,3.242801,-14.20019,353.4969,182.685,359.0696
120.9354,-168.699,3.241516,-14.20325,354.3562,182.2918,359.44
121.0457,-168.6992,3.240382,-14.20527,354.781,182.3542,359.0973
121.1597,-168.698,3.238503,-14.20725,355.6086,182.2506,359.5767
121.2702,-168.6962,3.237701,-14.20691,355.7529,181.671,359.0491
121.3796,-168.6972,3.237345,-14.20713,355.9195,182.174,359.3444
121.4891,-168.6982,3.237759,-14.20787,356.1776,182.008,359.0289
121.5999,-168.6966,3.234008,-14.20882,358.5497,181.116,357.8671
121.7109,-168.6942,3.232426,-14.20751,0.8081383,181.5331,359.4603
121.8276,-168.6901,3.235759,-14.20491,357.7264,181.815,0.2691658
121.9378,-168.6923,3.240904,-14.20391,354.2751,182.9027,0.2521147
122.049,-168.6965,3.243987,-14.20345,352.9074,184.9633,358.9142
122.1558,-168.6985,3.244692,-14.20405,352.5433,184.8889,0.9590613
122.2658,-168.7006,3.243094,-14.20229,353.5649,184.7169,359.4769
122.3701,-168.6993,3.245168,-14.19788,352.5507,184.1433,359.6975
122.4811,-168.6995,3.245271,-14.1953,352.5341,184.195,359.3327
122.5889,-168.7001,3.245541,-14.19392,352.6425,184.6122,358.9756
122.6981,-168.6997,3.242013,-14.19296,354.9811,184.1137,358.7224
122.8009,-168.6983,3.242513,-14.19333,354.7449,183.0743,358.9521
122.9147,-168.6977,3.242398,-14.19342,354.7176,182.9828,359.1317
123.0247,-168.6977,3.241926,-14.19324,354.903,183.2951,359.1653
123.1272,-168.6969,3.241606,-14.19303,355.2452,182.9963,359.2064
123.2436,-168.6967,3.24127,-14.1929,355.1866,182.9447,359.3938
123.3527,-168.6972,3.24083,-14.1933,355.536,183.1217,359.322
123.465,-168.6971,3.241055,-14.19341,355.3639,183.0242,359.2971
123.5834,-168.6969,3.240973,-14.1934,355.3251,182.8492,359.3843
123.6938,-168.6972,3.241585,-14.19368,355.2278,182.9882,359.3532
123.8081,-168.6973,3.241475,-14.19382,355.3293,183.0232,359.4565
123.9234,-168.6975,3.24176,-14.19244,356.1351,183.1255,359.7249
124.0262,-168.6974,3.240551,-14.18576,357.902,183.1798,-0.0002356327
124.137,-168.6968,3.236733,-14.1792,0.811281,182.6711,0.1196889
124.2506,-168.6959,3.232989,-14.1796,3.838832,181.9272,359.9882
124.3651,-168.6943,3.231681,-14.18465,4.020701,180.7332,359.3211
124.4819,-168.6922,3.229655,-14.18999,5.322674,178.7003,359.0113
124.5921,-168.6925,3.228632,-14.19301,5.877726,178.8549,359.0284
124.7012,-168.6931,3.227967,-14.19456,6.179626,179.2614,359.0627
124.8118,-168.6936,3.228265,-14.19452,6.004955,179.4355,359.1844
124.9224,-168.6945,3.229145,-14.19435,5.440534,180.0995,359.3777
125.0363,-168.6963,3.231013,-14.19404,4.30825,181.4135,359.5966
125.1378,-168.6973,3.232667,-14.19313,3.176727,181.9896,359.2497
125.2479,-168.6975,3.233355,-14.19242,2.690561,182.2958,359.4045
125.3496,-168.6967,3.233334,-14.19303,2.394092,181.9725,359.5055
125.4644,-168.6967,3.23407,-14.1944,1.876188,182.0632,359.2243
125.573,-168.6967,3.237593,-14.19359,359.2638,182.0355,359.1367
125.6856,-168.6962,3.24235,-14.1884,356.0959,181.8952,359.3099
125.798,-168.6941,3.241564,-14.1841,356.5154,181.4529,0.3825351
125.91,-168.6916,3.239624,-14.18514,357.827,181,1.036902
126.0208,-168.6901,3.239731,-14.18963,356.8207,180.3768,0.9029356
126.1368,-168.6899,3.239718,-14.19372,356.1067,179.9973,1.30544
126.2469,-168.691,3.239112,-14.19533,356.0425,179.9091,1.4425
126.3558,-168.6925,3.238317,-14.19487,356.4762,179.828,1.332937
126.4588,-168.6928,3.238834,-14.19304,355.9977,179.8771,1.198677
126.5689,-168.6927,3.236921,-14.1927,357.1696,179.9499,1.402797
126.6788,-168.693,3.235751,-14.1914,357.4821,180.1521,1.424145
126.7905,-168.6936,3.235596,-14.19048,358.2006,180.2013,1.339914
126.9054,-168.6944,3.236022,-14.18878,357.6601,180.2946,1.238246
127.0147,-168.6941,3.236823,-14.18863,357.5439,180.181,1.328358
127.1234,-168.6944,3.233323,-14.19268,359.8319,180.5448,1.390847
127.2351,-168.6946,3.234716,-14.1969,358.8087,181.2173,1.56002
127.3463,-168.6945,3.234793,-14.19882,358.7435,181.2669,1.761798
127.4591,-168.6947,3.234309,-14.198,358.9623,181.2528,1.650073
127.5711,-168.6945,3.239206,-14.19844,356.5974,181.2462,2.098497
127.688,-168.6945,3.236181,-14.19972,358.8554,181.3437,1.841779
127.7913,-168.6949,3.233027,-14.20105,0.3372151,181.5812,1.769948
127.8992,-168.695,3.229514,-14.20307,2.617377,181.6693,1.516236
128.0081,-168.6957,3.224336,-14.2052,6.437815,181.4697,1.076797
128.1207,-168.6948,3.218543,-14.20817,10.12375,180.6043,0.6014188
128.2382,-168.6942,3.216233,-14.21193,10.94753,180.1783,0.9007646
128.3467,-168.6937,3.213721,-14.21575,12.04833,180.0854,1.027926
128.4582,-168.6931,3.211563,-14.21869,12.64048,179.9949,1.278914
128.571,-168.6931,3.209161,-14.22112,13.91805,179.98,1.187656
128.6871,-168.6933,3.208765,-14.22258,13.78506,180.3683,1.488542
128.7977,-168.6939,3.207998,-14.22241,14.19789,180.6886,1.471982
128.9076,-168.6945,3.206716,-14.22218,14.83712,181.2198,1.564266
129.0197,-168.6949,3.207372,-14.22223,14.79341,181.6046,1.418259
129.1379,-168.6942,3.20718,-14.22127,14.99232,181.6438,1.683621
129.2477,-168.6933,3.207252,-14.22076,15.11325,181.4307,1.680602
129.364,-168.694,3.206761,-14.22072,15.12347,181.7185,1.665366
129.483,-168.6937,3.207654,-14.22029,14.6619,181.6092,1.601685
129.5975,-168.6929,3.20863,-14.21717,14.50727,181.7892,1.443659
129.6977,-168.6918,3.210703,-14.21493,13.94046,182.603,2.242105
129.7982,-168.6911,3.211997,-14.21452,13.32439,183.7062,3.24905
129.9007,-168.6919,3.211908,-14.21479,13.45709,185.1797,4.01021
130.0032,-168.6927,3.210677,-14.21378,13.91652,185.7391,4.231592
130.1049,-168.6916,3.213248,-14.21055,12.58969,184.9198,4.206205
130.2087,-168.6903,3.216055,-14.20792,11.36144,184.3422,4.108737
130.3133,-168.6895,3.21845,-14.20793,9.746295,184.2652,4.068861
130.4205,-168.689,3.219121,-14.20775,9.629735,184.3639,4.167616
130.5229,-168.6884,3.220127,-14.20695,9.092761,184.3609,4.181804
130.6238,-168.6892,3.222188,-14.21016,7.041085,184.5899,4.557865
130.7434,-168.6948,3.220811,-14.211,7.876344,187.0915,4.439305
130.8503,-168.707,3.223954,-14.21358,6.038388,193.8515,3.133658
130.9514,-168.7201,3.216774,-14.21844,9.03713,199.1837,2.891561
131.0653,-168.7282,3.218411,-14.21817,9.225764,200.8203,1.596511
131.1682,-168.7273,3.21633,-14.21649,10.10458,198.9919,359.7437
131.2694,-168.7251,3.214676,-14.21702,12.20139,197.3624,359.2415
131.3701,-168.7206,3.216701,-14.21723,10.93975,194.0975,359.4042
131.4725,-168.7147,3.216096,-14.21602,11.65269,191.4355,359.6902
131.5859,-168.7037,3.216793,-14.21928,10.79231,185.9743,1.158041
131.6904,-168.6963,3.211205,-14.21791,14.15305,183.5688,2.457116
131.8042,-168.6884,3.215595,-14.22323,10.39202,181.6033,4.537711
131.9047,-168.6852,3.21334,-14.21993,12.2132,179.7513,4.022472
132.0075,-168.6832,3.219584,-14.22022,8.596723,178.7882,3.866057
132.1185,-168.6822,3.215863,-14.21365,11.12606,178.6756,4.131464
132.2312,-168.6782,3.220892,-14.20825,8.943955,177.6711,6.535566
132.346,-168.6721,3.222779,-14.20514,7.902078,175.0384,7.370477
132.4651,-168.6671,3.225946,-14.2024,5.917365,174.3519,8.556455
132.5794,-168.6683,3.231176,-14.19908,1.916033,176.6845,10.69571
132.6943,-168.6767,3.236928,-14.19756,358.0564,182.8707,10.61921
132.8096,-168.6864,3.239592,-14.19569,355.9429,188.0582,9.362593
132.9144,-168.697,3.240724,-14.19548,355.3097,192.1596,7.579344
133.0267,-168.703,3.236783,-14.19874,358.0996,193.6662,5.371131
133.1426,-168.7016,3.235365,-14.20192,359.0698,190.8704,4.432034
133.2595,-168.6983,3.233642,-14.20144,1.407156,188.6243,4.735742
133.3701,-168.6924,3.231121,-14.20339,3.105932,185.5387,4.50115
133.4852,-168.6848,3.227511,-14.20529,5.416319,181.9623,5.742804
133.6042,-168.6784,3.222873,-14.20322,8.245141,179.49,6.354664
133.7146,-168.6744,3.216481,-14.20262,12.6434,178.3895,6.639907
133.8286,-168.6721,3.211937,-14.20418,15.47827,177.0257,6.559895
133.9443,-168.6711,3.20595,-14.20171,18.38882,177.4418,5.653448
134.054,-168.6662,3.207955,-14.20408,17.53425,177.233,6.38263
134.1608,-168.6697,3.207443,-14.20542,17.93071,177.6466,5.991353
134.2745,-168.6772,3.209138,-14.20149,17.59618,179.5919,5.347353
134.3763,-168.6812,3.214534,-14.19767,14.61108,180.5241,4.892462
134.4886,-168.6838,3.220648,-14.1938,10.74251,180.5403,4.692834
134.6017,-168.6844,3.225942,-14.19548,6.460583,179.7569,4.696215
134.7193,-168.6862,3.230636,-14.19888,3.203532,180.6933,4.992641
134.8221,-168.688,3.230503,-14.19893,2.999932,182.2373,5.040468
134.9257,-168.6859,3.230564,-14.19751,2.7022,181.3578,4.670851
135.0441,-168.6831,3.231911,-14.19683,2.203515,179.6711,4.41901
135.1519,-168.6811,3.231828,-14.19555,2.103628,178.4013,4.690281
135.257,-168.6797,3.231876,-14.19471,2.160805,177.6813,4.864285
135.3615,-168.6801,3.232259,-14.1947,2.069505,177.6635,4.754386
135.4703,-168.6812,3.233227,-14.19499,1.478106,178.086,4.504525
135.5815,-168.6839,3.234814,-14.19441,0.5069755,179.5374,4.546141
135.6907,-168.6901,3.236419,-14.194,359.16,183.4362,4.280628
135.8043,-168.6975,3.23802,-14.19301,358.1919,188.0742,4.073216
135.9144,-168.7009,3.238508,-14.1926,357.7574,189.2266,3.57267
136.0342,-168.7017,3.23925,-14.19252,357.5939,188.514,3.125125
136.1447,-168.7036,3.238935,-14.19206,357.8257,189.2623,3.009134
136.2584,-168.7059,3.238907,-14.19106,357.5925,190.2851,2.861494
136.3685,-168.7071,3.239045,-14.19038,357.5686,191.0312,2.722175
136.4806,-168.7058,3.238459,-14.18995,357.8506,190.0283,2.697049
136.5836,-168.7048,3.238584,-14.18946,357.7677,189.5533,2.58961
136.6957,-168.7052,3.238532,-14.18919,357.845,189.8181,2.555049
136.7962,-168.7054,3.238357,-14.19004,357.921,189.8052,2.511542
136.9075,-168.7052,3.23853,-14.19003,357.8893,189.5032,2.54152
137.0172,-168.705,3.238444,-14.18948,357.9685,189.4354,2.257886
137.1203,-168.7046,3.23866,-14.18887,357.9418,189.4971,2.194347
137.2377,-168.7043,3.238758,-14.18842,357.8906,189.4113,2.208073
137.3487,-168.7038,3.238904,-14.18859,357.8423,189.3725,2.213905
137.4656,-168.704,3.238739,-14.18833,357.8661,189.4482,2.127018
137.5783,-168.7045,3.238824,-14.18813,357.8546,189.6295,2.028278
137.694,-168.7057,3.238236,-14.18808,358.0764,189.9622,1.890963
137.7975,-168.7063,3.238236,-14.18813,358.1831,190.113,1.811972
137.9015,-168.7072,3.23782,-14.18785,358.7568,190.1945,1.748017
138.0176,-168.7084,3.236744,-14.18722,0.188177,189.9008,1.292844
138.1277,-168.7096,3.236779,-14.18685,1.296176,189.9359,0.7720739
138.2418,-168.7096,3.239813,-14.18749,1.107412,189.6536,1.028422
138.3437,-168.7081,3.240732,-14.18824,1.079264,189.242,0.7813463
138.4553,-168.7052,3.242388,-14.1885,359.8597,188.5659,1.633423
138.5751,-168.7003,3.245544,-14.18751,357.7479,187.4049,3.051927
138.6882,-168.6978,3.246022,-14.18568,357.1581,188.4202,3.769135
138.8027,-168.6968,3.245591,-14.18561,357.9955,189.3714,4.548933
138.9214,-168.6968,3.242648,-14.18576,359.053,189.571,4.258056
139.0371,-168.6955,3.235761,-14.18326,2.399447,188.6156,4.059686
139.1529,-168.6963,3.235756,-14.18171,3.931587,188.5721,4.318912
139.2547,-168.6974,3.236488,-14.17464,3.032246,189.0463,3.699263
139.3714,-168.6984,3.233826,-14.1643,3.978045,188.8051,3.339768
139.4726,-168.6986,3.234581,-14.16469,3.536309,188.5956,3.32557
139.5741,-168.6983,3.234228,-14.16504,3.484083,187.9606,3.250201
139.6765,-168.6966,3.23492,-14.16505,2.869563,186.7581,3.311029
139.793,-168.695,3.235963,-14.1649,2.018493,185.9889,3.270332
139.91,-168.6951,3.237299,-14.16408,1.09882,186.214,3.271271
140.0105,-168.6955,3.23828,-14.16233,0.4175112,186.7047,3.226188
140.1106,-168.6956,3.238753,-14.16207,0.1545214,186.7749,3.116607
140.223,-168.6956,3.23866,-14.16257,0.3045866,186.6184,3.054681
140.3318,-168.6951,3.238026,-14.17461,0.5171058,186.5287,3.159131
140.4494,-168.6945,3.238093,-14.2094,0.3919647,186.5378,3.032542
140.564,-168.6934,3.237947,-14.26677,0.448101,186.3504,2.856427
140.6828,-168.6916,3.237828,-14.34491,0.3961278,186.4205,2.88175
140.7977,-168.6891,3.237728,-14.44466,0.5575609,186.5298,2.834814
140.9176,-168.6849,3.237656,-14.56511,0.4990953,186.4455,3.039872
141.0332,-168.6791,3.237443,-14.70807,0.5539852,185.8743,3.283401
141.1383,-168.6753,3.237727,-14.84824,0.454001,185.7952,3.364242
141.2518,-168.6713,3.237933,-15.03125,0.4273418,185.8437,3.228202
141.352,-168.6673,3.238267,-15.2054,0.3317904,185.8724,3.151891
141.4525,-168.6635,3.238122,-15.39517,0.4975688,185.9615,2.992314
141.5546,-168.6591,3.237964,-15.59735,0.5641143,186.1904,2.995489
141.6555,-168.6539,3.237561,-15.81101,0.7096035,186.1497,3.064757
141.7565,-168.6485,3.237765,-16.03635,0.6374546,186.0538,3.113679
141.8738,-168.6423,3.237834,-16.31399,0.6661853,186.0058,3.304249
141.9884,-168.6373,3.238041,-16.60717,0.5754817,186.2111,3.157658
142.0892,-168.6338,3.23769,-16.87042,0.7743818,186.3721,2.977528
142.2044,-168.6292,3.237777,-17.19021,0.6149471,186.6442,2.865503
142.3044,-168.6256,3.237201,-17.47316,0.8960712,186.8192,2.940175
142.4204,-168.6228,3.237339,-17.81361,0.7268103,187.1981,2.525026
142.5207,-168.6204,3.237191,-18.11451,0.9200025,187.8028,2.563059
142.6365,-168.6169,3.236774,-18.47418,1.106143,187.8368,2.635756
142.7366,-168.6145,3.237012,-18.79,0.903729,187.691,2.595462
142.8368,-168.6133,3.236998,-19.11322,0.994785,187.8007,2.596744
142.9371,-168.6139,3.236951,-19.44367,0.9812452,188.0341,2.571445
143.054,-168.6166,3.236938,-19.83808,1.086322,188.4529,2.2316
143.1692,-168.6201,3.236325,-20.24137,1.427069,188.9989,2.29044
143.2857,-168.6264,3.235764,-20.65412,1.548103,189.6385,1.972155
143.3858,-168.6341,3.235749,-21.01597,1.617302,190.3031,1.880729
143.5014,-168.6454,3.235569,-21.44367,1.610504,191.4149,1.936034
143.6158,-168.6587,3.236408,-21.8761,1.249372,192.3013,2.130539
143.7306,-168.6749,3.23541,-22.30983,1.846554,193.8636,1.733485
143.8321,-168.6907,3.235041,-22.68163,2.22889,195.1939,1.411474
143.9481,-168.7117,3.23656,-23.08254,1.343225,196.9246,1.381329
144.0603,-168.736,3.236801,-23.43419,0.8886867,200.5483,1.293378
144.1772,-168.7608,3.238293,-23.73575,0.4219624,205.8478,1.383267
144.2879,-168.7859,3.239004,-23.98886,359.5317,211.967,1.258133
144.4019,-168.8067,3.238201,-24.19426,0.07748247,215.9772,1.128355
144.5191,-168.8226,3.238008,-24.34974,359.8428,219.0698,0.779715
144.6289,-168.8348,3.237578,-24.45564,359.8911,221.9037,0.359282
144.7409,-168.8434,3.237588,-24.51342,359.5271,223.5866,359.934
144.8512,-168.8476,3.236756,-24.52616,0.2740906,223.6558,359.2487
144.9575,-168.8493,3.234479,-24.52601,1.076218,223.3553,358.7567
145.0656,-168.848,3.232851,-24.52537,2.32232,223.035,359.1464
145.1729,-168.8479,3.231363,-24.53092,2.038339,221.6359,359.8443
145.2876,-168.8515,3.229405,-24.53053,3.3603,223.0321,0.334215
145.3968,-168.8536,3.229518,-24.53006,3.168676,223.3866,0.2952969
145.5066,-168.8551,3.229661,-24.53212,2.833114,222.8082,0.2080577
145.6077,-168.8543,3.229017,-24.53192,3.277278,223.1225,0.1146058
145.717,-168.8514,3.230767,-24.53029,2.210578,222.5017,0.1015617
145.8269,-168.8507,3.232178,-24.53528,1.523038,222.2023,359.5469
145.9421,-168.8507,3.23248,-24.54854,1.397894,221.6181,359.8466
146.0553,-168.8533,3.231607,-24.57204,1.68255,221.4608,359.5391
146.1691,-168.8563,3.232015,-24.6114,1.556482,221.2295,359.1834
146.286,-168.8611,3.232722,-24.67607,1.195625,222.041,359.2369
146.3961,-168.8684,3.233361,-24.76779,0.6857409,222.9271,359.3083
146.5055,-168.8799,3.235183,-24.89068,359.8369,224.0902,358.9418
146.615,-168.8966,3.235791,-25.04567,359.4392,226.144,358.1857
146.7219,-168.9166,3.236301,-25.23706,359.7285,227.6012,357.287
146.8288,-168.9428,3.236002,-25.46296,359.578,229.1518,356.9271
146.937,-168.9693,3.234801,-25.72742,0.2050026,225.9298,356.4973
147.0465,-168.9874,3.234243,-26.03027,1.335613,213.5729,356.2722
147.1564,-169.009,3.237242,-26.35893,359.25,204.3132,356.1047
147.2659,-169.0416,3.238612,-26.70918,358.4662,200.8703,357.102
147.3749,-169.0842,3.239559,-27.0847,358.5023,198.6889,357.9394
147.4818,-169.137,3.239985,-27.48413,358.1128,197.0044,358.3299
147.59,-169.1991,3.240488,-27.90588,358.0067,196.6064,357.8337
147.6975,-169.2645,3.240347,-28.34061,358.2735,196.396,357.8435
147.8043,-169.3339,3.240428,-28.7878,358.3485,196.2065,357.9732
147.9129,-169.4085,3.2414,-29.24352,357.8964,196.0734,358.576
148.0152,-169.4881,3.241404,-29.701,358.1536,195.8871,358.6266
148.1205,-169.5696,3.240866,-30.14547,358.4176,196.6891,358.4642
148.2277,-169.6426,3.240724,-30.54364,358.4902,197.1791,358.7014
148.3362,-169.7071,3.241159,-30.89358,358.2295,197.0982,359.0882
148.4452,-169.7636,3.241106,-31.19459,358.3887,196.8947,359.1936
148.5473,-169.811,3.240848,-31.44675,358.3487,196.454,359.4886
148.6552,-169.8488,3.241157,-31.65059,358.1792,195.6543,359.6892
148.7647,-169.8784,3.240847,-31.80613,358.292,195.3158,359.5895
148.8755,-169.8985,3.24092,-31.91513,358.2069,194.9793,359.7726
148.984,-169.9101,3.24022,-31.97702,358.3433,194.6841,359.9099
149.0914,-169.9161,3.239624,-32.01348,358.3851,194.4601,359.7615
149.2005,-169.9212,3.238769,-32.05308,358.7859,194.1717,359.8726
149.3086,-169.9274,3.237849,-32.09625,359.1161,193.7056,359.9218
149.4088,-169.9361,3.237138,-32.14705,359.5609,193.6884,0.192977
149.5146,-169.9478,3.236634,-32.20867,359.5722,193.6194,0.2340316
149.6226,-169.9636,3.236759,-32.28764,359.6027,193.5871,0.3292711
149.7251,-169.983,3.236704,-32.3849,359.6689,193.5417,0.3260332
149.8319,-170.007,3.236723,-32.50492,359.8118,193.5676,0.2584895
149.9375,-170.0355,3.23668,-32.64787,359.897,193.5995,0.3272965
150.0456,-170.0677,3.237384,-32.81434,359.562,193.4011,0.4976324
150.1479,-170.1056,3.237863,-33.00516,359.4538,193.2698,0.4923161
150.2535,-170.1489,3.237875,-33.21979,359.5625,193.6158,0.5947848
150.3634,-170.1976,3.238185,-33.45745,359.3879,193.5353,0.7815169
150.4669,-170.2521,3.238488,-33.71833,359.4428,193.8112,0.6788789
150.5754,-170.3116,3.238349,-34.00239,359.5245,194.1196,0.7666168
150.6846,-170.376,3.238537,-34.30989,359.4617,194.2641,0.6963001
150.7923,-170.4458,3.238537,-34.64142,359.4622,194.3636,0.6195861
150.902,-170.5206,3.238818,-34.99674,359.3532,194.3495,0.6026891
151.0123,-170.6013,3.23893,-35.37588,359.3887,194.3546,0.5706809
151.1199,-170.6876,3.238038,-35.77848,0.09089152,194.5493,0.4509259
151.2336,-170.7931,3.235119,-36.26806,2.09818,194.6787,0.4604286
151.3373,-170.8919,3.233314,-36.72047,3.286814,194.8242,0.5454499
151.4411,-170.9961,3.232277,-37.19424,3.953106,194.5264,0.4482317
151.5476,-171.1063,3.232508,-37.69044,3.895978,194.3498,0.3970957
151.6562,-171.2224,3.232723,-38.20987,3.877371,194.0308,0.3758953
151.7639,-171.3449,3.233307,-38.75169,3.447825,193.7482,0.5328971
151.8712,-171.4742,3.234271,-39.31631,2.978404,193.4342,0.4970224
151.9729,-171.61,3.235109,-39.90401,2.228743,193.262,0.4039803
152.0799,-171.7523,3.235066,-40.50981,2.281504,193.1651,0.7070988
152.1887,-171.8876,3.235844,-41.06974,1.817718,193.3108,0.6859882
152.2962,-172.0042,3.236668,-41.54827,1.634713,193.0892,0.7691954
152.4051,-172.0955,3.237652,-41.92184,1.048622,193.1938,0.6830711
152.5146,-172.1471,3.235975,-42.13615,2.066082,192.4766,1.132296
152.6264,-172.1672,3.236599,-42.21849,1.40435,192.0877,0.8801195
152.7319,-172.1713,3.237288,-42.23352,1.253368,191.9135,0.7696031
152.8383,-172.1709,3.239334,-42.23063,0.1053366,191.6734,0.8006449
152.94,-172.1602,3.23455,-42.18808,2.118546,191.7489,0.6005982
153.0483,-172.139,3.238117,-42.10571,359.9742,190.8755,0.6523484
153.1504,-172.1113,3.238312,-41.99087,0.4865928,191.2323,0.3300966
153.256,-172.074,3.236337,-41.83972,1.161451,191.4228,0.09780226
153.3656,-172.0256,3.237089,-41.64349,0.6075567,191.2009,0.2159993
153.4689,-171.9667,3.237149,-41.40093,0.833812,191.3784,0.03272783
153.5703,-171.8958,3.237043,-41.11114,0.6460307,191.4238,0.0682442
153.678,-171.8137,3.237406,-40.77329,0.6294938,191.3755,0.1478694
153.7892,-171.7206,3.236655,-40.38702,0.9619839,191.5849,0.06543708
153.8909,-171.6166,3.236623,-39.9499,1.082379,191.541,359.9903
153.9935,-171.5017,3.236651,-39.4632,1.094448,191.3041,359.6645
154.0967,-171.376,3.236378,-38.9314,1.212849,191.1981,359.5087
154.2003,-171.2387,3.23538,-38.35491,1.719874,191.0592,0.01504074
154.3078,-171.0928,3.234462,-37.7317,2.096465,190.6647,0.2396248
154.4078,-170.9374,3.23369,-37.06013,2.341701,190.362,0.1246107
154.5132,-170.7728,3.234222,-36.3424,2.191285,189.7936,0.3731229
154.6217,-170.6019,3.234155,-35.57954,2.121785,189.2113,0.4995417
154.7237,-170.4288,3.234306,-34.77038,2.410027,188.7088,0.5798172
154.8275,-170.2562,3.23469,-33.91599,2.230104,188.0327,0.6038768
154.9362,-170.0887,3.233077,-33.01411,3.144354,187.4854,0.2866498
155.0368,-169.9276,3.233326,-32.06418,3.016223,186.5975,0.2133905
155.1437,-169.7763,3.233932,-31.06643,2.727645,185.4136,0.2418327
155.2495,-169.6403,3.233837,-30.02169,2.623968,184.4054,0.5044132
155.3578,-169.5204,3.233703,-28.92897,2.791328,183.5179,0.4093807
155.4661,-169.4193,3.233955,-27.78794,2.666927,182.4457,0.5365047
155.5752,-169.3408,3.234869,-26.60097,2.523115,181.7662,0.4115433
155.683,-169.2852,3.234443,-25.36787,2.794879,180.932,0.01796036
155.7863,-169.2534,3.234277,-24.08801,2.696153,180.4821,359.2983
155.893,-169.2435,3.234939,-22.76205,2.424748,179.4189,359.0344
156.0007,-169.2576,3.235186,-21.39293,2.391022,179.2642,358.7996
156.1088,-169.2813,3.234255,-19.97861,2.899748,179.3435,359.1694
156.2166,-169.3132,3.234882,-18.52678,2.576376,179.4899,359.1369
156.3215,-169.3454,3.23479,-17.04037,2.405023,180.3608,359.9118
156.4326,-169.3773,3.234808,-15.52331,2.759575,180.576,0.08236297
156.5437,-169.409,3.234439,-13.97171,2.795888,180.7283,0.2731281
156.6603,-169.4405,3.234182,-12.39995,2.710446,180.2915,0.3782791
156.7761,-169.4756,3.233933,-10.83107,2.793605,180.1252,0.5343531
156.8769,-169.5081,3.233558,-9.535773,3.049527,180.0758,0.3510891
156.9911,-169.547,3.233506,-8.099996,2.949574,179.9879,0.2431459
157.1065,-169.5868,3.233627,-6.76225,2.879009,180.1929,0.04113122
157.2238,-169.6253,3.233358,-5.54517,2.958699,180.3239,0.1848214
157.3342,-169.6629,3.234349,-4.451828,2.380552,180.7922,0.1963396
157.4462,-169.6983,3.234175,-3.48191,2.426293,181.2111,0.2149395
157.5464,-169.7259,3.234466,-2.749434,2.225254,181.1424,0.2531854
157.6564,-169.7546,3.235188,-2.012723,1.853267,181.1161,0.175286
157.7717,-169.7784,3.235503,-1.403391,1.725921,181.0634,0.2684682
157.873,-169.7949,3.235888,-0.9845169,1.594373,180.9974,0.2439736
157.9753,-169.8082,3.23592,-0.6618987,1.514019,181.0731,0.2916393
158.0778,-169.8175,3.236313,-0.4362788,1.372167,181.1456,0.4114892
158.1802,-169.8226,3.236699,-0.3080474,1.225972,181.1019,0.4667267
158.2822,-169.8236,3.236956,-0.2755529,1.086116,181.0533,0.6329681
158.3852,-169.8208,3.236939,-0.3270501,0.9647362,180.8295,0.8098587
158.4898,-169.8156,3.237072,-0.4517674,0.8978136,180.9378,0.8009819
158.6019,-169.8075,3.237067,-0.6497549,0.8117976,181.0265,0.6902568
158.7162,-169.7961,3.237347,-0.9251544,0.6384591,180.8509,0.6726607
158.8184,-169.7835,3.237001,-1.225857,0.8348746,180.7222,0.6375415
158.9311,-169.7649,3.236371,-1.65105,0.9170131,180.6601,0.9363262
159.0476,-169.7447,3.236269,-2.156649,1.145214,180.7236,0.7409858
159.1505,-169.7251,3.235786,-2.652773,1.175142,180.75,0.8518438
159.2601,-169.7019,3.236753,-3.304535,0.6786287,180.5229,0.775183
159.3705,-169.6792,3.237206,-4.028803,0.5440376,180.7389,0.5801446
159.4819,-169.6581,3.236981,-4.822738,0.6256523,180.994,0.5497609
159.5942,-169.6419,3.237222,-5.6826,0.5351332,181.1991,0.4740156
159.7112,-169.632,3.237486,-6.605893,0.5241376,181.507,0.3492501
159.8218,-169.6292,3.237839,-7.585083,0.426648,181.903,0.252187
159.9371,-169.6331,3.23772,-8.615632,0.4973048,182.4491,0.3736048
160.054,-169.644,3.237639,-9.680772,0.5017291,182.6916,0.4827879
160.162,-169.6623,3.237856,-10.77666,0.417327,182.8745,0.3126192
160.2719,-169.6876,3.237248,-11.89341,0.6987113,183.2349,0.3039684
160.3815,-169.7197,3.237275,-13.02838,0.7091144,183.5531,0.2547938
160.4912,-169.7589,3.237578,-14.18388,0.4978166,183.709,0.3580151
160.6026,-169.8068,3.237601,-15.35803,0.4821553,184.0898,0.3886243
160.718,-169.8621,3.237691,-16.53965,0.5300983,184.2717,0.3407025
160.8282,-169.9254,3.237705,-17.7262,0.5264534,184.6415,0.3819426
160.9348,-169.9969,3.237675,-18.91701,0.4967514,184.8971,0.3122299
161.0443,-170.0757,3.237647,-20.11196,0.5294285,185.1611,0.3918139
161.1479,-170.1624,3.23774,-21.31052,0.5400045,185.2598,0.2792755
161.2598,-170.257,3.237629,-22.51304,0.4651253,185.5999,0.2772231
161.3714,-170.3597,3.237769,-23.71953,0.4941709,185.6937,0.2150246
161.4818,-170.4703,3.237726,-24.92926,0.5175049,185.6632,0.09635536
161.5917,-170.5885,3.237777,-26.14235,0.4984945,185.4588,0.006141252
161.7012,-170.7144,3.238226,-27.35899,0.3828362,185.3026,359.921
161.8086,-170.8471,3.238319,-28.57949,0.292109,185.29,0.03503751
161.9137,-170.9839,3.23917,-29.80399,359.89,185.087,0.07312159
162.0281,-171.1453,3.239034,-31.2084,359.9579,185.2531,0.3879938
162.1331,-171.2885,3.239113,-32.44193,-0.0009864954,185.3061,0.7090473
162.2413,-171.4339,3.239161,-33.67938,359.8532,185.3355,1.027138
162.3498,-171.6021,3.238889,-35.09806,0.1598267,185.5586,0.7861219
162.4541,-171.7492,3.238589,-36.34342,0.2048361,185.3126,1.146056
162.5589,-171.8996,3.238405,-37.59123,0.2069132,185.3647,0.8973575
162.668,-172.0517,3.238511,-38.84212,0.09667853,185.1252,1.04998
162.7706,-172.2075,3.23854,-40.0973,0.06198506,185.1639,1.17537
162.8768,-172.3674,3.238607,-41.35631,0.1396318,185.1857,1.10663
162.9875,-172.5295,3.238926,-42.61938,359.9055,185.1306,1.23043
163.0889,-172.6942,3.238708,-43.88733,0.05246974,185.1804,1.22672
163.1914,-172.8597,3.238648,-45.15928,0.03267182,185.1013,1.296033
163.296,-173.0257,3.238346,-46.43573,0.140312,184.9903,1.380293
163.4077,-173.2155,3.238005,-47.89968,0.2723311,184.8717,1.323836
163.5105,-173.3804,3.237549,-49.18544,0.4152718,184.6791,1.383948
163.6182,-173.5437,3.237491,-50.47599,0.3927057,184.257,1.299441
163.7323,-173.728,3.237507,-51.9556,0.3986985,183.8716,1.376648
163.8348,-173.8854,3.237678,-53.25568,0.4472714,183.4012,1.472644
163.9425,-174.0371,3.237421,-54.56069,0.636934,182.7201,1.597283
164.0538,-174.2027,3.237916,-56.05809,0.3694258,182.275,1.551662
164.1612,-174.3369,3.23915,-57.37477,359.8579,181.7607,1.236995
164.2747,-174.4748,3.239178,-58.88707,359.4638,181.2085,1.501056
164.3814,-174.58,3.236876,-60.21455,1.002622,180.9094,2.378604
164.4958,-174.6755,3.237558,-61.73908,0.2588102,179.9798,2.452033
164.6035,-174.7442,3.237634,-63.07916,0.7711138,179.2948,2.445766
164.7074,-174.7939,3.23753,-64.42343,0.7544714,179.5016,1.28904
164.8132,-174.8246,3.237249,-65.77398,0.6993191,178.186,2.133849
164.9188,-174.8454,3.237259,-67.12827,0.7306702,178.046,2.447784
165.0276,-174.8535,3.237381,-68.4866,0.4530096,177.9928,2.085288
165.1416,-174.8539,3.238016,-70.04669,0.5550243,178.0386,1.445017
165.2466,-174.8489,3.23805,-71.41596,0.6707045,177.8115,0.9665293
165.347,-174.8452,3.237871,-72.78841,0.69113,177.7798,1.070283
165.4536,-174.847,3.238294,-74.1655,0.4836151,177.7519,1.298208
165.5549,-174.8541,3.238429,-75.54752,0.4462618,177.585,1.355511
165.6613,-174.8656,3.238547,-76.93412,0.4324573,177.4325,0.9568771
165.7639,-174.8798,3.238255,-78.32498,0.6505882,177.1377,1.255507
165.8692,-174.8968,3.237926,-79.71986,0.7364362,176.6438,1.54012
165.9697,-174.9155,3.238082,-81.11895,0.6012821,175.8232,1.347311
166.0743,-174.9333,3.237586,-82.52267,0.8141429,174.8017,1.43143
166.1872,-174.9543,3.237308,-84.13053,1.109625,173.4148,1.143882
166.2937,-174.9707,3.238493,-85.54248,0.8172224,172.2136,0.7204572
166.4043,-174.9853,3.238882,-87.16293,0.6662003,170.7861,0.07334117
166.5158,-174.9857,3.238514,-88.78466,0.9944479,169.0104,359.8984
166.6305,-174.9616,3.239858,-90.41132,0.7844738,165.7478,359.6909
166.7328,-174.9156,3.239031,-91.83689,1.251663,161.1737,0.6509899
166.8444,-174.8259,3.23995,-93.47073,0.4250908,157.8251,1.220141
166.9557,-174.6901,3.240166,-95.10764,0.6535106,154.1404,1.81419
167.0585,-174.5245,3.239982,-96.53928,0.7432364,151.1116,1.747861
167.1702,-174.2801,3.238333,-98.17348,1.50616,148.4281,1.445349
167.2809,-173.9719,3.23855,-99.8023,1.69343,145.7424,2.463644
167.3922,-173.6006,3.237542,-101.4207,2.328087,142.8952,2.899774
167.5069,-173.1526,3.234996,-103.0368,3.489957,141.4937,3.353757
167.6114,-172.6861,3.233921,-104.4574,2.754604,139.7555,4.408675
167.7226,-172.077,3.231377,-106.0498,4.513636,136.6854,5.579331
167.8239,-171.5053,3.22822,-107.3644,7.055034,135.066,5.572245
167.9271,-170.9015,3.227654,-108.6128,6.170656,133.0459,6.606606
168.0413,-170.1857,3.229331,-109.9635,5.95196,130.907,6.318364
168.1465,-169.5451,3.230196,-111.0769,5.718592,129.1981,6.345688
168.2616,-168.8077,3.230952,-112.2784,4.118287,126.9842,6.007059
168.3686,-168.1623,3.234332,-113.2704,1.869015,125.7543,6.136852
168.4793,-167.4364,3.236304,-114.3343,1.171992,124.5932,5.426275
168.5805,-166.8283,3.233161,-115.1969,2.387777,123.1353,6.108913
168.6814,-166.2448,3.230157,-116.0014,4.77087,119.1626,4.633805
168.7836,-165.7065,3.230951,-116.7265,4.237964,114.7143,4.124595
168.8951,-165.1606,3.230463,-117.4534,4.418048,113.3029,3.407984
169.0064,-164.6693,3.23147,-118.094,3.13546,111.0692,3.498388
169.117,-164.2116,3.231911,-118.6789,2.809385,106.37,2.436081
169.2285,-163.8352,3.232247,-119.1561,2.247791,103.1015,1.429683
169.34,-163.6328,3.232277,-119.4128,2.166723,102.3067,1.011866
169.4506,-163.5986,3.232778,-119.4573,1.992716,102.8953,0.8793571
169.5622,-163.5983,3.232415,-119.4576,1.969014,102.8944,0.8070003
169.6729,-163.5981,3.231772,-119.4574,2.265628,102.8672,1.03892
169.7838,-163.5979,3.23184,-119.4578,2.27125,103.1218,1.062056
169.8953,-163.5963,3.232516,-119.4591,2.311239,102.9552,1.295206
170.0068,-163.596,3.229469,-119.4588,3.631685,102.7963,0.5767874
170.1083,-163.5964,3.22962,-119.4566,3.497079,102.4392,0.9716913
170.2215,-163.5973,3.229347,-119.4564,3.593549,102.3977,0.821643
170.3329,-163.5983,3.22949,-119.4573,3.514463,102.5358,0.4396443
170.4435,-163.5989,3.229375,-119.4577,3.567156,102.6512,0.451659
170.5547,-163.5983,3.229077,-119.4582,3.76951,102.7054,0.2946315
170.6668,-163.5968,3.232007,-119.4596,3.08006,102.6871,0.7953418
170.778,-163.5943,3.230288,-119.4613,3.880584,102.4476,0.13844
170.8895,-163.5953,3.227651,-119.4597,5.097304,102.1232,0.3317372
171,-163.595,3.229965,-119.4603,3.95094,101.419,0.8314966
171.1106,-163.5953,3.228435,-119.4598,4.395439,101.3536,0.2166353
171.2217,-163.6249,3.225482,-119.4228,6.252632,101.5291,359.9292
171.3324,-163.6815,3.227511,-119.3503,4.888327,101.3808,0.5932311
171.4433,-163.762,3.228091,-119.2486,4.939945,101.7547,0.5803339
171.554,-163.8678,3.227422,-119.1146,5.210625,101.9068,0.7514597
171.6649,-163.9987,3.228367,-118.9486,4.752402,102.1774,0.571434
171.7765,-164.1552,3.229678,-118.7486,4.141912,102.3545,0.6669042
171.8883,-164.3369,3.229639,-118.5148,4.104548,102.2626,0.5084699
172,-164.5434,3.229741,-118.2472,3.996111,102.1191,0.2640335
172.1115,-164.7733,3.22951,-117.947,4.011535,101.9041,0.06792083
172.2225,-165.0242,3.22959,-117.6162,3.999566,101.6207,0.05505308
172.3336,-165.2957,3.2293,-117.2554,4.068568,101.2873,359.9924
172.445,-165.5871,3.229198,-116.8647,4.095794,101.0883,0.003182672
172.5565,-165.898,3.228982,-116.4441,4.263547,100.9418,359.7329
172.667,-166.2285,3.22846,-115.9926,4.496116,100.8159,359.7352
172.7781,-166.5792,3.22803,-115.5097,4.673382,101.0584,359.6908
172.8897,-166.9479,3.22798,-114.9944,4.723836,100.998,359.986
173.0009,-167.3351,3.227871,-114.4485,4.8149,101.5082,359.9483
173.1117,-167.7402,3.228024,-113.8711,4.756695,102.1319,359.9641
173.2214,-168.1624,3.227887,-113.2613,4.830064,102.7272,359.7945
173.333,-168.6008,3.228123,-112.6187,4.693565,103.2985,359.7187
173.4444,-169.0556,3.228593,-111.9448,4.623642,104.7047,359.4349
173.5554,-169.5255,3.228688,-111.2377,4.759871,106.7856,359.078
173.6592,-169.9474,3.229224,-110.59,4.584058,108.4216,358.9603
173.7603,-170.379,3.228656,-109.9118,4.953923,109.3825,359.1767
173.8722,-170.8826,3.228528,-109.1024,5.13424,110.9404,359.4022
173.9844,-171.3978,3.22766,-108.2597,5.861314,115.2945,0.1995087
174.0913,-171.8614,3.226151,-107.495,7.157732,123.7947,2.002015
174.2045,-172.3986,3.22756,-106.5862,6.659313,133.162,3.156327
174.3118,-172.8713,3.227964,-105.7565,6.563763,137.0065,2.397771
174.4152,-173.3442,3.227482,-104.8941,6.867657,138.3583,1.596997
174.524,-173.8128,3.227442,-104.0093,6.858078,138.8241,1.082084
174.633,-174.2786,3.227731,-103.1057,6.708696,140.0513,0.911345
174.7421,-174.722,3.228165,-102.2148,6.496129,140.6066,0.8597459
174.8508,-175.1335,3.22847,-101.3629,6.403204,141.2177,0.7347849
174.9539,-175.5134,3.229263,-100.5503,6.053224,141.8831,0.7642163
175.062,-175.8646,3.229129,-99.77776,6.323107,143.0686,1.192269
175.1644,-176.189,3.22904,-99.04639,6.375164,144.3575,1.510678
175.2719,-176.4873,3.229112,-98.35728,6.353421,145.454,1.937268
175.3822,-176.7985,3.228395,-97.62327,6.701567,146.7516,2.047661
175.4877,-177.0452,3.228341,-97.02797,6.708099,147.692,2.081664
175.5945,-177.2726,3.228918,-96.47739,6.549055,148.5871,1.523254
175.7091,-177.5066,3.225531,-95.90022,8.66078,150.7721,0.07843412
175.8155,-177.6848,3.223865,-95.44204,10.35996,151.5905,0.03412565
175.9206,-177.8414,3.223655,-95.02819,10.23594,152.0737,0.6325924
176.0282,-177.9784,3.225391,-94.65953,9.126635,151.885,0.8804004
176.1295,-178.0954,3.23091,-94.33526,5.570905,150.0936,0.3226827
176.2332,-178.1976,3.233303,-94.05779,3.900654,150.5023,359.9171
176.3409,-178.2827,3.234458,-93.82673,3.265864,151.0234,359.9634
176.4533,-178.3583,3.234538,-93.61906,3.1558,150.6956,359.6394
176.5611,-178.4063,3.233446,-93.48601,3.908284,151.1542,359.7755
176.6736,-178.4414,3.232684,-93.38878,4.366159,151.2969,359.327
176.7803,-178.4543,3.233744,-93.35263,3.481665,151.3413,359.3943
176.8917,-178.4523,3.235013,-93.35064,3.108647,150.9666,359.8264
176.9982,-178.4499,3.23522,-93.35249,3.054763,150.6835,359.7255
177.1123,-178.4444,3.235263,-93.36122,2.79903,150.2016,359.9664
177.2156,-178.4377,3.236216,-93.37756,2.474842,149.8886,6.825883E-05
177.3279,-178.4267,3.237061,-93.40591,1.979124,149.7607,0.05879551
177.4336,-178.4134,3.236596,-93.4416,2.054597,149.7957,0.06640387
177.5459,-178.3941,3.236957,-93.49371,1.98578,149.68,0.05769917
177.6541,-178.3729,3.236186,-93.55009,2.157386,149.5021,0.2522659
177.7616,-178.3431,3.23635,-93.62992,2.059047,149.3011,0.2894274
177.8708,-178.3118,3.236066,-93.71509,2.178831,149.3608,0.3174708
177.9778,-178.2739,3.235676,-93.82016,2.36886,149.3018,0.4185125
178.0903,-178.2217,3.236159,-93.96441,1.977776,148.7444,0.317364
178.1973,-178.1679,3.236319,-94.11325,2.062264,148.4341,359.9029
178.3084,-178.0941,3.236575,-94.31191,2.041689,148.1466,359.844
178.4163,-178.0191,3.236564,-94.50848,1.990295,147.6339,359.8153
178.5281,-177.9225,3.236636,-94.7609,1.915359,147.2269,359.9562
178.6357,-177.8279,3.236833,-95.00617,1.713268,146.7906,0.05587336
178.7491,-177.7068,3.237098,-95.31361,1.816128,146.1402,0.004001513
178.857,-177.589,3.236889,-95.60511,1.833183,145.3581,0.08669533
178.9574,-177.4604,3.236973,-95.91786,1.792565,144.7453,0.286333
179.0648,-177.321,3.236726,-96.25192,1.876628,144.3164,0.5946627
179.1668,-177.1702,3.236857,-96.60719,1.813773,143.4095,0.7039132
179.2698,-177.0067,3.237145,-96.98369,1.735788,142.6651,0.6795449
179.3829,-176.804,3.237392,-97.43816,1.70309,141.8396,0.7785404
179.4866,-176.613,3.237397,-97.85629,1.724537,141.0187,0.9840242
179.5983,-176.3777,3.237712,-98.35595,1.506595,140.071,1.294546
179.6994,-176.1585,3.23758,-98.812,1.554029,139.3488,1.505174
179.7998,-175.9266,3.237681,-99.28371,1.492949,138.6325,1.303223
179.9033,-175.6788,3.238184,-99.77112,1.27873,137.8506,1.178493
180.015,-175.3772,3.238901,-100.3466,0.9607296,137.5109,0.4751936
180.1325,-175.0556,3.239014,-100.94,0.9761547,137.0443,359.8751
180.2505,-174.7129,3.240255,-101.5484,0.5703526,136.2455,359.4092
180.3613,-174.343,3.240728,-102.1724,359.9661,135.1948,359.4944
180.4684,-173.997,3.240535,-102.7298,0.08813471,133.7975,359.3915
180.581,-173.5795,3.240055,-103.3722,0.5478238,132.4342,359.3359
180.6844,-173.1967,3.239225,-103.9317,0.8135093,131.2876,359.149
180.796,-172.7374,3.23918,-104.5663,1.120924,129.4522,358.4616
180.9002,-172.3181,3.239049,-105.1173,0.9747558,127.4588,358.4802
181.0114,-171.8192,3.238009,-105.7441,1.365431,124.893,359.4305
181.1209,-171.3646,3.237232,-106.2862,1.796208,122.7878,359.2825
181.2333,-170.8189,3.235933,-106.8967,2.1621,120.2978,359.2301
181.335,-170.3231,3.234383,-107.4207,2.561692,118.0201,359.4307
181.4403,-169.84,3.233328,-107.9068,2.938185,115.5257,359.3645
181.5444,-169.3806,3.232352,-108.3462,3.301497,113.8246,359.1603
181.6483,-168.9445,3.23238,-108.7399,3.100816,112.1897,359.6419
181.7499,-168.5361,3.232475,-109.0915,2.745282,111.1443,359.9877
181.8571,-168.1581,3.232808,-109.4028,2.503741,109.8387,0.53077
181.9574,-167.8126,3.233734,-109.6762,1.931006,109.2097,1.07791
182.0628,-167.5008,3.234666,-109.9128,1.490975,107.9204,1.12632
182.1731,-167.1884,3.235331,-110.1416,1.217897,106.6955,1.100846
182.285,-166.9244,3.235883,-110.331,1.244678,106.4487,1.334637
182.3851,-166.7328,3.236949,-110.4635,0.8275384,106.0063,0.835043
182.5034,-166.5625,3.236078,-110.5739,1.833869,104.1167,0.6158696
182.6149,-166.447,3.235166,-110.6486,1.821873,102.9655,1.437248
182.7266,-166.382,3.234033,-110.6901,2.642857,101.351,1.66927
182.831,-166.3676,3.23387,-110.6973,2.987975,99.07907,0.826032
182.9422,-166.3685,3.233488,-110.6961,3.091037,98.59949,0.5338429
183.0529,-166.3694,3.233243,-110.6972,2.896498,98.47465,0.7442488
183.1645,-166.3692,3.233213,-110.6985,2.836095,97.59872,0.1596639
183.2787,-166.3696,3.23285,-110.699,2.862788,97.12708,359.1805
183.3864,-166.37,3.231489,-110.6991,3.287173,96.81062,358.3777
183.5013,-166.3708,3.230623,-110.6989,3.361779,96.67088,358.1418
183.6084,-166.3664,3.229486,-110.7021,3.569653,96.75819,357.9045
183.7206,-166.3367,3.229192,-110.721,3.627351,96.55435,357.8567
183.8254,-166.2891,3.228137,-110.7514,4.148901,96.7123,357.8741
183.9369,-166.1932,3.228458,-110.8129,3.989088,96.8595,358.3984
184.0483,-166.0455,3.229541,-110.9071,3.703552,96.64713,358.812
184.1518,-165.87,3.229096,-111.0171,4.020154,97.01624,359.3358
184.2639,-165.6166,3.228506,-111.1724,4.376003,97.42413,0.01529512
184.3667,-165.3471,3.228713,-111.3317,4.343012,97.32761,0.7024354
184.4717,-165.0368,3.228346,-111.5097,4.490875,97.29201,1.666685
184.583,-164.6341,3.229315,-111.7311,4.110116,96.35588,1.772843
184.6857,-164.2415,3.229644,-111.9379,3.905331,95.34296,1.938798
184.7887,-163.8085,3.230363,-112.1555,3.58824,94.20425,2.033826
184.9032,-163.267,3.23046,-112.4133,3.499257,92.97765,1.934081
185.0105,-162.7563,3.230733,-112.6411,3.288406,91.6965,1.847613
185.1252,-162.138,3.230875,-112.8966,3.298874,90.03074,1.799209
185.2272,-161.5676,3.230799,-113.1143,3.229625,88.63106,1.859384
185.3472,-160.8834,3.231193,-113.3542,3.053297,86.93739,1.787239
185.4598,-160.1626,3.231725,-113.5825,2.791708,85.54214,1.552412
185.5699,-159.5038,3.232305,-113.7689,2.467045,84.2136,1.434328
185.672,-158.8184,3.233499,-113.9411,1.981649,83.29451,1.244844
185.7775,-158.1078,3.234464,-114.0969,1.454722,82.27226,0.9482539
185.8779,-157.3734,3.235374,-114.234,1.007156,81.43459,0.5092955
185.9846,-156.6151,3.236419,-114.3502,0.5171663,81.02311,0.05667452
186.0848,-155.8374,3.236297,-114.4417,0.5496975,80.21878,359.6478
186.1898,-155.043,3.235989,-114.5082,0.889779,79.09184,359.5035
186.2904,-154.2322,3.236112,-114.5493,0.8378402,78.3951,359.7318
186.3929,-153.4058,3.23602,-114.5646,0.9003779,77.20716,0.03704117
186.4957,-152.5629,3.236916,-114.5549,0.3931523,76.32537,0.009181563
186.6114,-151.5825,3.237776,-114.5137,0.07890144,76.24075,359.7225
186.7118,-150.7113,3.238041,-114.4468,0.107906,75.68613,0.3522006
186.8152,-149.8275,3.238916,-114.353,0.1581747,74.82053,0.2786559
186.9201,-148.9332,3.237815,-114.2342,0.3406304,74.3617,0.5071498
187.0251,-148.0322,3.237676,-114.094,0.5064898,74.34463,0.7888104
187.1351,-147.169,3.236773,-113.9404,0.9734161,74.28001,0.7685966
187.2461,-146.3571,3.23697,-113.7801,0.7387954,74.04974,0.2176172
187.3529,-145.5951,3.237638,-113.6182,0.5217224,74.16009,0.1103944
187.4593,-144.881,3.238101,-113.4561,0.3673254,74.17759,0.009153815
187.5644,-144.2171,3.237185,-113.2979,0.8643128,74.03156,0.0479334
187.6724,-143.6036,3.236432,-113.1453,1.026484,73.68213,359.9903
187.7812,-143.0386,3.236688,-112.9994,0.8701022,73.20569,0.2585216
187.8941,-142.4165,3.237322,-112.8332,0.6370578,72.61863,0.5307646
188.0068,-141.8719,3.236549,-112.683,0.9071478,72.02765,0.9221973
188.1148,-141.3188,3.236693,-112.5277,0.9494418,71.65907,0.7901077
188.2239,-140.7478,3.236673,-112.3633,0.8603178,71.50767,0.9664801
188.3329,-140.158,3.236947,-112.1902,0.7212084,71.32542,1.037552
188.4339,-139.5494,3.237453,-112.0087,0.5870277,71.39355,0.7130585
188.5413,-138.9215,3.237393,-111.8177,0.5492005,71.55873,0.756766
188.6513,-138.2743,3.237641,-111.6165,0.4877401,72.00547,0.6006495
188.7605,-137.6083,3.237614,-111.404,0.4040875,72.22424,0.634353
188.8715,-136.9233,3.237466,-111.1805,0.3512265,72.26835,0.9559677
188.9865,-136.2187,3.23771,-110.9458,0.1710864,72.09552,1.049941
189.0973,-135.4947,3.237606,-110.7017,0.3196444,72.01266,1.299115
189.2073,-134.7517,3.237901,-110.4492,0.06577778,71.7531,1.456928
189.3167,-133.988,3.238353,-110.1883,359.8119,71.72086,1.386405
189.425,-133.2026,3.238167,-109.9219,359.9135,71.84793,1.36025
189.5329,-132.3974,3.237626,-109.6508,0.2105681,72.17754,0.8458114
189.6411,-131.5743,3.237387,-109.3762,0.2687656,72.64731,0.7395293
189.7461,-130.7332,3.237318,-109.1001,0.2344569,73.00365,0.595298
189.8541,-129.8753,3.23701,-108.8223,0.5582521,73.82783,0.4112674
189.963,-128.9984,3.236816,-108.5428,0.6904917,74.48306,0.4956573
190.0728,-128.1044,3.235207,-108.2647,1.687312,75.34589,0.1348247
190.1846,-127.1971,3.234168,-107.9897,2.337765,76.55325,359.7424
190.3017,-126.2784,3.234618,-107.7198,1.928612,77.70084,359.2047
190.4119,-125.3488,3.234111,-107.4548,2.355191,79.05978,358.9163
190.5229,-124.4141,3.233033,-107.1966,2.920558,79.68505,358.7881
190.6353,-123.4765,3.233032,-106.947,2.893896,79.89878,359.0875
190.7486,-122.5409,3.234924,-106.7115,1.71074,80.47285,359.4923
190.8506,-121.772,3.234209,-106.5285,1.836241,81.4369,358.962
190.9612,-120.9187,3.233224,-106.336,2.375171,82.23633,359.095
191.076,-120.1103,3.235066,-106.1662,1.377828,83.05952,359.0164
191.1862,-119.347,3.235041,-106.0166,1.676222,83.643,359.0072
191.2957,-118.629,3.235937,-105.8862,1.015646,84.28829,359.1522
191.4109,-117.9589,3.234652,-105.7729,1.693187,85.09328,359.4207
191.52,-117.3368,3.235258,-105.6757,1.274986,85.62218,359.2722
191.6299,-116.7616,3.235715,-105.592,1.070618,86.07013,359.2734
191.7409,-116.2336,3.235413,-105.5205,1.217318,86.57022,359.1903
191.851,-115.7541,3.235414,-105.4591,1.294922,87.00452,359.2379
191.9647,-115.2938,3.235447,-105.4042,1.232373,87.41461,359.3232
192.078,-114.8301,3.235291,-105.3524,1.327842,87.73506,359.329
192.1897,-114.36,3.235319,-105.3042,1.308071,88.22186,359.442
192.3018,-113.8804,3.235456,-105.2583,1.217766,88.41574,359.63
192.4086,-113.3904,3.235995,-105.2162,0.9666777,88.70284,359.6131
192.5172,-112.8897,3.236326,-105.1777,0.7468495,89.17474,359.7277
192.6263,-112.3763,3.236661,-105.142,0.5409234,89.34973,359.9657
192.7341,-111.8499,3.237194,-105.1103,0.3384784,89.55552,0.2107009
192.8422,-111.3101,3.23694,-105.0817,0.3872384,89.24287,0.120655
192.9499,-110.7577,3.236706,-105.0583,0.8858958,89.34782,359.6375
193.057,-110.1926,3.236505,-105.0382,0.8175597,89.5527,359.4196
193.1676,-109.6148,3.237072,-105.0225,0.4188695,90.06262,359.5728
193.2781,-109.0226,3.237612,-105.0097,0.2132143,90.18151,359.796
193.3828,-108.4164,3.238075,-104.9999,359.964,90.35714,0.03300686
193.492,-107.7962,3.238157,-104.9925,359.9782,90.21808,0.2234559
193.5999,-107.1621,3.23825,-104.987,359.6986,90.20813,0.8115827
193.7035,-106.5152,3.238824,-104.9852,359.3611,90.421,1.247781
193.8093,-105.8547,3.239267,-104.9855,359.0129,90.46509,2.19157
193.9132,-105.1808,3.239514,-104.9897,358.9558,90.56714,2.589518
194.0179,-104.4939,3.239521,-104.9985,358.9447,90.88034,2.847022
194.1263,-103.7941,3.239338,-105.0106,358.9457,91.13699,2.849661
194.2402,-102.9779,3.239469,-105.029,358.8969,91.44182,2.854206
194.3455,-102.2498,3.239185,-105.0494,358.783,91.32819,3.296163
194.4533,-101.5089,3.239174,-105.0751,358.7024,91.17396,3.535629
194.5559,-100.7549,3.239414,-105.107,358.5518,91.09156,3.699277
194.6618,-99.98764,3.239118,-105.146,358.9281,91.20796,3.697618
194.7656,-99.20807,3.23871,-105.1927,359.3456,91.54671,2.708601
194.8749,-98.41573,3.237985,-105.2427,359.9171,91.98999,1.907947
194.9853,-97.6104,3.238541,-105.2955,359.7878,92.12266,1.68758
195.0885,-96.80115,3.2379,-105.3511,359.9812,92.201,2.166225
195.1968,-95.98973,3.237309,-105.4086,0.1667995,92.20877,2.757471
195.3062,-95.17657,3.237702,-105.4658,359.969,91.93671,3.0775
195.4159,-94.36225,3.237706,-105.5231,359.9868,92.17835,2.946498
195.5263,-93.54581,3.238015,-105.5804,359.8082,92.2756,2.888317
195.6357,-92.72788,3.238032,-105.638,359.9005,92.33303,2.862159
195.7388,-91.90803,3.237832,-105.6955,359.94,92.37025,2.755352
195.8458,-91.08653,3.237602,-105.7527,0.06336933,92.33702,2.373342
195.9524,-90.26424,3.237592,-105.8094,0.06261748,92.49967,2.274801
196.0603,-89.44024,3.237303,-105.8655,0.1029961,92.25652,2.459326
196.1668,-88.61464,3.237126,-105.9228,0.2420955,92.24743,2.330116
196.2708,-87.78776,3.23718,-105.9803,0.2538756,92.06612,2.357598
196.3846,-86.84174,3.237107,-106.0463,0.1862295,91.63085,2.608566
196.4956,-85.89296,3.237381,-106.1135,0.2102114,91.21101,2.540328
196.6022,-85.06168,3.237103,-106.1728,0.3721538,91.08358,2.683424
196.7091,-84.2289,3.237063,-106.2325,0.4124679,90.87499,2.673605
196.8097,-83.39313,3.237144,-106.2921,0.3364508,90.75711,2.743804
196.9149,-82.55134,3.236978,-106.352,0.416456,90.68091,2.782012
197.024,-81.7038,3.237278,-106.4126,0.3085621,90.60049,2.704009
197.1263,-80.85093,3.237249,-106.4722,0.2840092,90.51895,2.783339
197.2325,-79.99205,3.237247,-106.5314,0.2772145,90.24065,2.732846
197.338,-79.12722,3.237385,-106.5894,0.2048435,90.0631,2.879161
197.4478,-78.25592,3.237401,-106.6467,0.1647024,89.84255,2.955051
197.5514,-77.3783,3.237577,-106.7024,0.04642587,89.68664,2.9058
197.6578,-76.49484,3.237759,-106.756,0.01041999,89.43546,2.821331
197.7641,-75.60535,3.237576,-106.807,0.05037233,89.22666,2.905544
197.873,-74.7086,3.237632,-106.8562,359.9892,89.14757,2.972652
197.9863,-73.67444,3.237573,-106.9085,0.005314314,88.902,2.832794
198.0919,-72.75961,3.237571,-106.9513,359.9484,88.89954,2.893939
198.1938,-71.83554,3.237728,-106.9906,359.9492,88.7055,2.671848
198.2946,-70.90134,3.23795,-107.0261,359.8383,88.62394,2.716285
198.3991,-69.95665,3.237908,-107.0578,359.8769,88.34045,2.734974
198.5074,-69.00162,3.238037,-107.0862,359.814,88.05621,2.756168
198.614,-68.03625,3.238065,-107.1109,359.7068,87.77721,2.876907
198.7195,-67.06071,3.238432,-107.1326,359.7203,87.59853,2.746912
198.8315,-65.93337,3.238372,-107.1528,359.7087,87.34549,2.896388
198.9384,-64.93573,3.238312,-107.167,359.7303,87.17397,2.847288
199.047,-63.9278,3.238311,-107.1774,359.7017,86.97931,2.810675
199.1553,-62.90893,3.238303,-107.184,359.7284,86.81757,2.81121
199.2635,-61.87955,3.238434,-107.186,359.7954,86.5719,2.894068
199.3756,-60.69038,3.237954,-107.1834,-0.0005305136,86.40325,3.159339
199.4805,-59.63907,3.238221,-107.179,359.9766,86.58052,2.79774
199.5882,-58.57798,3.238189,-107.1698,359.963,86.33119,2.622182
199.7023,-57.35283,3.23816,-107.1556,359.9382,86.20547,2.644065
199.8088,-56.27006,3.238164,-107.1406,0.03204416,86.104,2.726058
199.9167,-55.17723,3.238147,-107.1244,359.8832,85.88299,2.803225
200.0194,-54.07364,3.238312,-107.1071,359.8293,85.83356,2.745824
200.1237,-52.95938,3.238246,-107.0883,359.8763,85.80846,2.74646
200.2307,-51.83529,3.238236,-107.0676,359.7932,85.54314,2.793668
200.3311,-50.70108,3.238281,-107.046,359.7686,85.45631,2.797359
200.4373,-49.55677,3.238519,-107.0232,359.7691,85.41989,2.667997
200.5461,-48.40244,3.238282,-106.999,359.8372,85.34552,2.699017
200.6484,-47.23731,3.238389,-106.9734,359.8505,85.38764,2.600265
200.7546,-46.06229,3.238356,-106.9457,359.8413,85.27578,2.587753
200.8636,-44.87665,3.238479,-106.9165,359.7914,85.22292,2.61307
200.9649,-43.68084,3.238703,-106.8858,359.6979,85.07986,2.683413
201.0689,-42.47492,3.239057,-106.8542,359.6773,85.04089,2.6185
201.175,-41.26014,3.239038,-106.821,359.664,84.93389,2.694624
201.2876,-39.85963,3.238998,-106.7813,359.6826,84.80357,2.601611
201.3898,-38.62439,3.23881,-106.7448,359.7488,84.68726,2.580121
201.4904,-37.38041,3.238677,-106.7071,359.7192,84.6247,2.611411
201.5939,-36.12706,3.238661,-106.6677,359.6794,84.46301,2.725997
201.6945,-34.86381,3.239109,-106.6267,359.5092,84.32993,2.659777
201.7982,-33.59108,3.238459,-106.5841,359.7431,84.1695,2.851
201.906,-32.31057,3.238016,-106.5411,0.06662061,84.16362,2.883285
202.017,-30.83698,3.238588,-106.4902,359.7774,84.07,2.926045
202.1308,-29.35278,3.238371,-106.4373,359.9131,83.98197,2.985321
202.2363,-28.05034,3.238391,-106.3895,359.9024,83.90578,2.974941
202.3468,-26.7449,3.238568,-106.3397,359.7881,83.60181,3.050196
202.4523,-25.43646,3.238632,-106.2886,359.6971,83.59885,3.110757
202.5593,-24.12469,3.238848,-106.2354,359.5909,83.29195,3.175234
202.6662,-22.81031,3.238823,-106.1806,359.6818,83.22632,3.221943
202.775,-21.49374,3.238849,-106.1237,359.6813,83.09911,3.408538
202.8877,-19.98556,3.238496,-106.0563,359.7699,82.58717,3.439991
202.9944,-18.66261,3.23806,-105.9958,0.2039026,82.08602,3.249727
203.1092,-17.14901,3.237355,-105.9234,0.4738628,81.40363,2.668844
203.2148,-15.82086,3.239174,-105.8554,0.2126291,80.58443,1.930845
203.3236,-14.49762,3.239495,-105.7763,0.4475224,79.79299,1.106138
203.4342,-13.03856,3.238794,-105.6712,0.9831014,78.43147,1.415182
203.5344,-11.81625,3.237922,-105.5605,1.315046,75.67285,1.979696
203.6492,-10.4863,3.23789,-105.3991,1.86251,73.39008,0.65551
203.7505,-9.378819,3.236554,-105.2284,1.912763,69.81109,2.64794
203.8528,-8.326755,3.231869,-105.0413,3.537465,65.48085,4.685292
203.9643,-7.195229,3.231756,-104.7949,3.209404,55.85742,6.120439
204.0695,-6.273786,3.230037,-104.5465,3.490292,42.32359,5.713143
204.1802,-5.287582,3.232677,-104.2367,1.87025,33.17282,4.919007
204.281,-4.487076,3.229871,-103.9478,2.921976,27.56766,5.090391
204.3887,-3.642281,3.227516,-103.6062,3.799522,21.48243,4.178327
204.5,-2.866372,3.230157,-103.2536,2.387292,17.55388,5.057974
204.6113,-2.159538,3.229798,-102.8934,2.415035,15.12404,4.818775
204.7222,-1.526108,3.22962,-102.5294,2.695709,13.2195,4.634024
204.8335,-0.9625434,3.23066,-102.1722,2.451224,11.63901,4.538627
204.9448,-0.4690748,3.230304,-101.8295,2.666393,10.2132,4.226419
205.0559,-0.04202388,3.230832,-101.5079,2.522103,8.895333,4.451346
205.1674,0.3247716,3.231373,-101.2129,2.257105,7.884773,4.578588
205.2783,0.6345995,3.232362,-100.947,1.815031,6.725735,4.702766
205.3909,0.8961266,3.233045,-100.7098,1.627196,5.98894,4.443517
205.5048,1.152152,3.233991,-100.4642,1.239694,5.211024,4.072512
205.6115,1.378983,3.234344,-100.2351,1.04337,4.277209,3.75336
205.724,1.644312,3.234994,-99.94904,0.8048511,3.235069,3.418425
205.8369,1.921159,3.235687,-99.62967,0.5845206,2.138259,3.315932
205.951,2.208043,3.235406,-99.27316,0.839438,0.6183625,3.147473
206.0555,2.468899,3.235396,-98.92515,0.9329347,359.2858,3.227501
206.17,2.773906,3.235532,-98.48248,0.844209,357.4103,3.186141
206.2831,3.082545,3.235576,-97.98853,0.818149,355.4258,3.229396
206.3893,3.352523,3.235503,-97.51163,0.9321525,354.1124,3.447023
206.4914,3.61628,3.235514,-96.9925,1.044301,352.8349,3.176983
206.5997,3.868931,3.236053,-96.43046,0.7956449,351.4734,3.193901
206.7071,4.102983,3.236965,-95.82413,0.3760266,349.9494,3.481241
206.8097,4.313832,3.237684,-95.17408,0.02343283,348.8882,3.200278
206.9196,4.494481,3.238347,-94.48996,359.5683,348.7487,3.559911
207.0285,4.640577,3.238235,-93.77529,359.9496,349.099,2.830894
207.137,4.743941,3.238372,-93.0451,0.3525573,349.0016,1.123971
207.248,4.80364,3.238273,-92.30763,0.4184863,348.4062,0.7215356
207.3606,4.821206,3.23856,-91.60018,0.01815273,348.308,0.7807185
207.472,4.800415,3.237796,-90.93919,0.07044628,348.5691,0.2926115
207.5804,4.749459,3.236784,-90.32614,0.7230899,347.4899,0.3607278
207.689,4.679897,3.236674,-89.76295,1.007262,347.365,359.9445
207.8035,4.600471,3.235209,-89.25193,1.740814,346.5896,0.2469136
207.9054,4.514785,3.234071,-88.79427,2.765783,345.5472,0.3442325
208.0065,4.442311,3.234495,-88.44478,2.486414,343.8444,0.7120471
208.1217,4.361271,3.23472,-88.08219,2.157802,343.1378,0.39974
208.2404,4.283921,3.235602,-87.75509,1.764167,343.3544,0.4021355
208.3526,4.199294,3.235659,-87.42374,1.914347,343.6475,0.349877
208.4533,4.121057,3.235243,-87.13477,2.1111,343.89,359.8573
208.5551,4.035833,3.235761,-86.841,1.651593,343.6013,0.1040916
208.6561,3.945046,3.235651,-86.54313,2.066208,343.4551,0.02424583
208.7572,3.846666,3.234785,-86.23838,2.273697,342.9816,0.09465475
208.8579,3.740349,3.234688,-85.92413,2.219144,342.483,0.1603018
208.9583,3.62634,3.234272,-85.59947,2.454601,342.6572,0.157657
209.0599,3.502632,3.234047,-85.26178,2.382473,342.594,0.288364
209.162,3.368684,3.232965,-84.91009,2.672269,342.7639,0.07453972
209.2668,3.222963,3.232394,-84.54372,2.579552,342.4463,0.7057743
209.3677,3.066806,3.230944,-84.1639,3.474901,341.9286,0.8566987
209.4694,2.899714,3.23154,-83.77155,3.4944,341.6249,0.9387935
209.5736,2.72259,3.231637,-83.36942,3.956468,340.8755,1.355354
209.6788,2.537163,3.232859,-82.95392,3.168941,340.8508,1.179933
209.7792,2.348554,3.231908,-82.52238,3.474927,341.0927,1.18476
209.8798,2.151849,3.232608,-82.07728,3.12914,341.567,0.2972202
209.9919,1.909481,3.234395,-81.53776,2.129129,343.5208,357.9607
210.1029,1.650037,3.23208,-80.98499,3.400151,345.4952,357.3933
210.2095,1.421112,3.231177,-80.50219,3.195406,345.7946,357.5696
210.3116,1.188081,3.229513,-80.01367,4.088905,346.5635,357.4407
210.4227,0.9140667,3.229874,-79.44262,4.765979,347.1683,357.8805
210.534,0.6433076,3.229413,-78.87014,3.787231,348.2394,359.3699
210.6407,0.4298878,3.229226,-78.395,3.706955,349.2065,1.52215
210.7412,0.2358623,3.233801,-77.94673,1.734628,349.4112,2.264854
210.843,0.06060223,3.236183,-77.5243,0.4731306,350.3117,2.233354
210.9455,-0.0960557,3.235591,-77.13252,359.8712,349.3636,3.096924
211.0464,-0.233293,3.234545,-76.77403,0.6044466,350.8047,2.186565
211.1619,-0.3714105,3.233644,-76.39997,1.371949,351.9853,2.197092
211.281,-0.4886748,3.234258,-76.07164,1.102872,351.8643,1.91693
211.3949,-0.5850096,3.233103,-75.78828,1.340444,351.7868,1.549934
211.4952,-0.6551961,3.234033,-75.58064,0.6349443,351.5232,1.134225
211.5967,-0.7136621,3.233415,-75.4063,1.171202,351.0758,1.166944
211.6976,-0.7625752,3.235871,-75.26617,0.03049377,350.2349,1.441741
211.7982,-0.8006586,3.235348,-75.15625,0.1097892,349.7087,2.392381
211.9012,-0.8373061,3.234957,-75.04452,0.1884735,349.3932,3.357345
212.0123,-0.8790796,3.23482,-74.90227,0.4481369,349.9321,3.745708
212.1273,-0.9258245,3.234659,-74.73772,0.5463723,349.7591,4.249593
212.2275,-0.9703139,3.234952,-74.57259,0.5454708,349.9116,4.066203
212.3306,-1.019037,3.235272,-74.38425,0.3855756,350.037,4.120432
212.446,-1.080239,3.234967,-74.13333,0.445614,350.1404,3.961105
212.5611,-1.1451,3.235404,-73.84905,0.5171819,350.5738,4.241071
212.6778,-1.210685,3.234849,-73.53237,0.6915062,351.1544,4.17483
212.7936,-1.276572,3.234678,-73.1813,0.9529847,351.7287,3.993632
212.9097,-1.340395,3.233359,-72.79934,1.712795,352.0666,2.92262
213.0263,-1.404969,3.234287,-72.3828,1.07153,352.1358,2.989314
213.1411,-1.463889,3.234964,-71.93008,0.6125174,352.2076,3.387341
213.2511,-1.515498,3.235746,-71.4437,0.5896463,352.806,2.987948
213.3665,-1.564884,3.234207,-70.93365,0.9267213,353.4697,3.216846
213.476,-1.608064,3.235885,-70.39816,0.2095625,353.4648,3.217189
213.582,-1.643857,3.23598,-69.84193,0.5163682,354.1098,2.453998
213.6891,-1.674946,3.235441,-69.27019,0.2253071,354.7043,2.87278
213.8015,-1.694778,3.237079,-68.67697,359.8263,355.082,4.127408
213.9103,-1.703365,3.236835,-68.06319,359.5866,355.269,4.327501
214.0214,-1.699824,3.237068,-67.42941,359.4517,355.7149,4.344621
214.1297,-1.683384,3.236265,-66.77699,0.1472746,356.3924,4.448354
214.2388,-1.651347,3.235042,-66.10941,0.6308253,356.7204,3.832439
214.347,-1.604027,3.235401,-65.42184,1.096102,357.2431,2.822462
214.4562,-1.541186,3.236722,-64.71762,0.9071783,357.7284,1.576384
214.565,-1.464347,3.23826,-63.99495,0.5023118,358.5167,1.191677
214.6735,-1.374912,3.238539,-63.25632,0.4742635,358.986,0.9859055
214.7803,-1.272975,3.23685,-62.51371,0.803772,359.5754,1.367447
214.8843,-1.162553,3.237245,-61.76561,0.5130372,359.7723,1.278174
214.9873,-1.045529,3.239293,-61.01402,359.8495,0.5149836,0.5621225
215.0905,-0.9242403,3.239899,-60.26183,359.5648,0.5647826,359.6813
215.1932,-0.8017403,3.239511,-59.54488,0.08204323,0.9727905,359.5645
215.2962,-0.6844293,3.239285,-58.87945,359.8535,1.040468,359.4649
215.4044,-0.5738174,3.240715,-58.26134,359.1817,0.6330121,359.4384
215.5126,-0.4709127,3.24094,-57.6905,359.0244,0.4938089,359.0967
215.6154,-0.3776701,3.241216,-57.16753,359.1083,0.2078722,359.5359
215.7232,-0.2929576,3.239869,-56.69166,359.4849,359.6283,359.6205
215.8325,-0.2164635,3.239995,-56.26491,359.5256,359.3316,359.8921
215.942,-0.1489475,3.239998,-55.8882,359.4828,359.5051,359.4413
216.0519,-0.09025444,3.240503,-55.55273,359.097,359.4063,359.45
216.1613,-0.0328832,3.239742,-55.21947,359.4174,359.0903,359.1552
216.2708,0.02480726,3.239729,-54.88212,359.6234,358.9539,359.0467
216.3794,0.08381785,3.23948,-54.52648,359.4237,358.5914,358.8448
216.4945,0.1535898,3.24007,-54.09161,358.9399,357.4633,358.0535
216.5958,0.214729,3.238368,-53.68238,359.8213,357.0905,357.2775
216.7019,0.2761664,3.238304,-53.24232,359.4422,356.627,358.2535
216.8111,0.3423316,3.235409,-52.76461,0.5220059,355.922,358.7026
216.9218,0.4122019,3.235192,-52.2459,1.072695,355.2938,358.1073
217.0317,0.4825319,3.237179,-51.68126,0.4758588,354.6604,357.9393
217.1406,0.5518273,3.237008,-51.07316,0.4063922,354.1234,358.1989
217.2436,0.6203211,3.238366,-50.42264,0.04566337,353.7176,357.8349
217.3512,0.6850597,3.238465,-49.73048,359.9772,353.6764,358.3401
217.4581,0.7368259,3.239503,-48.99598,359.3511,353.0321,358.2653
217.5641,0.770816,3.239816,-48.2237,359.1722,351.3073,357.9445
217.6727,0.7870768,3.239547,-47.41476,359.6393,350.2086,358.0802
217.7816,0.7824071,3.239788,-46.57434,359.3882,348.8713,358.2112
217.8842,0.7574355,3.237462,-45.70013,0.223187,347.6528,358.7554
217.993,0.707732,3.237846,-44.80379,0.1806328,345.4749,359.0805
218.1035,0.6300482,3.238701,-43.88637,0.02254344,343.7298,358.6842
218.2138,0.5281315,3.237593,-42.95658,0.2841844,342.3075,358.7017
218.3139,0.4234927,3.237793,-42.15479,0.1484543,340.8749,358.8943
218.4243,0.2791527,3.23864,-41.21191,0.05348962,339.7858,358.8209
218.5343,0.1077067,3.239431,-40.26171,359.7036,337.9444,358.6555
218.6439,-0.09503097,3.241103,-39.30561,359.3636,336.7069,357.5038
218.7527,-0.3327483,3.240898,-38.34719,358.9388,336.5863,358.493
218.8578,-0.5987341,3.239352,-37.38754,359.4855,336.4721,0.09852092
218.9686,-0.8880341,3.233273,-36.4258,1.696336,339.5271,1.26045
219.0856,-1.203448,3.231112,-35.46569,3.993807,342.9482,2.109183
219.1956,-1.530318,3.23452,-34.49325,2.407812,347.4684,3.849882
219.3112,-1.868702,3.23237,-33.51468,2.696116,348.6323,3.872207
219.4115,-2.153139,3.233313,-32.65982,1.738125,349.9323,4.873564
219.5235,-2.469688,3.232943,-31.64989,2.70714,352.3714,4.089672
219.6389,-2.763467,3.231282,-30.62682,3.788315,354.681,1.871443
219.7549,-3.032593,3.232459,-29.58559,3.842123,355.8856,0.6906891
219.8555,-3.239687,3.230142,-28.67852,4.15402,357.4647,0.1639827
219.9715,-3.440345,3.231597,-27.60037,4.708754,358.4954,0.1301521
220.0717,-3.578573,3.230761,-26.66048,3.599177,359.7214,0.3536613
220.191,-3.68774,3.23413,-25.54123,1.941019,1.255744,0.2291041
220.2962,-3.744556,3.234547,-24.40522,2.117044,3.225729,0.6275088
220.4094,-3.741,3.235059,-23.25843,2.190099,5.555865,0.5242603
220.5249,-3.677035,3.234938,-22.10834,1.739644,7.760659,0.138133
220.6419,-3.556964,3.235672,-20.95778,1.572492,8.694267,0.5853412
220.7548,-3.377919,3.232678,-19.81508,2.594793,9.515466,0.5762613
220.8678,-3.144225,3.233756,-18.67822,2.501403,10.44083,0.07204393
220.9796,-2.856804,3.235447,-17.55133,2.550887,12.21254,359.2848
221.0886,-2.524589,3.234407,-16.43655,2.683547,12.76898,359.1335
221.1949,-2.157955,3.234659,-15.33227,3.092535,12.66014,359.1653
221.3046,-1.764202,3.234489,-14.23826,3.500638,12.77054,358.4555
221.4131,-1.35504,3.233896,-13.14677,3.656655,13.33412,358.0919
221.5149,-0.9267158,3.235526,-12.05763,2.022195,12.31235,359.133
221.6185,-0.484726,3.23418,-10.97439,2.620442,11.90681,358.4229
221.7232,-0.04012635,3.234778,-9.892883,1.774295,10.30252,359.3003
221.8318,0.4011254,3.234737,-8.81076,2.462608,8.501804,358.492
221.9342,0.8355491,3.235693,-7.72321,2.149187,5.796624,359.579
222.039,1.265823,3.23813,-6.628345,1.636014,4.852195,0.3552324
222.1454,1.662723,3.237306,-5.533839,1.804651,3.477898,358.9236
222.2537,2.006309,3.242699,-4.469677,359.231,1.323798,358.8
222.3556,2.297691,3.243634,-3.439287,357.6058,0.9278201,358.3228
222.4616,2.531481,3.244869,-2.447432,357.2927,359.3862,357.7669
222.5688,2.720592,3.243642,-1.494441,358.4279,358.5247,359.1653
222.6771,2.863196,3.241958,-0.5838213,358.954,356.9008,0.3481151
222.7773,2.960735,3.24021,0.2810057,359.4049,355.0598,1.050251
222.8827,3.02226,3.239936,1.101813,359.6032,354.7558,0.8786509
222.9883,3.053524,3.240827,1.875764,359.4051,354.5785,359.8961
223.0908,3.057585,3.239788,2.601025,359.5005,353.9883,0.1444464
223.1989,3.045137,3.239526,3.277954,359.6671,353.5982,0.5050126
223.3085,3.020983,3.239013,3.907276,0.2246142,353.8815,359.4786
223.4136,2.98378,3.238719,4.487861,0.06461466,355.2268,358.6943
223.5231,2.93592,3.237263,5.041729,0.8000453,356.0504,358.907
223.6389,2.875267,3.236922,5.599764,0.7990221,355.1867,358.9383
223.7495,2.802285,3.235221,6.15872,1.538906,354.4511,359.4613
223.86,2.718493,3.235266,6.720474,1.318098,353.2141,0.06521218
223.971,2.62479,3.236144,7.286605,0.5468696,352.0667,0.7834958
224.0849,2.522905,3.235204,7.85686,1.226921,350.5709,1.045493
224.1977,2.411658,3.236636,8.432057,0.708774,350.3116,1.288345
224.3078,2.29347,3.236677,9.01517,359.8149,349.8482,3.183464
224.418,2.17035,3.238354,9.611205,359.3704,349.1807,2.860903
224.5281,2.041142,3.238126,10.21742,359.7646,349.172,2.206961
224.644,1.903512,3.238417,10.83567,359.1437,349.4925,1.53909
224.7538,1.755407,3.238125,11.46696,359.4558,350.6449,1.054259
224.863,1.595123,3.23776,12.10963,359.6266,351.4302,0.6199484
224.976,1.422584,3.235108,12.76309,0.8892482,352.0774,0.4554631
225.0878,1.240805,3.233428,13.42678,1.880052,352.3382,0.3827498
225.1886,1.077518,3.235404,14.00397,1.035385,351.9651,0.2035085
225.2987,0.8789207,3.236313,14.68591,0.4841492,352.2354,0.6371247
225.4104,0.6777368,3.236612,15.37466,0.4347704,350.4365,2.928628
225.5293,0.4858814,3.236418,16.06697,0.308032,349.9669,3.024128
225.6423,0.2960195,3.233999,16.75809,2.082437,351.5991,1.39721
225.7579,0.1198761,3.236702,17.41473,1.550081,352.5871,0.6709738
225.8613,-0.01254008,3.232779,17.94311,1.839778,353.5822,1.490976
225.9711,-0.1454564,3.234577,18.51573,1.960433,354.9399,1.845484
226.0836,-0.2576924,3.235321,19.04288,1.141979,355.6446,1.779786
226.2003,-0.3520352,3.236024,19.52657,0.365294,358.1203,1.483896
226.31,-0.4300921,3.234884,19.96276,1.095134,358.8659,1.15756
226.422,-0.4921063,3.234244,20.34813,1.239405,0.07781422,1.769114
226.5352,-0.540662,3.235124,20.68983,0.6349443,0.7359776,1.161933
226.6524,-0.5806245,3.234147,20.9838,1.207504,1.011733,1.387457
226.7653,-0.6104391,3.233546,21.24533,1.756629,1.988584,1.264633
226.8788,-0.6381983,3.233526,21.51702,1.565707,2.56783,1.672587
226.9976,-0.6626621,3.233987,21.80177,1.680335,3.098625,1.296542
227.1114,-0.6846937,3.233472,22.10242,1.773889,3.985584,1.216384
227.222,-0.7038998,3.233401,22.42067,1.843058,4.761357,1.2889
227.3237,-0.7165182,3.233367,22.70796,1.867339,5.479701,1.397
227.4317,-0.7263583,3.233507,23.06199,1.67077,6.146098,1.344854
227.5449,-0.7301472,3.233226,23.43469,1.960775,6.997737,1.164865
227.6471,-0.7296296,3.233727,23.82709,1.673974,7.42152,1.178344
227.7506,-0.7244725,3.234365,24.18096,1.524869,7.343504,1.182764
227.8595,-0.7085845,3.234471,24.61518,1.44694,7.614017,1.457991
227.9691,-0.6851154,3.233608,25.07054,2.236623,4.736617,1.697985
228.0775,-0.6487588,3.233904,25.54533,2.557086,2.498841,1.201135
228.1874,-0.5985976,3.23647,26.04012,1.444321,1.211056,0.588324
228.2903,-0.5391583,3.235327,26.55493,1.824126,0.1707165,358.8694
228.3956,-0.477253,3.235613,27.08855,2.123628,0.20147,357.7199
228.5017,-0.4101372,3.235146,27.64086,2.335429,1.589766,356.2281
228.6106,-0.3348155,3.235713,28.2135,1.325578,0.567933,358.7021
228.7141,-0.2480442,3.235669,28.7979,1.95516,0.2803623,359.0451
228.821,-0.1579932,3.234587,29.3915,1.722426,0.3144613,358.2845
228.9281,-0.07153179,3.235616,29.9966,1.634039,359.1868,358.9028
229.0287,0.01543942,3.234661,30.6063,1.919843,359.3789,358.5625
229.1352,0.100785,3.235392,31.22542,1.450157,358.7242,359.3195
229.2433,0.1829876,3.23509,31.85221,2.263055,358.8541,359.5412
229.3461,0.2576833,3.2359,32.49224,1.556521,357.826,359.6121
229.4523,0.3249864,3.232308,33.14025,3.038939,356.8144,359.9462
229.5597,0.3841393,3.234117,33.79906,2.364406,356.1434,0.07782885
229.6668,0.4341993,3.235446,34.4688,2.067126,355.6211,359.7666
229.7737,0.472927,3.234835,35.14994,2.017517,355.5493,0.420682
229.8836,0.5009872,3.234752,35.84137,2.011235,354.8241,0.8335294
229.9915,0.5151087,3.236195,36.54531,1.549411,353.8829,0.6297421
230.0916,0.5146555,3.236439,37.25986,1.395079,352.9211,0.6786194
230.197,0.5014926,3.237097,37.98381,1.058742,351.7766,0.8392729
230.3015,0.4757944,3.237018,38.71713,0.9969063,351.1176,1.076582
230.4058,0.4378842,3.236895,39.45909,1.294959,350.3118,1.032457
230.5119,0.3844168,3.237349,40.20821,1.230529,349.3969,1.08247
230.6194,0.3168656,3.235543,40.966,1.346967,348.8131,2.099466
230.728,0.2362009,3.235043,41.73286,1.744439,347.752,2.097027
230.837,0.1391045,3.235729,42.50912,1.336141,346.3856,2.085545
230.9464,0.03053898,3.234693,43.2913,1.895996,345.5638,1.79126
231.0558,-0.08792634,3.237376,44.07999,0.9181114,345.0201,1.735554
231.1643,-0.2186992,3.237304,44.8728,0.9564735,344.6046,2.05173
231.2681,-0.3611932,3.234992,45.66785,1.647783,344.4236,2.92278
231.3771,-0.5168422,3.236143,46.46639,1.348405,343.9517,2.67411
231.4846,-0.6890602,3.236877,47.2668,1.142842,343.4124,1.951754
231.5934,-0.8766553,3.237295,48.06823,0.853283,343.0276,1.843594
231.7036,-1.077815,3.237004,48.87024,1.164148,343.3368,1.875389
231.8142,-1.295801,3.235339,49.67369,1.444033,343.7989,1.390923
231.9233,-1.530497,3.234486,50.47774,2.240572,343.6441,1.464795
232.0314,-1.774148,3.233615,51.28298,1.905015,343.5338,1.059167
232.1399,-2.031964,3.236055,52.09391,0.6509629,343.8163,1.304857
232.2486,-2.285712,3.232786,52.90353,2.564197,345.4569,1.870967
232.3597,-2.538991,3.234646,53.71177,1.602944,345.8301,2.145458
232.4749,-2.785877,3.233495,54.52398,2.101269,346.2068,2.413983
232.5844,-3.035278,3.236108,55.34498,1.531866,348.3206,1.492637
232.6926,-3.276785,3.232672,56.16918,2.261425,349.151,2.100864
232.8048,-3.501523,3.233249,57.00134,2.373961,350.0895,2.262263
232.9176,-3.708622,3.231626,57.84607,2.351702,351.2559,2.601689
233.0303,-3.899917,3.235293,58.70435,1.259181,352.4413,0.9526909
233.1322,-4.049147,3.233948,59.44681,1.85963,353.7426,1.269822
233.2428,-4.201077,3.234512,60.32294,1.868708,354.9453,1.626142
233.354,-4.328315,3.23486,61.21338,1.315741,356.125,2.198484
233.4633,-4.432683,3.234535,62.11673,1.435911,356.7539,2.213351
233.5747,-4.511561,3.233846,63.02965,1.989865,357.5926,1.716665
233.6861,-4.567225,3.235205,63.95284,1.417803,358.754,1.334003
233.7986,-4.600404,3.235289,64.88657,1.301327,359.3224,1.52073
233.9095,-4.60842,3.234862,65.82972,1.391597,0.2049645,2.280871
234.0161,-4.592007,3.235237,66.78196,1.285901,1.365484,2.196919
234.1233,-4.554559,3.235133,67.74264,1.265883,2.40042,2.379339
234.2306,-4.494548,3.235206,68.71032,1.07869,3.26304,2.356418
234.3398,-4.410165,3.234855,69.68351,1.352121,3.39308,2.323155
234.4489,-4.301381,3.235256,70.66132,1.678939,2.981477,2.143652
234.559,-4.173074,3.239288,71.65096,0.8904498,3.926316,359.5784
234.6615,-4.025846,3.237461,72.64684,1.543946,4.472167,357.772
234.7663,-3.856595,3.236099,73.64156,1.7485,5.253629,358.4612
234.8689,-3.677373,3.230631,74.63315,3.5395,3.877878,358.7445
234.9696,-3.495143,3.235567,75.62717,2.42841,3.099277,359.2671
235.0771,-3.327516,3.231829,76.60345,2.603194,2.649669,357.9637
235.1865,-3.181078,3.234957,77.53188,1.797602,1.524473,359.5404
235.2894,-3.05183,3.236505,78.41686,1.329698,0.4530201,358.9302
235.3955,-2.937012,3.234678,79.25296,2.488641,0.2856195,359.6095
235.5049,-2.840384,3.236589,80.04128,2.257675,359.8671,359.4116
235.6069,-2.766469,3.235377,80.78716,1.650601,359.2062,0.0956523
235.7115,-2.705025,3.233908,81.4808,3.354695,359.8037,359.6923
235.8204,-2.660506,3.235403,82.12736,2.39004,358.599,359.9296
235.9305,-2.62668,3.234947,82.72626,2.741387,358.7209,359.4973
236.0333,-2.603886,3.234775,83.27592,2.648579,358.0046,0.06663883
236.1401,-2.586939,3.235602,83.77694,2.231751,357.5351,359.8229
236.2466,-2.575734,3.235356,84.22939,2.346447,357.3987,359.7352
236.3549,-2.568402,3.235341,84.63336,2.384229,357.8131,359.7064
236.4634,-2.561473,3.236129,84.98897,2.170807,0.8645699,359.6698
236.5702,-2.560287,3.23411,85.29446,2.773378,4.191274,0.5802953
236.6836,-2.556864,3.2312,85.5824,3.71203,5.520818,1.793435
236.7906,-2.554753,3.230748,85.78359,3.355381,6.71429,2.773042
236.9037,-2.557226,3.232422,85.94997,2.559552,6.280983,2.165918
237.0137,-2.559613,3.231551,86.11662,2.566826,6.822584,2.499857
237.1208,-2.560076,3.230397,86.28279,3.283065,7.392068,2.62198
237.2354,-2.560383,3.230498,86.46058,3.290137,7.39369,2.317409
237.3428,-2.562217,3.233312,86.65722,1.900268,7.175779,2.239878
237.4563,-2.563399,3.232085,86.87137,2.325504,7.837739,1.728104
237.5672,-2.563404,3.230303,87.10158,3.030114,8.199834,1.820612
237.6682,-2.562757,3.230713,87.31295,3.305756,8.512761,1.366987
237.7736,-2.563043,3.231456,87.57693,2.712876,8.664423,1.836524
237.8817,-2.561677,3.232135,87.86015,2.501664,8.698705,2.006248
237.9929,-2.558802,3.233116,88.16331,2.187792,8.912718,1.952153
238.1001,-2.554352,3.233984,88.48705,1.641577,9.209126,1.66737
238.2147,-2.547938,3.234402,88.83472,1.468076,9.441869,1.616945
238.3298,-2.539815,3.233778,89.20599,1.783055,9.854936,1.674266
238.4398,-2.529665,3.233932,89.59994,1.633238,10.05358,1.777073
238.5431,-2.515596,3.234228,90.01627,1.402247,10.32406,1.97781
238.6478,-2.497109,3.234073,90.45472,1.318831,10.78306,1.920154
238.7494,-2.478716,3.234354,90.84945,1.174102,10.98131,1.821861
238.8528,-2.456825,3.233989,91.26191,1.385762,11.37447,1.93723
238.9615,-2.425573,3.234243,91.76517,1.224919,11.86169,1.933067
239.0721,-2.388222,3.234108,92.29079,1.241994,12.31315,2.042701
239.1826,-2.342754,3.23427,92.84003,1.171326,12.72782,1.864702
239.2947,-2.289979,3.234211,93.41193,1.190704,13.45265,1.913001
239.4059,-2.228465,3.234253,94.00672,1.165926,14.00863,1.9201
239.5214,-2.157321,3.234333,94.62391,1.157737,14.68631,1.867178
239.6299,-2.076238,3.234454,95.26309,1.077572,15.37206,1.912982
239.7386,-1.984127,3.234786,95.9245,0.9660177,15.92602,1.963298
239.8483,-1.879355,3.235167,96.60703,0.8597559,16.88272,1.876328
239.9583,-1.76193,3.235168,97.31188,0.771453,17.72173,1.575166
240.071,-1.631745,3.235434,98.03873,0.7644917,18.56637,1.54507
240.1878,-1.48759,3.23483,98.78574,1.169544,19.49008,1.618941
240.2972,-1.326477,3.235093,99.55313,0.7908089,20.39202,1.829415
240.4081,-1.146654,3.235396,100.3411,0.9707882,21.35476,1.245703
240.5193,-0.950008,3.23524,101.1482,1.056748,22.699,0.9285057
240.6256,-0.7348163,3.235838,101.9747,0.6217732,23.59928,0.9775426
240.7377,-0.4982189,3.235508,102.8188,1.075909,24.95681,0.5581853
240.8411,-0.2403786,3.235955,103.6809,0.6356779,26.36199,0.6140864
240.9474,0.04222038,3.2351,104.5591,1.027513,27.93225,0.3233494
241.0618,0.3507411,3.234546,105.4508,1.249023,29.75474,0.3014026
241.171,0.6915274,3.234059,106.3541,1.54105,31.72972,359.9356
241.2807,1.063258,3.232781,107.2679,2.411295,33.14306,358.9199
241.3857,1.467106,3.231935,108.1866,3.135761,34.70379,358.0163
241.4924,1.911668,3.232856,109.1073,2.278811,37.30072,358.2823
241.6067,2.407828,3.232041,110.019,2.561417,39.24545,358.704
241.7165,2.955267,3.233082,110.9168,2.57092,41.63415,358.0051
241.8301,3.546826,3.232453,111.8016,2.75083,43.823,358.5103
241.9412,4.186444,3.232563,112.6659,2.062165,45.26761,358.3905
242.0481,4.880103,3.234518,113.5063,1.662019,47.972,359.7357
242.1588,5.615955,3.232842,114.3194,2.625704,51.41191,0.03078888
242.2756,6.387847,3.233026,115.1092,1.992738,54.58436,359.3966
242.3881,7.187981,3.232362,115.8784,2.438497,57.45691,359.2155
242.5014,8.021687,3.233906,116.6275,0.6908569,60.70097,359.0883
242.6142,8.887641,3.229694,117.3452,2.964216,62.90654,0.04674518
242.7258,9.782828,3.228893,118.0287,3.327523,65.11289,0.8566657
242.8319,10.71441,3.23034,118.6699,2.590847,67.48758,2.534713
242.937,11.68539,3.229063,119.2553,2.293072,70.01965,3.858697
243.0483,12.70299,3.230373,119.7655,3.11038,72.27186,3.59579
243.1594,13.76395,3.22987,120.2008,2.651069,76.36994,0.7839477
243.2664,14.85915,3.22908,120.5479,3.237572,81.40533,0.2943954
243.3733,15.98301,3.231142,120.8047,2.424111,84.10064,359.4223
243.4828,17.13245,3.231537,120.9611,2.157547,87.54137,0.02358834
243.5913,18.29573,3.231071,120.9996,2.32009,89.1038,359.8545
243.6974,19.46291,3.231453,120.9226,2.114971,90.97889,0.7546302
243.7995,20.61895,3.234015,120.7337,2.181445,93.67418,359.2756
243.9011,21.75571,3.232778,120.4498,2.557476,95.99771,358.6261
244.0071,22.8762,3.233019,120.1094,3.192725,96.38342,358.0045
244.1182,24.13798,3.23084,119.642,3.346403,93.96651,0.2415867
244.2187,25.22165,3.226355,119.18,5.465692,90.90331,359.9366
244.3233,26.29542,3.229064,118.6744,4.206695,88.13444,1.359686
244.4346,27.50342,3.228357,118.055,4.167646,85.34785,0.3875284
244.5462,28.69827,3.229691,117.4039,3.102372,84.84777,0.5342006
244.6568,29.87561,3.227351,116.7171,4.308675,87.21153,0.3796391
244.7681,31.04247,3.229756,116.0078,3.223737,89.69112,1.470304
244.8794,32.20065,3.231906,115.2738,2.754267,90.68691,2.533307
244.9902,33.32752,3.230657,114.5433,3.052933,91.08165,1.059321
245.1015,34.3936,3.232043,113.8455,2.85468,90.07375,1.313481
245.2131,35.41014,3.233699,113.1907,1.757129,87.95596,1.352936
245.3237,36.3773,3.234082,112.5771,2.009897,86.44426,1.262944
245.4349,37.29806,3.234918,112.0086,1.333706,85.24874,1.452547
245.5463,38.17307,3.235574,111.4846,1.397769,84.15395,0.6331217
245.657,39.00015,3.235992,111.0086,1.010937,82.15718,0.4499972
245.7684,39.77954,3.237258,110.5755,0.5858446,81.24911,359.954
245.8805,40.51617,3.237671,110.1854,0.2661954,79.96603,359.6727
245.9902,41.25177,3.236587,109.8148,0.609839,78.68886,0.1340212
246.1015,41.99471,3.234571,109.4556,1.470415,76.75959,0.3337171
246.2126,42.7524,3.233744,109.1104,1.360241,74.93039,0.3437707
246.326,43.52749,3.233723,108.7868,0.9193766,72.58155,0.8291127
246.4383,44.32152,3.231644,108.4839,0.621803,70.06721,1.591107
246.5495,45.13091,3.23465,108.2045,358.402,68.79987,3.064
246.6608,45.96156,3.238647,107.9562,356.1674,65.96915,3.436937
246.772,46.81164,3.238839,107.7411,355.4203,63.24168,4.338705
246.8838,47.67716,3.236494,107.5642,356.0387,61.62347,4.192856
246.9947,48.55351,3.237451,107.4288,355.598,59.40627,4.18785
247.106,49.44353,3.237022,107.3393,355.6464,56.72952,4.047196
247.2172,50.34581,3.237226,107.2977,355.433,54.01831,3.989948
247.3282,51.25852,3.237591,107.3049,355.3096,51.27093,4.29799
247.4394,52.17785,3.237391,107.3607,355.5804,48.74867,4.23629
247.5505,53.10097,3.238637,107.4648,355.5362,46.64199,4.074598
247.6614,54.02496,3.239571,107.6208,355.3102,44.64707,3.680587
247.7728,54.94674,3.240007,107.8292,355.2014,43.24784,3.665367
247.8839,55.86026,3.240265,108.0901,355.4659,42.56868,3.381624
247.986,56.64788,3.240614,108.3608,355.4232,41.96283,2.969676
248.0991,57.51107,3.241287,108.7133,355.2692,40.53426,2.763926
248.2103,58.29793,3.241971,109.0853,355.1477,39.62044,2.310724
248.3207,59.01014,3.242507,109.466,355.0784,39.84188,1.852831
248.4322,59.64877,3.241852,109.8472,355.4714,39.18325,1.581147
248.5428,60.21696,3.241893,110.2207,355.7277,37.7663,1.097661
248.6534,60.71726,3.241747,110.5802,355.7054,36.2304,0.7001783
248.7655,61.15394,3.241931,110.919,355.7079,34.91113,1.006281
248.8783,61.53048,3.240644,111.2311,356.487,33.56432,0.8200465
248.9841,61.81314,3.239849,111.4777,357.0791,32.90105,0.8943793
249.0861,62.05413,3.239889,111.6978,357.3011,32.11338,0.832194
249.1994,62.28151,3.239642,111.9126,357.3771,32.03812,0.7509428
249.3051,62.46217,3.239146,112.0904,357.9035,31.6011,0.8229271
249.4066,62.64484,3.239036,112.2769,357.8856,30.67529,0.8578262
249.5122,62.8306,3.238817,112.4726,358.0939,29.88108,0.7930733
249.6126,63.01976,3.239454,112.6801,357.9345,28.73459,1.009239
249.7195,63.2132,3.239036,112.8994,358.2287,28.01891,1.151586
249.82,63.41251,3.238774,113.1334,358.4093,27.27686,1.072351
249.928,63.61905,3.239075,113.3835,358.5163,27.15873,0.9697706
250.0288,63.83271,3.238884,113.6514,358.4584,27.54777,1.23233
250.1365,64.0559,3.238233,113.9363,359.3702,28.65848,1.224279
250.2437,64.27898,3.237777,114.2405,0.4894795,30.27387,0.5029057
250.3507,64.49455,3.235883,114.5685,1.168099,30.26648,0.3171018
250.4593,64.70951,3.234589,114.9147,1.102983,29.19036,1.10673
250.567,64.9309,3.233637,115.2739,1.50816,27.56759,1.077795
250.6761,65.15025,3.235636,115.6486,0.7150781,27.36773,0.3141115
250.7786,65.3624,3.237234,116.0379,0.0977864,27.39667,0.02031105
250.8794,65.54191,3.235609,116.3765,0.6016977,27.0888,359.8585
250.9882,65.74956,3.236903,116.7776,0.1165591,26.41705,359.9187
251.0917,65.94998,3.235812,117.1823,1.041673,26.75837,359.4505
251.2024,66.13424,3.233861,117.5713,0.8489463,26.1713,0.1174559
251.3112,66.29188,3.232144,117.9164,2.146061,26.74344,358.8769
251.4201,66.41795,3.231475,118.2188,2.641412,27.05946,0.1475109
251.5289,66.52033,3.232329,118.483,1.116539,26.50262,0.5390407
251.6409,66.60288,3.231286,118.703,2.292067,26.53009,2.494164
251.7505,66.6786,3.232666,118.8695,1.791697,26.41651,3.499154
251.8616,66.74191,3.232697,118.9891,2.306452,27.81456,3.812061
251.9669,66.78041,3.232976,119.0734,1.680587,28.91631,1.65044
252.0764,66.79506,3.227251,119.1099,3.89908,28.36918,1.722951
252.1834,66.79578,3.229887,119.1083,3.113294,27.97134,2.047781
252.2926,66.80006,3.230379,119.111,3.039162,28.30288,1.618702
252.4032,66.8054,3.230207,119.1213,3.18089,28.98669,1.401327
252.5162,66.81411,3.230082,119.1432,3.365559,28.65093,1.183401
252.626,66.8293,3.229076,119.1785,4.030763,28.88024,1.306308
252.7323,66.85004,3.229833,119.2292,3.482949,29.04014,1.4285
252.8413,66.87806,3.22987,119.2982,3.444512,28.9838,1.568244
252.9496,66.91477,3.229643,119.387,3.565618,29.08652,1.466194
253.0642,66.96185,3.229773,119.499,3.380264,29.52989,1.668558
253.1723,67.02073,3.229681,119.6339,3.447009,30.26562,1.420987
253.2765,67.09057,3.230193,119.7922,3.071333,30.86537,1.425195
253.3864,67.17325,3.230991,119.9738,2.703014,31.56873,1.193121
253.4966,67.26912,3.231333,120.1792,2.260335,32.52656,1.145763
253.6126,67.37772,3.231358,120.4093,2.069468,33.54721,1.173768
253.7237,67.49828,3.23142,120.6632,1.976862,34.79294,1.153519
253.8355,67.63311,3.232384,120.9435,1.252452,36.40161,1.266337
253.9474,67.78358,3.232529,121.2482,1.070543,37.94362,1.358414
254.0602,67.95059,3.230049,121.5723,1.347775,39.36361,3.734778
254.167,68.13772,3.229569,121.91,1.359298,40.04178,5.610741
254.2746,68.34695,3.23223,122.2611,0.5336779,41.08105,6.065349
254.3816,68.57945,3.232208,122.6259,0.6010976,43.00025,5.743049
254.4903,68.83279,3.232297,122.9991,1.053112,44.38088,5.61616
254.5997,69.10595,3.231788,123.3806,1.732814,46.00979,4.867217
254.7102,69.40359,3.232581,123.769,1.347052,47.94419,3.711262
254.8254,69.72431,3.232504,124.1592,1.6716,49.86588,3.342866
254.9347,70.06969,3.233986,124.5432,1.187276,51.52358,3.471038
255.0456,70.43659,3.233718,124.9154,1.273386,53.22097,3.167634
255.1569,70.8237,3.232874,125.2738,1.596701,55.15009,3.437804
255.2682,71.23052,3.2326,125.6141,1.777639,57.63461,3.079579
255.3769,71.65701,3.233188,125.9383,1.502505,59.83569,3.27217
255.485,72.10297,3.233435,126.2448,1.417334,61.91041,3.214551
255.5919,72.56601,3.233903,126.533,1.199112,63.7907,3.063817
255.705,73.113,3.233314,126.8374,1.566397,65.63708,2.914702
255.8089,73.60551,3.233358,127.0823,1.453741,66.88841,2.857462
255.9171,74.11138,3.233694,127.305,1.275443,68.54401,2.964653
256.0264,74.62936,3.232939,127.5044,1.733359,69.9248,2.432037
256.1271,75.15735,3.233333,127.6795,1.490451,71.1927,1.686559
256.2336,75.69341,3.232522,127.8335,1.83322,72.1909,1.535185
256.3421,76.23927,3.233017,127.9639,1.93144,73.0182,1.369499
256.4507,76.79447,3.232573,128.07,2.272953,72.57471,0.782497
256.5627,77.44655,3.233263,128.1588,2.042039,71.97463,359.7381
256.6689,78.02721,3.233224,128.2091,2.00107,71.52524,358.5426
256.7799,78.69236,3.232728,128.2401,2.558088,71.66404,358.101
256.8935,79.35614,3.232831,128.2532,3.185292,72.16144,356.5734
256.999,79.89987,3.23166,128.259,3.125754,71.89243,357.2899
257.1104,80.4628,3.231277,128.2472,2.567878,68.21642,359.8045
257.2213,80.96206,3.230662,128.2191,1.895321,66.78532,359.4443
257.3323,81.39055,3.226112,128.1886,4.145655,65.42616,358.7833
257.444,81.76038,3.231107,128.159,2.385521,64.27629,359.9341
257.5547,82.0685,3.232159,128.1285,1.925918,62.929,1.497764
257.6662,82.30829,3.228775,128.0952,3.086566,64.24566,0.1345567
257.7772,82.47987,3.234756,128.0723,0.8938022,63.45443,359.578
257.8882,82.59648,3.235081,128.0587,0.1768605,64.54408,358.903
257.9995,82.71274,3.236224,128.0472,0.1046253,64.30444,359.4203
258.1107,82.8392,3.2349,128.0331,0.6956545,64.44739,359.501
258.2216,82.98582,3.235073,128.0166,0.6838523,64.77684,358.7835
258.3327,83.15446,3.235047,127.9998,0.7090904,64.61462,358.515
258.4438,83.34651,3.23455,127.9812,1.042365,64.34877,358.3209
258.5554,83.56402,3.234849,127.9605,0.9356275,64.19573,358.1528
258.6658,83.8072,3.234632,127.9385,1.09712,63.83464,358.2823
258.7778,84.07829,3.235197,127.9153,1.264049,63.53553,357.6367
258.8885,84.38331,3.234097,127.8977,0.9329392,62.31779,358.2767
259,84.71864,3.230867,127.8777,2.571022,59.89341,359.1487
259.1119,85.08379,3.230389,127.8535,2.924451,57.14017,0.1243451
259.2233,85.48606,3.233105,127.829,2.120082,56.52512,358.6519
259.3369,85.9142,3.232854,127.8109,2.576614,55.10799,358.7458
259.4371,86.31316,3.231632,127.7991,2.070801,53.84002,0.06610738
259.5499,86.78951,3.228264,127.7874,4.137864,51.6016,359.3661
259.6609,87.28487,3.229388,127.7895,3.023757,48.65127,0.9772923
259.7715,87.79848,3.228635,127.8037,2.593902,46.17455,1.076831
259.8831,88.32539,3.227302,127.8341,2.78759,43.59278,0.8410364
259.992,88.8632,3.226229,127.8784,3.039543,40.48972,1.466588
260.1017,89.41559,3.228049,127.9376,2.436176,37.72762,2.449695
260.2142,89.98403,3.228843,128.0146,2.16422,34.01898,2.909144
260.3257,90.56726,3.230005,128.1091,2.136184,33.50466,2.018362
260.4366,91.15866,3.229868,128.2292,2.169833,32.48881,1.953751
260.5481,91.76132,3.231731,128.3799,1.70727,31.23963,1.562554
260.6592,92.37687,3.232413,128.5652,1.476226,30.58496,1.550685
260.7704,93.0033,3.233166,128.7878,1.228833,28.76746,1.692077
260.882,93.63834,3.236772,129.0528,359.632,26.56743,1.236091
260.9922,94.27718,3.238624,129.3623,358.6616,23.01473,0.5569154
261.1044,94.91516,3.237384,129.7153,359.2354,18.85614,0.3088642
261.2155,95.55087,3.237414,130.1142,359.2618,15.29301,0.6586309
261.326,96.18018,3.237289,130.5631,359.3383,12.18324,0.3510939
261.4372,96.79597,3.237837,131.0641,359.039,8.937775,0.3707947
261.5487,97.39487,3.237741,131.6216,359.0515,5.397812,0.594056
261.6596,97.975,3.237667,132.2365,359.1326,2.040746,0.8738205
261.7701,98.5276,3.238,132.9084,359.0311,358.666,0.9233761
261.8814,99.04559,3.23797,133.6359,359.0256,355.4957,1.032846
261.9926,99.52278,3.238286,134.4165,359.0701,353.4607,0.8201345
262.1052,99.95128,3.23835,135.244,359.2527,353.1674,0.9928456
262.2096,100.2761,3.237921,136.005,359.505,351.2558,0.6983126
262.3212,100.5868,3.238095,136.9126,359.5072,349.0608,0.5140408
262.434,100.8303,3.23752,137.8531,359.8514,347.3896,0.2777586
262.5388,100.9837,3.237929,138.6929,359.8617,347.0283,0.251299
262.6515,101.086,3.237996,139.6578,0.05126022,347.0428,359.7582
262.7566,101.1141,3.238498,140.4625,359.8365,347.2366,359.7374
262.8593,101.0906,3.239313,141.2193,359.4906,346.615,359.7723
262.9657,101.024,3.237508,141.9552,359.7776,346.0821,359.777
263.0704,100.9127,3.23602,142.6893,359.6418,344.4589,0.9475092
263.1792,100.7605,3.233634,143.418,0.470057,343.2312,0.5511678
263.2879,100.5642,3.233963,144.1396,0.01764975,340.9595,0.6971878
263.397,100.3336,3.236065,144.8606,359.745,340.1992,1.100267
263.5075,100.0739,3.233837,145.5756,0.5719862,338.0581,2.427412
263.618,99.79745,3.233522,146.2928,0.9320994,336.2978,1.996395
263.7286,99.48983,3.233127,147.0126,1.697444,337.3666,0.4081596
263.8426,99.1541,3.235659,147.7371,0.6661676,337.1102,0.06971048
263.9538,98.80094,3.232796,148.4669,2.399505,336.6595,0.624347
264.0594,98.43349,3.232807,149.2009,1.426755,336.9966,1.024605
264.1659,98.05508,3.234297,149.9409,1.004892,336.8832,1.583445
264.2755,97.6627,3.234841,150.6889,0.5717678,337.6145,0.8725604
264.3768,97.31482,3.234504,151.3363,1.004674,338.7488,0.2179371
264.4858,96.89682,3.23254,152.0991,1.378707,339.5564,359.8904
264.5973,96.46828,3.229706,152.8695,2.432554,340.3994,359.4843
264.712,96.02769,3.234393,153.6516,1.242649,340.2802,359.8473
264.822,95.59123,3.233507,154.4478,0.6192579,341.4065,0.3577568
264.9307,95.16794,3.234168,155.2686,0.6722537,340.7436,1.724348
265.0395,94.75656,3.228813,156.0914,3.363773,344.746,359.6062
265.148,94.37524,3.233665,156.8861,1.740708,348.8948,359.0654
265.2579,94.03986,3.228395,157.6441,3.404627,350.6578,1.220592
265.3691,93.75722,3.231809,158.3718,1.370977,352.4286,1.875304
265.4709,93.55052,3.230736,158.9697,1.572174,353.6689,1.350797
265.5772,93.34407,3.232595,159.6308,1.429861,356.3922,0.5710313
265.6823,93.17831,3.230373,160.253,1.554679,357.9655,1.258186
265.7899,93.05449,3.230192,160.8323,2.04048,0.2722934,1.192594
265.9058,92.96377,3.231051,161.3667,1.744492,1.811674,0.8907298
266.0151,92.89677,3.231456,161.8563,1.258428,4.077722,1.120406
266.129,92.84853,3.23137,162.3014,1.510519,5.065332,0.9762557
266.2392,92.81116,3.232803,162.7154,0.9870219,3.754799,2.195915
266.346,92.78614,3.232339,163.1323,0.9943903,1.169494,1.225146
266.4549,92.78007,3.23307,163.5549,1.098371,359.3923,1.280822
266.5619,92.79357,3.234535,163.9824,1.470107,0.02380045,359.7249
266.666,92.81184,3.23221,164.4131,1.923103,0.7594892,359.3517
266.7745,92.83767,3.232639,164.8499,1.918364,1.362005,359.2687
266.8751,92.87517,3.232902,165.2937,1.46848,1.499787,0.1071165
266.9807,92.92444,3.233097,165.746,1.553737,2.035054,0.3540015
267.0873,92.9803,3.234928,166.2113,0.7466093,2.768914,0.1073143
267.1874,93.04458,3.235164,166.6902,0.5531892,3.610005,359.9311
267.2928,93.11972,3.235625,167.1806,0.3125812,4.552594,0.1366173
267.4011,93.2066,3.235505,167.6825,0.3903652,5.109559,0.2145589
267.5156,93.32205,3.234672,168.2695,0.9819791,5.731289,359.7388
267.6233,93.43822,3.235149,168.7941,0.9655096,6.529951,358.7743
267.7329,93.56438,3.237173,169.331,359.8425,7.411922,358.0469
267.8336,93.70313,3.235775,169.8786,0.7064671,8.414888,357.5944
267.937,93.85656,3.23389,170.4352,1.318395,8.945494,358.1113
268.0418,94.02373,3.232442,170.9969,1.46903,8.788921,358.622
268.1528,94.22713,3.234025,171.6567,1.116817,8.77574,359.3294
268.2534,94.41881,3.234482,172.2457,0.6757296,7.852192,359.5179
268.3565,94.61386,3.234637,172.8461,0.691844,7.567133,358.4134
268.462,94.8115,3.235061,173.4562,0.4343932,6.342318,358.8221
268.5755,95.04235,3.233176,174.1622,0.7814358,4.14761,358.7323
268.6895,95.27362,3.234746,174.8747,0.4848926,0.2925061,359.8644
268.793,95.48335,3.235859,175.5051,0.1247711,358.1323,0.7181723
268.9049,95.72527,3.232606,176.2285,1.441766,357.0068,359.4382
269.0163,95.96326,3.233141,176.9516,1.318319,355.8638,359.3429
269.1312,96.18669,3.23342,177.6647,1.272395,354.8025,359.3339
269.2342,96.36053,3.233808,178.2426,0.9918054,354.2509,359.8331
269.3449,96.53695,3.234205,178.848,0.9116952,353.743,0.1807147
269.4583,96.69208,3.23414,179.3936,0.8954957,353.2962,0.8177992
269.5589,96.81345,3.235104,179.8187,1.108796,352.924,359.7271
269.67,96.93162,3.237669,180.2503,0.1050898,352.802,359.1627
269.7814,97.02618,3.239199,180.6247,359.305,352.6876,358.1457
269.885,97.09255,3.237361,180.901,0.158896,351.9448,357.9666
269.9958,97.15437,3.235833,181.156,1.078493,351.5116,358.1358
270.1073,97.20028,3.236143,181.3492,0.7740052,350.7951,358.393
270.2217,97.23472,3.236295,181.4958,0.7552503,350.5151,357.7663
270.3334,97.27085,3.236537,181.6583,0.5406581,350.3203,357.7703
270.4379,97.30602,3.236353,181.8197,0.6032128,350.2936,357.6448
270.5489,97.35065,3.236929,182.0279,0.2260635,350.2186,357.7884
270.6604,97.39852,3.237872,182.2616,359.5805,349.7191,358.0057
270.7729,97.44914,3.239892,182.5235,358.2826,349.2802,358.1659
270.8734,97.49586,3.24032,182.7778,357.9929,348.8877,358.5045
270.9848,97.55083,3.241369,183.0971,357.3893,347.6891,358.8226
271.0957,97.60842,3.241029,183.4488,357.6176,346.7146,359.0418
271.2066,97.66703,3.242178,183.8345,356.6927,346.0344,359.1547
271.3181,97.72562,3.241689,184.2524,356.9378,344.8417,358.7593
271.4291,97.78188,3.240144,184.7041,357.5938,342.4596,358.2433
271.5399,97.83466,3.239646,185.1892,357.8403,339.5181,358.0099
271.6516,97.88168,3.239962,185.7072,357.3042,336.6458,358.0955
271.7625,97.92326,3.241383,186.2607,356.0693,335.1021,358.888
271.8735,97.95827,3.242167,186.8486,355.5678,333.7468,359.1013
271.9849,97.9848,3.242294,187.4705,355.5024,332.7176,359.2464
272.0962,97.99958,3.242585,188.1246,355.3468,331.4253,359.3333
272.2069,97.99957,3.242631,188.8088,355.2805,329.9845,359.244
272.3183,97.98437,3.242869,189.523,355.0778,328.6757,359.515
272.4293,97.95164,3.242768,190.2663,355.1124,326.977,359.5282
272.5401,97.9001,3.243112,191.0378,354.9536,325.6001,359.4155
272.6522,97.82648,3.24305,191.8372,354.9456,324.3621,359.2815
272.7529,97.74198,3.243085,192.5583,354.8167,323.3723,359.4215
272.8662,97.6207,3.243222,193.4069,354.8126,322.5402,359.4117
272.9777,97.47106,3.243345,194.2775,354.6313,321.5028,359.5466
273.0879,97.2905,3.243728,195.1676,354.4146,319.6311,359.6354
273.1987,97.07803,3.243688,196.0778,354.4553,317.6881,359.5707
273.3101,96.83169,3.24357,197.0061,354.5178,315.879,359.6078
273.4151,96.58588,3.243386,197.8327,354.691,314.0565,359.4435
273.5284,96.26743,3.242796,198.7909,354.8869,312.0499,359.6178
273.6405,95.90895,3.242672,199.762,354.9136,309.9698,359.5293
273.7519,95.50836,3.242392,200.7438,355.0585,307.9599,359.5474
273.8634,95.06425,3.242197,201.7348,355.0559,305.8572,359.6639
273.9739,94.57444,3.242351,202.7325,354.9711,303.8479,359.6725
274.0856,94.03717,3.242488,203.7347,354.9342,301.5537,359.8221
274.1971,93.45058,3.242181,204.7385,355.1212,299.3711,359.8271
274.3087,92.81398,3.24182,205.739,355.2958,297.0709,359.8741
274.4195,92.12704,3.241711,206.7326,355.3518,294.7736,0.002802979
274.5323,91.3924,3.241793,207.7125,355.3605,292.4617,0.1608534
274.6361,90.7087,3.242216,208.5549,355.2058,290.2888,0.3075873
274.7502,89.88235,3.242427,209.4967,355.141,288.0298,0.340335
274.8585,89.12117,3.242927,210.2997,354.9418,285.8607,0.3870893
274.9719,88.20619,3.242857,211.19,355.067,283.8682,0.3187082
275.0777,87.37201,3.244571,211.9442,355.5248,283.1376,359.1894
275.192,86.36428,3.247242,212.7722,354.1387,281.4986,358.0844
275.3007,85.44099,3.246237,213.4628,353.7687,278.9812,357.688
275.4046,84.47972,3.242948,214.1125,354.6173,276.6257,356.6613
275.5127,83.48176,3.24179,214.7175,354.5399,274.0754,356.6561
275.6183,82.43835,3.243121,215.2642,354.3651,270.4427,358.2269
275.726,81.3433,3.243422,215.7382,354.192,269.1585,357.924
275.8344,80.20663,3.242271,216.136,355.3269,269.2941,357.2156
275.9354,79.03096,3.240625,216.4449,355.9814,268.5028,357.485
276.0431,77.82726,3.23797,216.6592,357.4283,267.5533,357.0372
276.153,76.60258,3.240697,216.7691,357.3281,265.9814,357.4022
276.2615,75.36092,3.233556,216.7875,358.1729,264.6242,358.809
276.3743,74.10479,3.236351,216.7167,357.738,261.4908,0.703389
276.4886,72.85365,3.232563,216.565,0.01802946,262.4192,357.8765
276.5978,71.64622,3.234838,216.338,359.7773,263.4541,357.9225
276.7072,70.4938,3.235328,216.0633,359.4862,262.2873,359.3046
276.8199,69.39855,3.237904,215.765,359.3125,263.3984,359.7977
276.9374,68.35471,3.243951,215.441,356.5786,263.5919,358.7719
277.0476,67.36707,3.241583,215.104,356.3752,262.2013,1.268681
277.1638,66.4365,3.240228,214.7736,357.2377,261.4576,2.64766
277.2651,65.67886,3.240331,214.4967,356.5265,261.3643,3.43017
277.3652,64.95471,3.242876,214.2248,355.4423,262.7592,2.703305
277.4836,64.15446,3.240719,213.915,356.2656,264.2688,2.258495
277.5975,63.40068,3.238909,213.6222,356.6271,264.7377,1.484677
277.6988,62.79127,3.239106,213.3851,356.6013,265.6845,1.671144
277.8116,62.12427,3.238569,213.1286,357.1142,265.8585,2.501958
277.9316,61.50074,3.23794,212.8922,356.8338,267.2151,2.378043
278.045,60.92024,3.239689,212.6784,356.2526,267.8046,3.913274
278.1496,60.45665,3.238487,212.514,356.3793,267.0048,6.143151
278.2649,59.95441,3.238805,212.3472,356.055,266.6518,5.008834
278.3835,59.49816,3.236785,212.1982,357.25,268.0089,5.144329
278.4958,59.05696,3.237213,212.0657,357.0332,269.1403,5.44264
278.5966,58.67602,3.236227,211.9613,357.5056,270.295,5.29407
278.7009,58.28828,3.236441,211.8617,357.695,270.718,4.764685
278.8095,57.82072,3.236943,211.7501,357.5559,272.2772,4.052497
278.9185,57.33543,3.237461,211.6465,357.1442,273.852,4.420585
279.032,56.83001,3.238454,211.5544,356.7098,275.4263,4.72332
279.1339,56.38179,3.237776,211.4856,357.0702,276.4597,4.644268
279.2498,55.84457,3.238048,211.416,356.9524,278.0074,4.225826
279.3509,55.36951,3.238637,211.3658,356.5361,279.0735,4.233755
279.4568,54.79839,3.239212,211.3212,356.2867,280.3244,4.454288
279.5608,54.29564,3.238982,211.2962,356.3383,281.5089,4.587838
279.6755,53.69329,3.238742,211.2836,356.7154,283.6942,4.591031
279.7945,53.0756,3.238084,211.2884,356.8553,285.1559,4.213617
279.8995,52.44203,3.238369,211.3106,356.6391,286.7576,4.216915
280.0099,51.79338,3.237767,211.3508,356.9604,287.9199,4.490533
280.1265,51.13111,3.237906,211.4134,356.8624,289.607,4.601798
280.2336,50.45558,3.237806,211.4975,356.9057,291.1048,5.061896
280.3439,49.7687,3.237432,211.6066,357.1393,292.6838,5.070871
280.4523,49.07134,3.238071,211.74,356.8477,294.7604,4.620567
280.5602,48.36171,3.238214,211.896,356.8192,296.7028,4.612818
280.6705,47.64118,3.238299,212.076,356.7839,298.3223,4.910103
280.7804,46.90702,3.239584,212.2842,356.1643,299.3848,5.954176
280.8906,46.16081,3.23983,212.53,356.6983,298.9268,6.111711
280.9923,45.41677,3.235829,212.8013,0.8505822,295.7613,3.322089
281.0987,44.66894,3.228772,213.0734,0.4476072,289.8807,358.7657
281.2073,43.91598,3.23391,213.3381,0.297113,279.0341,359.5317
281.3162,43.20776,3.234917,213.609,359.5989,272.7292,2.995448
281.4239,42.5467,3.235415,213.8797,359.2409,268.3104,5.004598
281.524,41.93013,3.232005,214.1355,0.5809762,265.6634,4.072371
281.6292,41.35542,3.233676,214.3707,0.168243,264.2932,4.366134
281.7372,40.82335,3.234105,214.59,0.3396163,263.824,4.030216
281.851,40.27442,3.234316,214.8123,0.2098428,263.5413,2.225463
281.9561,39.84203,3.237075,214.9826,359.3753,263.8799,1.514561
282.0618,39.45675,3.23971,215.1315,358.7433,264.7206,0.2593844
282.1768,39.06815,3.24202,215.2719,357.3364,264.3702,0.4628576
282.28,38.77519,3.242791,215.3736,356.7794,263.6866,0.251551
282.39,38.52771,3.243575,215.4564,357.0597,263.1274,359.4975
282.4916,38.32508,3.243483,215.5177,356.5453,263.1928,359.102
282.5984,38.16636,3.243104,215.5617,356.8219,262.689,359.0549
282.7009,38.05508,3.242059,215.5921,357.319,262.1772,359.5213
282.8058,37.98798,3.241775,215.6124,357.3621,261.7883,359.6018
282.9131,37.91798,3.242215,215.6356,357.1637,261.9059,359.3845
283.0247,37.81569,3.242883,215.6658,356.914,261.3007,359.5346
283.1306,37.69876,3.242761,215.6998,357.0021,261.5106,359.3549
283.2416,37.53241,3.242004,215.7457,357.3,261.2105,359.6212
283.345,37.35028,3.241394,215.7959,357.6743,260.7721,359.3674
283.4491,37.13144,3.241015,215.8536,357.9198,260.451,359.3362
283.5526,36.87527,3.240947,215.9173,357.8895,259.728,359.449
283.6641,36.53448,3.241052,215.9969,357.9853,258.8858,359.3633
283.7715,36.19427,3.241535,216.0703,357.5071,258.1661,359.5259
283.8725,35.8132,3.242076,216.1458,357.4096,257.6522,359.4435
283.9737,35.39128,3.242004,216.22,357.4884,256.6353,359.3571
284.0777,34.92907,3.241997,216.2907,357.4929,255.7048,359.3277
284.1794,34.42721,3.242405,216.3557,357.2324,255.1729,359.1922
284.284,33.88423,3.24235,216.4122,357.3242,255.0459,359.2741
284.3899,33.30254,3.241148,216.457,358.2142,255.4163,359.2764
284.4905,32.68498,3.240297,216.4861,358.5411,255.8126,359.4928
284.5939,32.029,3.240055,216.4957,358.6399,255.8076,359.3577
284.6986,31.33841,3.238245,216.4826,359.2419,255.4654,0.1432282
284.8069,30.61482,3.234127,216.4506,0.2690029,254.6477,1.673882
284.918,29.85396,3.235812,216.4033,359.7092,253.4569,1.736586
285.0287,29.05591,3.236925,216.3293,359.3625,252.4586,1.590434
285.138,28.22445,3.237142,216.232,359.8033,251.101,1.160697
285.2479,27.3614,3.239048,216.1194,358.9727,249.9232,1.046893
285.3569,26.46957,3.238047,215.9933,0.7988446,249.4291,0.4167088
285.4651,25.55036,3.241606,215.8376,359.4095,248.3014,357.8882
285.5719,24.60834,3.241428,215.6385,359.1458,248.4755,355.6021
285.6792,23.64878,3.23791,215.3918,0.3387043,249.0209,356.7439
285.7874,22.66691,3.240993,215.1101,359.9557,246.2327,358.119
285.898,21.67546,3.238993,214.7669,0.9625682,245.0004,357.5576
286.0124,20.68737,3.237452,214.3536,2.085719,243.8336,358.9321
286.1217,19.69755,3.238044,213.8762,2.074562,243.269,358.5673
286.2335,18.70655,3.233847,213.336,0.830429,242.5202,0.5369748
286.3475,17.71104,3.233706,212.7434,2.405688,241.0571,359.2019
286.448,16.85959,3.23517,212.1893,2.252427,242.2262,358.5905
286.5617,15.86046,3.23681,211.5046,1.820895,246.0751,357.744
286.6781,14.83635,3.235573,210.8185,1.799515,246.9839,359.8556
286.7803,13.93737,3.234698,210.233,1.352511,249.4052,0.6663513
286.8823,13.01161,3.239604,209.653,359.3883,252.2114,0.6589669
286.9838,12.05814,3.240662,209.0821,358.0489,253.2578,0.1976572
287.0857,11.07757,3.239992,208.5267,357.2462,255.113,1.726713
287.186,10.0615,3.242145,207.9951,355.7751,255.0015,2.743987
287.2864,9.008174,3.240326,207.4956,356.6276,257.2666,1.110512
287.4011,7.735182,3.239383,206.9679,357.526,260.9401,0.6733723
287.5102,6.410339,3.237442,206.5137,358.0668,263.8427,359.8113
287.6241,5.032307,3.238341,206.159,357.966,266.6412,0.2109454
287.725,3.813785,3.238486,205.9454,358.1243,267.3029,359.4931
287.8394,2.347235,3.240582,205.8183,356.3559,268.2347,0.02922378
287.9567,0.8540978,3.242035,205.8392,358.4677,269.8299,358.9513
288.0598,-0.6464913,3.237767,205.9662,359.5622,270.311,357.8171
288.1733,-2.151565,3.239564,206.1888,359.8098,271.2067,356.8736
288.282,-3.664784,3.237477,206.4723,0.224158,271.8521,356.1048
288.3914,-5.183389,3.240576,206.8208,358.7892,271.4322,358.0055
288.4999,-6.711009,3.240189,207.2043,358.7657,271.0939,358.0605
288.6096,-8.253006,3.239873,207.5999,358.3162,268.6465,358.5493
288.7173,-9.807835,3.239817,208.004,358.7583,266.2954,359.3617
288.824,-11.3787,3.237554,208.4107,358.2473,263.5926,0.002713868
288.9338,-12.95816,3.235578,208.8086,0.1171979,261.4708,359.9668
289.0367,-14.56011,3.237701,209.1916,359.4134,260.208,0.8429987
289.1445,-16.18674,3.243699,209.5512,357.6416,257.2471,0.9507093
289.2508,-17.84071,3.240582,209.8591,358.4037,255.7873,359.817
289.3577,-19.5156,3.241437,210.1023,358.5528,253.9736,359.5078
289.466,-21.21241,3.239813,210.2529,358.664,253.3205,358.9683
289.5737,-22.91618,3.239419,210.2965,359.0653,250.8739,0.179761
289.6884,-24.84281,3.239138,210.2181,359.1775,248.9246,0.115051
289.7952,-26.4672,3.239929,210.0356,358.7552,248.9677,359.9276
289.902,-28.02913,3.23855,209.762,359.4442,249.0473,359.9297
290.0121,-29.52735,3.235791,209.4121,359.9653,250.0528,359.6867
290.1177,-30.96355,3.236298,208.9955,0.2369379,249.5652,359.2753
290.2268,-32.37888,3.237178,208.5209,0.7526116,247.0495,0.3333689
290.3376,-33.78188,3.236632,208.003,0.5489752,246.8074,359.4414
290.4479,-35.17548,3.233877,207.4598,1.309827,246.2394,359.112
290.5601,-36.57055,3.237931,206.8878,0.1014995,245.8899,359.1781
290.6686,-37.96634,3.237437,206.3,0.2083051,243.6562,0.214967
290.7755,-39.36164,3.237653,205.6941,0.01077093,242.6861,359.8232
290.8854,-40.75559,3.237259,205.067,0.0405781,242.4745,359.802
290.9954,-42.15149,3.23747,204.4203,359.9929,242.5182,359.9787
291.1064,-43.54618,3.236199,203.7552,0.3802536,242.9249,359.9057
291.2189,-44.93937,3.236019,203.0714,0.5451995,242.5921,0.4831576
291.3344,-46.33286,3.236229,202.3672,0.5045837,241.1466,1.881976
291.4424,-47.72475,3.234819,201.6477,1.028831,240.7132,1.869315
291.5536,-49.1239,3.236029,200.9301,1.04076,239.9279,0.9787546
291.6713,-50.53543,3.235337,200.2178,1.143474,239.3187,0.6745974
291.7817,-51.96139,3.235593,199.517,1.009913,238.7263,0.06937205
291.8933,-53.40252,3.235641,198.8276,1.377601,238.5241,358.8458
292.003,-54.84917,3.23596,198.1242,1.326809,237.9618,358.8425
292.1117,-56.30103,3.23612,197.4022,0.6375068,238.1622,359.4968
292.2217,-57.73562,3.235558,196.6293,1.277127,236.3777,359.6976
292.3347,-59.14849,3.235025,195.8037,1.488226,236.0013,359.838
292.4363,-60.33868,3.235562,195.0482,1.474328,236.238,358.6226
292.5471,-61.69801,3.234093,194.11,1.380782,236.1873,359.5791
292.6621,-63.03349,3.23506,193.1197,0.8533856,236.0565,0.1810882
292.7648,-64.16477,3.236679,192.2361,0.284738,236.7327,0.2660421
292.8802,-65.47402,3.236136,191.1814,0.6675593,237.1716,0.1982254
292.9923,-66.78312,3.235125,190.1151,0.9071155,238.8009,359.9427
293.0932,-67.91099,3.234781,189.1989,1.245486,240.0732,359.8945
293.2069,-69.24478,3.236228,188.1399,0.472439,242.7243,0.4770084
293.3109,-70.40974,3.236382,187.2425,359.0508,245.4943,1.756325
293.4276,-71.80298,3.236704,186.2211,358.7894,246.64,1.996429
293.5298,-73.01869,3.237428,185.3689,358.9807,248.1242,1.141139
293.631,-74.27463,3.238438,184.5588,358.2013,249.2223,1.295188
293.7501,-75.79558,3.239064,183.6856,357.9581,250.9922,0.9427819
293.8633,-77.375,3.237816,182.9053,359.2054,252.5091,1.639482
293.9633,-78.77311,3.237886,182.314,359.5501,252.1468,1.386626
294.0822,-80.45966,3.240194,181.7164,358.3195,250.6191,1.753866
294.1935,-82.18876,3.23906,181.2284,0.4184772,251.8568,0.3963327
294.308,-83.94229,3.237768,180.8191,359.1629,252.7675,359.3291
294.4224,-85.71706,3.241569,180.4791,358.08,253.746,358.0307
294.535,-87.50882,3.242618,180.1869,357.7028,253.293,357.8802
294.6459,-89.31187,3.239482,179.9114,358.9483,253.8867,357.4712
294.7538,-91.12669,3.239292,179.6421,359.0176,252.3681,358.5034
294.8689,-92.94429,3.239372,179.3544,359.0516,252.3662,358.4629
294.9689,-94.50098,3.241286,179.0728,357.6659,249.6743,359.3163
295.0788,-96.30645,3.238815,178.6771,359.163,247.553,359.6599
295.1887,-98.10478,3.240813,178.1989,359.0745,246.3843,359.52
295.2977,-99.8812,3.237737,177.6073,359.1728,246.4628,358.605
295.4102,-101.6299,3.235193,176.9206,0.5974057,245.1319,358.1223
295.5234,-103.3399,3.234914,176.1313,0.7069206,244.201,359.024
295.6352,-105.0189,3.241254,175.2526,359.6451,244.3564,1.185513
295.7393,-106.4468,3.237018,174.4643,359.7655,242.5405,2.774742
295.8531,-108.0881,3.235484,173.4943,1.919074,244.0535,2.316543
295.9698,-109.7517,3.237156,172.5342,359.286,248.4284,359.7246
296.0724,-111.2033,3.243631,171.7397,358.3308,252.6808,359.6684
296.1871,-112.9365,3.238609,170.8846,359.4251,256.9987,1.131099
296.3,-114.7257,3.238747,170.1187,358.3711,258.4682,2.349449
296.4033,-116.3017,3.238011,169.5531,359.542,260.5358,1.469029
296.5168,-118.1832,3.237182,169.0039,359.3617,263.8387,1.359802
296.6173,-119.8321,3.23505,168.6526,0.2038514,267.8871,358.6986
296.7338,-121.7951,3.237484,168.4328,359.4487,273.434,359.2144
296.834,-123.4939,3.237309,168.3992,-0.001142029,274.1328,357.8154
296.9469,-125.4786,3.235141,168.5156,0.5254868,275.891,358.9653
297.0565,-127.4554,3.235619,168.7938,1.14079,276.5845,357.9228
297.1623,-129.4145,3.24036,169.2063,0.264715,279.2129,357.5285
297.272,-131.3512,3.238486,169.7389,1.392945,280.3646,355.1141
297.3729,-133.2749,3.234837,170.3373,2.376186,282.8435,354.0804
297.4788,-135.1886,3.236074,170.9943,3.358198,283.7918,354.6465
297.5864,-137.0988,3.236702,171.6851,2.509794,283.9065,355.4771
297.6923,-139.014,3.237564,172.3924,1.366222,285.1082,355.3953
297.8016,-140.9276,3.237989,173.1154,1.509279,285.5231,356.126
297.9039,-142.8385,3.238761,173.8643,0.6482176,285.3572,357.2539
298.008,-144.748,3.240043,174.6464,359.8035,285.4353,357.8888
298.1145,-146.6493,3.241173,175.467,359.7539,285.9856,356.2942
298.2298,-148.8171,3.242035,176.4431,358.4493,286.5991,354.5834
298.3304,-150.7133,3.241972,177.3214,358.404,286.9056,356.3941
298.4336,-152.6124,3.239554,178.2105,359.8248,286.0009,357.928
298.5347,-154.5316,3.237771,179.0756,0.3915666,284.6302,359.7893
298.6379,-156.4748,3.236836,179.913,1.319881,282.4509,0.00214765
298.7461,-158.4377,3.235469,180.7199,1.820715,280.7015,0.08624601
298.8477,-160.3778,3.239219,181.48,0.2597173,279.6547,0.05585141
298.9513,-162.2854,3.238136,182.1874,0.715866,278.1187,0.2213049
299.0534,-164.1593,3.23763,182.8405,1.253321,277.6088,0.5227982
299.1561,-165.9986,3.236804,183.4394,1.926287,277.2869,0.01493304
299.2577,-167.8038,3.236015,183.9836,2.410958,277.7021,0.186774
299.3626,-169.5762,3.237135,184.4741,1.752944,278.513,0.6970561
299.4696,-171.3084,3.237118,184.9138,1.858131,280.9293,1.213618
299.5746,-173,3.236682,185.3061,1.255148,282.6024,1.725448
299.6883,-174.8788,3.235201,185.7193,2.026608,284.2259,1.323282
299.7953,-176.4755,3.236109,186.0533,1.353518,285.5302,0.7806422
299.8978,-178.0273,3.237347,186.3723,0.9903554,288.271,359.254
300.0057,-179.5309,3.237601,186.6945,0.1202175,289.3964,359.2916
300.1119,-180.9805,3.23863,187.0305,0.1581467,290.7698,358.6483
300.2199,-182.374,3.239592,187.3947,0.2169197,293.2601,357.7951
300.3291,-183.7108,3.236317,187.7796,0.4179679,293.4325,359.1851
300.4391,-184.9926,3.238343,188.1802,359.3243,294.2344,359.7206
300.5496,-186.2146,3.237546,188.597,0.4524816,295.5971,359.1436
300.6535,-187.3767,3.237035,189.0267,0.6564023,297.561,358.5499
300.7637,-188.4834,3.237876,189.4669,0.04739904,299.0974,359.118
300.8787,-189.5339,3.237671,189.9182,359.9209,300.0926,359.4781
300.9879,-190.529,3.236532,190.3767,0.6516745,300.8546,0.04391021
301.1027,-191.5991,3.235382,190.9075,0.9069961,302.5474,0.7405719
301.208,-192.4729,3.235727,191.38,0.8414854,303.671,0.7890869
301.3152,-193.2873,3.235488,191.8573,1.042855,305.343,0.15231
301.4198,-194.0412,3.23474,192.3363,1.179504,307.3709,0.3505306
301.5227,-194.7365,3.233796,192.8121,1.617054,309.2984,0.2643098
301.6297,-195.3772,3.234583,193.2815,1.371934,310.4624,0.4369221
301.7379,-195.9637,3.234194,193.7434,1.485801,311.8758,0.4679459
301.8468,-196.4985,3.233738,194.191,1.910694,313.5922,0.4026142
301.9572,-196.9845,3.234468,194.6192,1.597096,314.6994,0.4070815
302.0668,-197.4237,3.234213,195.026,2.015618,315.6655,0.5152928
302.1761,-197.8174,3.234395,195.4079,1.776651,316.597,0.3408013
302.2854,-198.1746,3.235083,195.7681,1.515079,317.3395,0.2231355
302.3918,-198.5223,3.234943,196.1334,1.653258,318.4794,0.516378
302.4983,-198.8651,3.235195,196.5072,1.5675,318.5975,0.846396
302.5997,-199.2036,3.234307,196.8906,1.952456,319.5457,0.7177631
302.702,-199.5397,3.234248,197.2824,2.017048,320.0479,0.7637546
302.8071,-199.8726,3.234414,197.6855,1.946847,320.8366,1.037223
302.9077,-200.2036,3.234472,198.1004,1.845052,321.5067,1.292038
303.0095,-200.5333,3.234902,198.5276,1.747245,321.9387,1.390279
303.1102,-200.8619,3.235202,198.9665,1.638118,322.0135,1.572591
303.2166,-201.1876,3.235266,199.4174,1.772452,321.3621,1.291644
303.3252,-201.5121,3.235702,199.8823,1.593218,320.7652,0.5360672
303.4285,-201.8362,3.236288,200.3594,1.636975,319.0553,0.0494241
303.5326,-202.1581,3.236248,200.8498,1.803074,316.2329,359.5548
303.641,-202.4782,3.235814,201.3537,1.945287,313.6744,359.8919
303.7517,-202.8419,3.235571,201.9462,2.167827,312.3955,359.5415
303.8658,-203.2054,3.236896,202.5543,1.651886,311.6125,359.2739
303.9666,-203.5266,3.238401,203.0977,0.8224685,310.8468,358.9489
304.0696,-203.8498,3.238691,203.6513,0.7262444,309.728,359.2758
304.1808,-204.2225,3.238832,204.2945,0.5795052,308.7297,359.0804
304.2921,-204.6026,3.241379,204.9485,359.3824,307.3466,359.1016
304.4031,-204.9901,3.241911,205.6133,359.053,305.6953,358.4932
304.5143,-205.3847,3.24116,206.2868,359.4342,304.0517,358.8229
304.6253,-205.7858,3.240272,206.9695,359.7643,302.7151,359.4557
304.7364,-206.197,3.240304,207.6615,359.5163,301.4633,359.6127
304.8475,-206.6201,3.23999,208.3617,359.1916,299.7407,0.4782436
304.9588,-207.0532,3.23759,209.0662,359.7508,298.3132,1.285755
305.0699,-207.4972,3.236754,209.7675,0.4265131,296.5664,1.356874
305.1809,-207.9577,3.237119,210.4585,0.1176919,293.1359,2.581481
305.2926,-208.4293,3.235292,211.1424,1.039651,290.048,2.877976
305.4033,-208.9213,3.237035,211.8123,359.5779,287.667,3.531995
305.5145,-209.4283,3.234867,212.4692,0.9433416,284.4468,4.79006
305.6257,-209.9552,3.237744,213.118,359.0334,282.4083,5.280358
305.7367,-210.4936,3.239147,213.7596,359.3303,280.3492,4.642475
305.8475,-211.0459,3.24007,214.3921,358.936,279.0441,3.84487
305.9494,-211.5456,3.243425,214.931,358.0397,278.3296,1.831036
306.0635,-212.143,3.244304,215.5187,357.286,277.7091,358.963
306.1751,-212.7698,3.242001,216.0753,358.1508,276.3502,359.1205
306.2852,-213.4163,3.24166,216.6114,358.7708,272.7704,0.1591224
306.396,-214.0733,3.240908,217.1012,358.7576,269.4264,0.1274564
306.5078,-214.7054,3.240105,217.5161,359.1027,266.5201,0.4044401
306.6186,-215.3041,3.240985,217.8612,358.8586,263.1638,1.047711
306.7293,-215.8652,3.240518,218.1472,358.9175,261.0175,1.546596
306.8403,-216.3805,3.240538,218.3808,358.9855,259.1221,1.673852
306.9524,-216.8457,3.23991,218.5695,359.2344,257.2907,1.515622
307.058,-217.2092,3.23986,218.7023,359.1553,255.8438,1.287003
307.1689,-217.5721,3.239524,218.8223,359.307,254.3213,0.9824476
307.2805,-217.877,3.240288,218.9139,359.0487,253.6387,1.071416
307.3915,-218.1226,3.239889,218.9826,359.0892,253.1127,1.222532
307.5051,-218.3071,3.240133,219.0307,359.1399,252.4906,1.00145
307.6104,-218.4185,3.240121,219.058,359.0966,252.2076,1.026762
307.7242,-218.4894,3.240231,219.0742,359.1095,251.8905,0.9502347
307.8364,-218.5173,3.240113,219.0807,359.1513,251.8643,0.8922759
307.947,-218.5593,3.239897,219.0908,359.1114,251.7929,0.8248836
308.0595,-218.6208,3.24001,219.1045,359.0963,251.6773,0.9006194
308.1718,-218.7108,3.24001,219.1235,359.0019,251.294,0.8398327
308.2776,-218.8152,3.239828,219.1441,359.2495,250.8664,0.6972066
308.3903,-218.9676,3.239562,219.1733,359.4614,250.2325,0.7021874
308.5023,-219.1553,3.239696,219.2071,359.3779,249.5334,0.6054264
308.6136,-219.3795,3.239911,219.2434,359.3887,248.595,0.4603695
308.7263,-219.6399,3.239948,219.2805,359.2858,247.5787,0.4489883
308.8321,-219.8993,3.240267,219.3113,359.258,246.3653,0.3938752
308.9439,-220.2318,3.240548,219.3424,359.1958,244.7002,0.4423101
309.0567,-220.6021,3.240705,219.3666,359.1238,243.2302,0.4383608
309.1678,-221.009,3.241201,219.3803,358.9521,241.5156,0.5405561
309.2816,-221.453,3.241718,219.3808,358.7261,240.0571,0.5855771
309.3875,-221.8732,3.241997,219.3664,358.6875,238.5497,0.7173681
309.4999,-222.3807,3.242004,219.3287,358.6475,236.4393,0.658713
309.6061,-222.8382,3.241618,219.2761,358.7296,234.3478,0.7487545
309.707,-223.3058,3.241429,219.2038,358.8701,232.0699,0.8706781
309.8146,-223.7771,3.241448,219.112,358.8166,230.0181,0.8692546
309.9174,-224.251,3.241498,218.9993,358.7985,227.6949,0.859046
310.027,-224.7262,3.241693,218.8652,358.7726,225.2517,0.9700162
310.1356,-225.2013,3.241737,218.7091,358.6687,223.0724,0.7638342
310.2449,-225.6733,3.242023,218.5307,358.5606,221.0941,0.7006903
310.3484,-226.1402,3.242056,218.3299,358.5825,218.8811,0.7657659
310.4581,-226.6007,3.242172,218.1068,358.538,216.5849,0.6316762
310.568,-227.0563,3.243214,217.86,357.9057,215.4245,0.8078128
310.6835,-227.5104,3.242325,217.5921,358.0131,215.1208,2.427538
310.7948,-227.9487,3.239906,217.3143,0.806716,217.0829,0.04785348
310.9124,-228.338,3.241245,217.0282,358.9508,221.3145,359.5692
311.0261,-228.6738,3.241426,216.7479,359.6538,224.4202,0.1993242
311.1265,-228.9261,3.239073,216.5282,358.9263,226.5241,2.676233
311.2365,-229.1835,3.238277,216.3043,358.2468,226.9025,4.595315
311.341,-229.4081,3.239587,216.1103,357.7935,227.4845,3.084951
311.4495,-229.5871,3.243105,215.9356,357.6784,227.9167,0.9163088
311.5648,-229.7224,3.24175,215.7892,358.2131,228.0114,1.193816
311.6732,-229.8273,3.243528,215.6732,355.8233,227.8883,2.535882
311.7838,-229.8993,3.242897,215.5961,358.0038,229.9728,2.529372
311.8932,-229.9343,3.238722,215.5587,358.577,233.6775,3.856176
312.0072,-229.9429,3.239862,215.5547,358.0422,237.4345,4.196775
312.1182,-229.944,3.238137,215.5612,358.5685,240.3252,5.2407
312.228,-229.9488,3.237465,215.5674,358.3072,240.9974,5.71359
312.3438,-229.965,3.237309,215.5652,358.8583,241.627,4.454166
312.4515,-229.9867,3.237391,215.5477,359.1042,241.7662,3.146237
312.5638,-230.0221,3.237338,215.5118,359.0392,240.9742,2.074349
312.6777,-230.0759,3.238251,215.4556,358.3272,239.9992,2.04691
312.7921,-230.1509,3.238685,215.3788,358.2065,239.1135,1.618546
312.9019,-230.2464,3.238383,215.2804,358.1902,238.9968,1.320546
313.0114,-230.365,3.237884,215.1578,358.5358,239.3866,1.441629
313.1197,-230.5074,3.237452,215.0121,358.7949,240.0767,1.591148
313.2302,-230.6743,3.23741,214.8423,358.8003,240.5864,1.506872
313.3398,-230.8684,3.237705,214.6464,358.6104,240.9694,1.426496
313.4534,-231.0918,3.237767,214.4251,358.747,241.6407,1.107815
313.5674,-231.344,3.238056,214.1758,358.7279,242.2914,1.00293
313.6839,-231.6264,3.238545,213.8986,358.5698,242.6795,0.8677695
313.7943,-231.9398,3.23828,213.5943,358.6773,242.8973,0.7633914
313.9049,-232.2859,3.238889,213.2646,358.5261,243.4284,0.3520248
314.0152,-232.6644,3.238703,212.9108,358.7644,244.0428,0.03918041
314.1212,-233.074,3.239302,212.5339,358.3392,244.4368,359.6084
314.2278,-233.5148,3.239165,212.1348,358.5933,244.6441,359.4195
314.3383,-233.9887,3.23984,211.7165,358.1544,244.9435,359.2479
314.4455,-234.4995,3.239619,211.2828,358.4261,245.651,358.5682
314.5553,-235.0456,3.23955,210.8346,358.6888,246.5087,358.1232
314.6634,-235.6286,3.239501,210.3726,358.6503,246.6627,357.3118
314.7647,-236.2499,3.239106,209.8999,358.7709,247.4076,356.5876
314.869,-236.909,3.237436,209.42,359.5594,248.6763,357.3183
314.981,-237.6106,3.237278,208.9391,359.3819,250.7683,358.0591
315.09,-238.3608,3.23566,208.4597,359.9335,253.2748,358.769
315.1969,-239.1576,3.234442,207.9859,0.3395232,255.3321,358.8301
315.3064,-239.9999,3.232948,207.5206,1.40467,257.278,358.5991
315.4133,-240.8872,3.230162,207.064,2.569776,260.4583,358.4903
315.5229,-241.8242,3.227904,206.6213,2.006113,262.3839,1.258748
315.6302,-242.7989,3.226398,206.2118,2.387551,264.498,2.955988
315.7384,-243.8033,3.22612,205.8361,2.799908,266.1026,4.615794
315.8428,-244.7867,3.227256,205.5139,2.177216,267.6337,6.292727
315.9483,-245.7385,3.231064,205.2493,1.028705,269.1245,7.318375
316.0588,-246.6555,3.232444,205.0499,0.8194748,270.9166,7.525881
316.1657,-247.5294,3.230972,204.9076,1.905282,273.2981,6.254842
316.2715,-248.3642,3.232439,204.8137,1.070028,276.7097,4.682495
316.3786,-249.1583,3.234227,204.7648,0.4682429,278.3589,4.936092
316.4866,-249.908,3.234629,204.7678,0.3773066,280.7809,5.473974
316.5963,-250.6058,3.2336,204.8146,1.432091,282.9478,5.558068
316.704,-251.2502,3.233356,204.8908,1.324786,283.8283,4.722167
316.8065,-251.8443,3.233257,204.9852,1.697151,283.5792,4.116855
316.9129,-252.3866,3.23394,205.0988,2.096784,284.0576,4.276102
317.0192,-252.872,3.232571,205.2234,2.58891,285.1698,2.96139
317.1283,-253.3038,3.231382,205.347,3.150785,286.2306,1.714307
317.2298,-253.6872,3.230829,205.4591,2.785201,286.7715,1.398927
317.3342,-254.0241,3.233294,205.5672,1.650203,287.1176,3.053379
317.4435,-254.3126,3.233216,205.6684,1.615337,287.8015,3.564658
317.5437,-254.5535,3.23297,205.7574,1.709296,287.8778,3.839906
317.6502,-254.7682,3.232939,205.8408,1.922855,288.3597,3.12223
317.7588,-254.9865,3.233181,205.9263,1.729952,288.4458,3.113284
317.8678,-255.2415,3.232664,206.0303,1.903795,288.7245,3.211265
317.9714,-255.4714,3.232916,206.1276,1.773392,289.2593,3.223659
318.0754,-255.7082,3.232055,206.2313,2.13814,289.5952,3.151461
318.1763,-255.9582,3.231823,206.3441,2.213771,289.6277,3.11455
318.2796,-256.2206,3.231921,206.469,2.19911,288.9767,3.388349
318.3885,-256.4991,3.232276,206.608,1.98809,289.6813,1.322335
318.4992,-256.8446,3.234703,206.7802,1.218075,289.587,0.6108958
318.6064,-257.1653,3.234848,206.9461,1.374972,290.0295,0.0380716
318.7076,-257.499,3.233034,207.1277,2.369843,290.3823,0.1740326
318.8089,-257.8469,3.232452,207.3246,2.404074,290.4787,0.2896245
318.9128,-258.2077,3.232909,207.5359,2.603515,290.6506,359.4908
319.0234,-258.6395,3.232164,207.795,3.496542,290.8727,357.9018
319.1376,-259.0945,3.231369,208.074,3.568285,289.8995,358.4454
319.2427,-259.5099,3.231463,208.3335,3.71482,287.4989,0.143237
319.3553,-259.9861,3.230241,208.6488,4.575024,284.9014,1.882695
319.4623,-260.4059,3.233868,208.9378,3.381017,283.4992,3.196178
319.5732,-260.8399,3.235194,209.2464,3.848812,281.2487,2.299961
319.6842,-261.2222,3.231347,209.5106,4.336808,279.2134,0.6322616
319.7956,-261.5617,3.233613,209.7289,3.246218,280.6866,357.0809
319.9065,-261.8475,3.231227,209.9114,3.894243,277.1125,1.19708
320.0176,-262.0752,3.229973,210.0611,4.314201,272.5417,2.177588
320.1291,-262.249,3.23002,210.1722,2.977892,269.206,2.642701
320.2399,-262.3727,3.232905,210.2446,1.927743,267.1967,3.342851
320.351,-262.4407,3.231356,210.2873,1.540485,267.313,3.483398
320.4625,-262.4521,3.230882,210.2993,2.672312,266.9973,3.907631
320.5734,-262.4503,3.234157,210.3053,1.399412,266.6156,4.814172
320.6845,-262.4478,3.234585,210.311,0.8934349,267.2558,2.868328
320.7961,-262.4466,3.235198,210.3122,0.6415949,266.2924,2.440715
320.9066,-262.4517,3.236587,210.3187,0.2369981,266.2266,2.410502
321.0214,-262.4761,3.237135,210.3378,0.1422156,266.6789,1.771929
321.1224,-262.5272,3.237203,210.3725,0.04971861,266.4584,1.31212
321.234,-262.6256,3.23721,210.4368,0.1880926,266.4388,0.9670269
321.3451,-262.7762,3.236359,210.5348,0.4667937,266.6512,1.061887
321.4566,-262.986,3.236113,210.6661,0.5590712,265.3613,1.174431
321.5655,-263.2704,3.235643,210.8364,0.7861689,263.8718,1.337379
321.6769,-263.6333,3.235261,211.041,0.9721152,261.8123,1.635536
321.789,-264.0793,3.234943,211.2757,1.293493,259.7646,2.075834
321.9,-264.6109,3.234471,211.5327,1.439726,257.5454,2.694098
322.0107,-265.23,3.234091,211.8026,1.673248,255.5217,3.562524
322.1227,-265.936,3.234034,212.0737,1.79653,252.2532,4.005599
322.2333,-266.7301,3.235439,212.3313,1.338432,247.6461,3.873699
322.3446,-267.6032,3.236039,212.56,0.8325732,242.496,3.561177
322.4564,-268.5539,3.236921,212.7456,359.9557,237.2416,4.005066
322.5671,-269.5751,3.236643,212.8739,359.9693,231.3735,3.788195
322.678,-270.6631,3.23616,212.9307,-0.002679995,224.9716,3.964258
322.7896,-271.8112,3.235963,212.8999,359.8475,219.1357,3.998594
322.9001,-273.0084,3.235463,212.7667,0.1754241,213.5414,3.586667
323.0117,-274.2385,3.234365,212.5165,0.5179994,208.3427,3.823178
323.1193,-275.3317,3.234712,212.1873,0.4018245,203.1667,3.916133
323.2324,-276.5835,3.234557,211.6755,0.5071659,197.5505,3.899461
323.3394,-277.6653,3.234986,211.104,0.3182084,192.4484,3.883191
323.4511,-278.8646,3.234808,210.3013,0.4758147,186.9282,3.902321
323.5632,-280.0005,3.235112,209.3504,0.3031687,181.7978,4.002223
323.6759,-281.05,3.23691,208.2521,359.6446,177.0186,4.112369
323.7824,-281.8708,3.237512,207.1812,359.4948,173.6064,3.970766
323.8841,-282.579,3.237613,206.0171,359.5576,169.6176,3.605118
323.9908,-283.1628,3.237661,204.7745,359.841,165.4048,3.58051
324.0933,-283.6064,3.238241,203.4649,-0.00246191,163.1805,3.307099
324.2018,-283.9041,3.237881,202.1047,0.396764,163.5793,3.23017
324.3094,-284.0421,3.238652,200.7115,0.5232826,162.3265,2.196702
324.4218,-284.0246,3.236167,199.3075,0.7605017,161.5086,2.018625
324.5327,-283.849,3.234592,197.9078,0.6428358,158.6623,2.055123
324.6444,-283.5339,3.234361,196.5233,1.256054,158.5025,0.6409236
324.7476,-283.1485,3.237077,195.3552,0.1725921,158.6929,0.252425
324.8604,-282.5731,3.233858,194.0277,0.8327854,157.0298,0.04863192
324.9747,-281.9097,3.234129,192.7317,1.498595,157.2904,0.201526
325.0796,-281.2786,3.236867,191.6386,0.7435453,155.9344,0.2838891
325.1987,-280.5016,3.232835,190.3798,2.243029,154.1023,2.042764
325.3105,-279.7132,3.231073,189.1755,2.444824,154.0067,359.7353
325.4112,-279.0424,3.234683,188.1854,1.621787,155.8309,0.9179516
325.5137,-278.4023,3.232679,187.2206,2.221095,156.6524,0.08057766
325.615,-277.787,3.231859,186.2853,3.366635,158.5795,1.215917
325.7202,-277.1954,3.234505,185.3718,3.295086,161.101,359.9299
325.8223,-276.6349,3.232622,184.4827,2.601606,164.6147,0.259653
325.9283,-276.1117,3.230797,183.6132,2.606774,167.6611,0.7992026
326.0446,-275.5454,3.233984,182.6197,0.8645658,168.9958,0.4847229
326.1497,-275.0962,3.236086,181.7916,0.6054664,171.2985,359.5736
326.266,-274.6233,3.233992,180.8472,359.6956,173.3505,0.4927935
326.3713,-274.2711,3.234611,180.0559,359.7021,175.9342,1.850511
326.4862,-273.9105,3.238004,179.1154,358.886,177.9698,2.637041
326.5916,-273.6424,3.238461,178.2893,358.3153,178.7009,3.864495
326.708,-273.4066,3.238064,177.2948,357.8755,179.6699,4.503563
326.8134,-273.2659,3.239728,176.4214,358.4781,182.5565,2.137152
326.9282,-273.172,3.235719,175.3909,0.4201137,187.316,359.835
327.0471,-273.148,3.237466,174.3481,359.1809,190.6378,0.2743041
327.1609,-273.2031,3.237689,173.2952,359.2603,192.3047,1.334853
327.2798,-273.3354,3.237168,172.2466,359.8175,194.4316,1.260828
327.3904,-273.5409,3.23564,171.2086,359.8478,194.7568,1.665733
327.5034,-273.8219,3.236196,170.1859,0.3194805,196.1598,0.4645894
327.6219,-274.1714,3.236845,169.1829,0.0474752,198.5589,359.6974
327.7344,-274.5897,3.235057,168.2097,1.446934,201.1446,359.3988
327.851,-275.0699,3.236005,167.2667,1.711466,203.0783,357.6203
327.9513,-275.5291,3.239786,166.4816,1.312363,204.355,358.2877
328.0667,-276.1079,3.239492,165.589,1.057681,204.8241,356.2051
328.177,-276.7065,3.237499,164.7653,1.917343,202.8171,356.937
328.287,-277.3022,3.23973,164.0057,0.2828507,200.2082,357.457
328.3907,-277.8898,3.244265,163.2963,357.207,197.3704,357.9302
328.4951,-278.4636,3.243963,162.6349,356.9533,195.4521,358.4593
328.604,-279.0164,3.24328,162.0233,358.2052,194.8359,359.3043
328.7125,-279.5442,3.24283,161.4566,358.0402,194.0136,359.8753
328.8266,-280.1158,3.242149,160.8611,358.1801,194.3928,0.5838572
328.9303,-280.5884,3.241416,160.3867,358.7576,195.901,1.390322
329.0351,-281.0334,3.241427,159.9539,359.0869,198.5245,2.642884
329.1418,-281.4482,3.238918,159.5579,0.5842757,202.2485,3.380422
329.2438,-281.8303,3.23611,159.1987,2.648113,205.8535,3.117951
329.3519,-282.2088,3.236469,158.8458,1.863726,206.2303,3.327817
329.4605,-282.6041,3.233023,158.4791,3.470779,204.5742,4.287602
329.5693,-283.0233,3.231926,158.0895,3.389905,199.455,5.028098
329.6776,-283.4698,3.224217,157.6833,6.068879,193.1361,3.552453
329.779,-283.9514,3.226781,157.2637,5.596357,189.9576,3.324725
329.8831,-284.4707,3.231255,156.8159,2.701961,187.956,4.30576
329.991,-285.0238,3.229966,156.3461,2.602953,186.9218,3.512113
330.1049,-285.6927,3.231006,155.7879,2.549856,186.6469,3.137507
330.2106,-286.3099,3.233593,155.2748,1.560895,186.2489,2.718339
330.3257,-287.0466,3.236998,154.6553,0.1619097,186.4974,0.7294841
330.4296,-287.7146,3.239377,154.08,358.9545,186.3287,1.341322
330.5418,-288.5045,3.241879,153.3849,357.8055,185.2785,1.114004
330.6547,-289.3198,3.241192,152.6521,358.2111,184.1517,1.191595
330.7651,-290.1551,3.239273,151.8805,359.0219,184.1581,1.747653
330.8758,-291.0019,3.237063,151.0699,359.7343,183.5123,2.082328
330.9877,-291.8451,3.232359,150.2128,0.7211952,181.9772,2.518905
331.1017,-292.6754,3.23369,149.3147,0.5137916,177.765,1.648837
331.2058,-293.3817,3.236299,148.4824,359.2771,174.225,3.060878
331.3175,-294.1568,3.235326,147.4891,359.0855,170.3291,4.854375
331.4214,-294.7975,3.236262,146.585,359.1295,166.0994,4.108647
331.5322,-295.3901,3.236113,145.6461,359.4553,162.533,3.498132
331.6367,-295.8537,3.235994,144.8143,359.8746,159.557,1.931296
331.7529,-296.3217,3.23737,143.8248,359.4088,155.8151,1.937858
331.8542,-296.6533,3.238962,142.9855,358.5322,153.3652,2.133525
331.9594,-296.9208,3.238254,142.1597,358.726,150.8636,2.426278
332.0618,-297.1279,3.238439,141.3545,358.8354,147.9143,2.078797
332.1647,-297.2808,3.238354,140.5745,358.7587,145.1223,2.172328
332.268,-297.3821,3.238194,139.8229,358.9468,141.8743,2.164179
332.3733,-297.4389,3.238908,139.1016,358.5515,139.0768,2.321345
332.4806,-297.4554,3.238928,138.4131,358.754,136.4441,2.444056
332.5874,-297.4376,3.238674,137.76,359.0009,134.3013,2.032175
332.6942,-297.3898,3.238457,137.1451,359.2427,132.1295,1.908895
332.8022,-297.3176,3.238353,136.5684,359.413,129.713,1.928603
332.9107,-297.2194,3.23831,136.0024,359.3918,127.3364,1.938228
333.0183,-297.0943,3.238572,135.4399,359.2908,124.5389,1.8465
333.1262,-296.9427,3.238252,134.8803,359.3856,122.2068,1.946059
333.2348,-296.7641,3.238082,134.3231,359.6181,119.8732,1.800153
333.341,-296.5573,3.237646,133.77,359.7841,117.4252,1.882821
333.4441,-296.3226,3.237634,133.2213,359.8514,115.0163,1.845252
333.5452,-296.0597,3.237435,132.6773,0.0262552,112.7264,1.835947
333.6469,-295.7691,3.237231,132.1395,0.1438976,110.3959,1.946857
333.7519,-295.45,3.237146,131.609,0.3426373,108.2542,1.966505
333.8575,-295.1023,3.237527,131.0855,0.268548,107.599,1.846151
333.963,-294.7256,3.236683,130.5733,0.8563549,106.9804,2.082729
334.0695,-294.3227,3.235584,130.0777,1.62925,105.4487,1.399403
334.1783,-293.8935,3.236294,129.5972,1.325951,105.6483,1.126557
334.2859,-293.4401,3.238871,129.1286,0.1856317,111.5052,0.3039379
334.395,-292.9638,3.239079,128.6855,0.3072192,115.9557,359.7469
334.5063,-292.4661,3.237617,128.267,0.3992352,116.8355,359.4214
334.6209,-291.9488,3.235978,127.8695,1.200436,117.1059,359.4779
334.7365,-291.4092,3.237468,127.4957,0.4266824,116.8602,359.2076
334.8513,-290.8751,3.23837,127.1538,0.4325879,116.4232,358.442
334.9666,-290.3599,3.240079,126.8437,359.6709,117.6622,357.8279
335.0852,-289.8643,3.239019,126.5655,359.9899,119.264,357.6131
335.204,-289.3971,3.236928,126.3174,1.22512,118.8222,358.4419
335.3217,-288.9594,3.236252,126.0956,1.537323,117.9434,358.7589
335.4401,-288.5494,3.235502,125.8966,1.547153,117.3359,359.6004
335.5582,-288.1486,3.235054,125.7104,1.906953,116.8812,0.00799591
335.6781,-287.7418,3.235359,125.5313,1.85779,116.0346,359.897
335.7972,-287.3289,3.23531,125.357,1.873911,115.3957,0.125358
335.9162,-286.9094,3.23564,125.1855,1.760877,114.5988,0.2919353
336.0343,-286.483,3.235475,125.0154,1.815602,114.1863,0.2898497
336.1536,-286.0476,3.23537,124.8462,1.885234,113.8621,0.3116839
336.2724,-285.5999,3.23528,124.6774,1.761764,113.9321,359.9185
336.3917,-285.1337,3.234535,124.5099,2.139903,113.9412,359.839
336.5112,-284.6512,3.232828,124.3443,2.889683,114.7388,359.7797
336.6249,-284.1475,3.235531,124.1785,2.216082,115.9379,359.8892
336.736,-283.6227,3.237943,124.0086,1.008719,116.3256,0.7236577
336.8501,-283.0869,3.235626,123.827,2.291435,115.0547,2.516911
336.9662,-282.5428,3.233874,123.6358,3.021153,116.4505,0.4181603
337.0831,-281.9799,3.238906,123.4551,2.518515,118.2653,359.8158
337.2018,-281.4099,3.233899,123.2728,2.25703,120.4425,0.7982606
337.3184,-280.8435,3.233606,123.0741,2.510481,122.5698,1.925101
337.4337,-280.2765,3.235471,122.8533,1.66704,125.3978,0.2534452
337.5477,-279.7077,3.234092,122.6243,2.135296,128.2387,0.1701046
337.6651,-279.1348,3.233118,122.3848,1.800683,131.0267,1.01649
337.7813,-278.5742,3.231161,122.1188,2.567657,133.7093,3.448219
337.8988,-278.028,3.233179,121.8218,1.812477,137.2993,3.590529
338.0166,-277.4908,3.235648,121.4931,0.4807171,141.2498,3.739328
338.1328,-276.9654,3.234228,121.1286,1.002435,145.1327,3.65016
338.2506,-276.4569,3.233636,120.7279,1.438051,148.6521,2.942366
338.3685,-275.9688,3.232512,120.2925,2.061808,153.085,2.796901
338.4858,-275.5037,3.232767,119.8226,1.774969,156.8734,2.701557
338.6036,-275.0632,3.233821,119.3183,1.437487,160.878,2.862484
338.7231,-274.6498,3.235721,118.7801,0.2897703,164.2342,3.547096
338.8424,-274.2717,3.235985,118.2054,0.4082356,167.8719,3.008548
338.9585,-273.9291,3.23581,117.5991,0.6940516,171.8608,2.492486
339.0736,-273.6277,3.234609,116.9644,1.118258,175.6644,2.593911
339.1923,-273.3687,3.235495,116.3028,0.5447818,178.6315,2.648835
339.3103,-273.1583,3.235923,115.6148,0.3244479,181.3798,3.055976
339.4244,-273.0005,3.236773,114.9046,359.8505,183.3508,3.380661
339.5378,-272.8976,3.236405,114.1765,359.8492,185.4703,3.935775
339.6547,-272.8538,3.236104,113.4364,0.238014,188.2622,3.809555
339.7715,-272.8721,3.237197,112.6864,359.9589,189.6979,4.323634
339.8862,-272.9555,3.23684,111.9347,0.4565493,192.6154,3.525167
340.0016,-273.0968,3.233189,111.1873,2.093114,194.6549,1.698818
340.1156,-273.2901,3.231257,110.4464,2.629395,197.0952,359.5324
340.2213,-273.5388,3.234238,109.7121,1.92211,198.6824,359.4569
340.3322,-273.843,3.234856,108.9906,2.721733,199.9384,359.6551
340.4425,-274.1879,3.237375,108.2822,2.039846,199.2648,359.887
340.5516,-274.5726,3.238923,107.5894,1.165415,199.3028,359.5421
340.662,-274.9759,3.236915,106.9165,2.410044,199.4381,358.133
340.7709,-275.3787,3.236376,106.2802,1.578683,200.4681,357.3853
340.8909,-275.8325,3.238468,105.5822,1.724296,201.0846,356.7348
340.9955,-276.2094,3.234609,105.026,1.848227,201.5639,357.6508
341.1031,-276.5768,3.235786,104.5085,2.092097,201.9764,357.1423
341.2091,-276.9209,3.235884,104.0199,1.241863,200.6288,358.0625
341.3142,-277.2451,3.238687,103.5601,1.213303,200.0185,357.4581
341.4222,-277.5503,3.240143,103.1221,0.7677044,197.1097,357.973
341.5284,-277.8347,3.239079,102.7152,1.535943,195.2095,357.4685
341.6437,-278.1285,3.239095,102.2755,1.176668,192.6043,357.6264
341.7509,-278.3885,3.23967,101.8709,1.075468,191.7756,357.0966
341.8591,-278.6163,3.240043,101.5033,0.6770354,191.4448,356.3461
341.9644,-278.8121,3.240728,101.1727,0.4136826,190.8568,357.0237
342.0797,-278.9903,3.239445,100.8695,1.124945,190.2874,356.8481
342.1889,-279.1661,3.239329,100.5592,0.8502028,190.2992,356.1494
342.304,-279.3403,3.239101,100.2379,0.7497879,190.841,354.55
342.4135,-279.5093,3.237242,99.90422,1.709324,190.978,353.1066
342.5237,-279.6712,3.236469,99.55936,2.143968,190.513,352.831
342.6381,-279.8284,3.235792,99.19925,2.628109,189.7988,353.1195
342.7405,-279.9608,3.235678,98.8737,2.567613,188.6157,353.4034
342.8501,-280.1109,3.236033,98.47454,2.471429,187.4062,353.8873
342.966,-280.2574,3.236463,98.05406,2.46918,186.3943,354.413
343.0753,-280.3973,3.237392,97.60703,2.088404,185.5953,355.3857
343.1883,-280.532,3.235974,97.13535,3.514305,183.9874,356.2423
343.2903,-280.6421,3.236004,96.71186,3.269572,183.2851,356.3918
343.4065,-280.7586,3.237494,96.18969,2.6328,181.3482,356.6163
343.5099,-280.8495,3.237226,95.72065,2.873819,179.9116,356.6848
343.6247,-280.9433,3.237716,95.14885,2.490883,178.203,357.1698
343.7251,-281.0116,3.238217,94.63689,2.412372,177.1261,357.0407
343.8283,-281.063,3.238857,94.10457,1.934108,176.8269,357.1099
343.9457,-281.0995,3.239126,93.45719,1.590492,177.3603,357.3252
344.0565,-281.1104,3.236518,92.78613,2.127373,178.7917,357.9525
344.1615,-281.1049,3.23507,92.19546,1.105838,177.6877,0.5383258
344.2781,-281.0852,3.235709,91.48467,1.053523,177.1502,0.596595
344.3911,-281.0357,3.238077,90.75687,0.3493717,177.5307,0.5950691
344.5086,-280.963,3.238302,90.00955,359.9455,176.7499,1.48399
344.6108,-280.8979,3.240396,89.35139,358.9785,176.8065,1.739488
344.7137,-280.8256,3.240296,88.67848,359.0675,176.6375,1.838693
344.8168,-280.7458,3.23938,87.99348,359.3567,176.4393,1.857225
344.9177,-280.6564,3.239514,87.2966,359.4004,175.8266,2.070246
345.0186,-280.5623,3.240205,86.58614,358.933,175.8179,2.029823
345.1219,-280.4591,3.240522,85.86056,358.8642,175.839,1.891022
345.2346,-280.3326,3.239214,84.99465,359.4354,176.3697,1.500331
345.3374,-280.2161,3.238557,84.23842,359.7714,176.6416,1.087631
345.4511,-280.0659,3.238017,83.33836,0.2391025,176.9643,1.455158
345.5518,-279.9289,3.238553,82.55005,359.9576,178.0907,1.383033
345.6537,-279.7863,3.23678,81.74638,359.6417,178.2333,1.965783
345.756,-279.6564,3.236977,80.92831,0.198858,177.4986,2.362764
345.8613,-279.5377,3.236474,80.09833,1.505565,177.7431,1.7624
345.9641,-279.4204,3.238573,79.24711,0.5515025,179.2495,0.8089029
346.067,-279.3187,3.240097,78.37446,359.7761,179.6563,1.306862
346.1706,-279.2348,3.238864,77.48556,0.7561184,180.2418,0.3179908
346.2728,-279.1727,3.239504,76.58059,0.1019488,181.3744,0.6011605
346.3869,-279.1363,3.239773,75.50496,359.9384,182.0345,1.119616
346.4897,-279.1371,3.240114,74.56591,0.2019293,183.1395,0.6097192
346.5921,-279.1592,3.240469,73.61134,359.9482,184.7033,359.4768
346.6935,-279.2001,3.238545,72.64178,0.06827984,184.5511,0.4406521
346.7986,-279.2718,3.2395,71.65832,359.9631,185.0391,0.04415811
346.912,-279.3894,3.240746,70.49101,359.8759,186.4756,359.5334
347.025,-279.5376,3.23922,69.31084,0.3678377,187.987,0.392634
347.1378,-279.7179,3.239112,68.11625,0.4215761,187.5865,0.5195057
347.2395,-279.8933,3.237807,67.079,0.4816583,188.1764,359.7579
347.3451,-280.1176,3.239234,65.85451,0.5485068,187.4377,359.1725
347.4544,-280.366,3.243096,64.61319,359.4632,188.3883,357.8992
347.5648,-280.6337,3.240219,63.35635,0.5439517,189.9995,358.3359
347.6757,-280.9203,3.238996,62.09112,1.294668,188.684,358.1572
347.7928,-281.2143,3.237506,60.8117,1.85919,187.8711,359.0602
347.8989,-281.509,3.239181,59.51357,0.954326,188.4991,357.9075
348.0065,-281.8015,3.237223,58.20272,1.836703,187.8077,358.4242
348.1143,-282.1028,3.237505,56.88145,1.261053,187.1796,358.6736
348.222,-282.4052,3.237508,55.5455,1.428526,186.6449,357.8537
348.3311,-282.7015,3.235243,54.19507,2.080602,186.8263,354.8111
348.4376,-282.991,3.23466,52.8282,1.38647,186.2845,353.1267
348.5418,-283.2179,3.238408,51.64013,359.6086,184.1015,355.1326
348.6482,-283.4618,3.238611,50.24081,359.1859,181.6248,356.9221
348.7578,-283.6709,3.237535,48.82771,359.8035,179.4147,356.9416
348.867,-283.8322,3.241241,47.39328,358.3702,176.6862,359.0192
348.9793,-283.9481,3.236794,45.94775,0.618183,173.9386,359.2426
349.091,-284.0087,3.24064,44.48543,359.7123,172.3763,359.5749
349.2013,-284.0133,3.23947,43.00095,359.7148,171.4571,359.0461
349.3033,-283.9718,3.237762,41.50657,0.4601637,170.9077,359.4656
349.4152,-283.8811,3.237001,40.00449,0.6510649,169.4582,0.2455625
349.5226,-283.7453,3.23754,38.49275,0.9947305,167.0594,0.0504151
349.6236,-283.5896,3.235877,37.19194,1.312341,166.0354,359.649
349.7249,-283.3926,3.238021,35.88606,0.7086258,165.015,359.4442
349.8329,-283.1276,3.238257,34.35454,0.3132302,164.3337,359.3239
349.9435,-282.8271,3.2365,32.81862,1.343139,163.7408,359.7146
350.0481,-282.5343,3.236523,31.50054,1.270928,162.2114,359.5108
350.1609,-282.1411,3.23689,29.96237,1.211457,160.6577,359.3271
350.2615,-281.7614,3.23726,28.64433,0.9434671,159.1889,359.3547
350.3762,-281.2767,3.236167,27.10711,1.749398,158.5975,359.3928
350.4856,-280.742,3.236154,25.57252,1.726719,156.3979,359.5438
350.6037,-280.1565,3.23647,24.04128,2.582806,153.7054,0.1547556
350.7154,-279.5211,3.237401,22.51374,1.348089,149.0876,358.128
350.8157,-278.9387,3.245647,21.20362,359.1892,146.2663,356.1423
350.917,-278.3124,3.239879,19.91334,1.451488,144.6475,354.6849
351.0325,-277.5299,3.241683,18.42508,359.1227,141.224,355.9758
351.1509,-276.662,3.24191,16.98135,359.8083,132.8216,358.7258
351.2516,-275.8057,3.240507,15.81525,0.02750629,123.2589,2.097348
351.3586,-274.8448,3.23876,14.73444,0.8601217,112.4317,3.805478
351.475,-273.5643,3.231076,13.63422,4.755679,102.1163,2.219448
351.577,-272.3377,3.235924,12.83667,2.382762,91.97493,2.297289
351.6875,-271.0011,3.236212,12.19938,2.338584,81.87859,2.035681
351.7884,-269.5684,3.234319,11.73853,3.307545,72.69458,1.652719
351.8993,-267.8095,3.231646,11.43859,4.26323,64.59198,1.734095
352.0166,-265.9887,3.232542,11.43338,3.829054,59.71076,2.068982
352.1288,-264.1547,3.234839,11.75466,2.838886,59.10751,1.258815
352.2347,-262.6218,3.234836,12.31012,2.410128,58.11965,0.9430899
352.3392,-261.1855,3.238656,13.14505,0.5487825,53.27673,1.191562
352.4436,-259.8905,3.236548,14.23334,1.944717,50.34514,1.610063
352.5522,-258.7404,3.23427,15.51775,3.226096,47.87235,2.826733
352.6606,-257.7332,3.233851,16.92858,3.526096,43.45248,0.5809399
352.7691,-256.8922,3.232239,18.45732,4.119145,39.43254,359.6604
352.8755,-256.1791,3.238542,20.06371,1.775732,35.74567,358.1388
352.9834,-255.5892,3.237223,21.72298,1.450404,31.23137,359.6533
353.0861,-255.0863,3.238846,23.41686,359.2649,28.75133,359.6529
353.1988,-254.6038,3.239712,25.42439,359.1799,24.79067,1.000219
353.3091,-254.2131,3.243688,27.46134,357.739,22.33211,359.5895
353.4164,-253.8848,3.24052,29.51161,358.4344,20.86667,359.5724
353.5251,-253.6109,3.240016,31.5703,359.0059,20.16101,1.409191
353.6333,-253.3347,3.240499,33.62852,358.4785,21.1403,3.532525
353.744,-253.0391,3.243792,35.68707,356.972,21.23746,4.901506
353.8534,-252.7143,3.24113,37.74278,357.9996,22.93783,5.603465
353.9618,-252.3333,3.241012,39.79193,359.0528,26.45204,3.382641
354.071,-251.8967,3.2389,41.83261,0.6793723,30.33904,2.007776
354.1801,-251.3707,3.235866,43.84634,2.372048,34.23717,2.583693
354.289,-250.734,3.235816,45.78246,2.288969,37.95022,1.868606
354.3999,-249.9955,3.234842,47.63083,2.511647,42.85707,0.7943193
354.511,-249.1569,3.23435,49.38131,2.40528,49.59886,0.1162238
354.6208,-248.2285,3.23458,51.0285,2.350709,57.22731,0.04273137
354.731,-247.2039,3.234037,52.5598,2.298354,63.67912,0.3597289
354.8464,-246.0931,3.233351,53.96727,2.492305,69.76512,0.2973411
354.9557,-244.9099,3.233188,55.24711,2.139117,75.99388,0.1649926
355.0594,-243.6663,3.233159,56.39742,1.804589,81.80945,0.7182459
355.1645,-242.3784,3.234416,57.42588,0.7891546,86.91135,0.849332
355.2675,-241.0541,3.233588,58.31112,1.499797,93.53567,1.842585
355.382,-239.7065,3.235559,59.05684,0.6997373,100.3406,1.36361
355.483,-238.5364,3.237342,59.58434,358.904,105.6553,0.3229192
355.5916,-237.1671,3.23674,60.06959,359.4803,112.1731,359.5829
355.7,-235.8107,3.236644,60.42875,359.854,117.2618,359.6147
355.8089,-234.4765,3.237402,60.66993,359.3185,121.398,358.881
355.9163,-233.1764,3.237482,60.79933,359.3257,126.7879,358.7239
356.0261,-231.9191,3.238309,60.8258,359.2354,132.1054,358.6285
356.1436,-230.7118,3.2383,60.7608,359.0026,136.3365,358.5653
356.2546,-229.5617,3.238413,60.60968,359.201,141.6514,358.063
356.3684,-228.4731,3.238422,60.38637,359.0333,146.4542,358.0464
356.4684,-227.5911,3.238319,60.14652,359.0815,150.1105,358.0603
356.5716,-226.7574,3.238196,59.86816,359.2695,152.9881,357.9923
356.6722,-225.9735,3.23812,59.55682,359.0909,155.4252,358.0938
356.7742,-225.2476,3.241564,59.21479,357.0237,161.9369,357.1225
356.877,-224.5837,3.241995,58.85277,355.8118,176.4799,355.5699
356.9927,-223.8645,3.238956,58.41523,357.2795,186.6975,353.3693
357.0937,-223.2906,3.237865,58.03151,357.7083,191.3433,353.8169
357.1962,-222.7541,3.237874,57.64237,357.7361,191.3483,354.3748
357.3135,-222.1872,3.238143,57.18933,357.367,191.2068,354.6231
357.4183,-221.7489,3.237833,56.80671,357.4838,191.446,354.5964
357.5344,-221.2906,3.237867,56.37267,357.3974,192.7,354.7642
357.6352,-220.9412,3.237617,56.01291,357.4485,193.8168,354.5545
357.746,-220.5789,3.236393,55.6133,358.0952,194.8654,354.2603
357.8508,-220.3022,3.235587,55.29224,358.5391,194.9981,354.3384
357.9663,-220.0193,3.235848,54.94592,358.5996,195.2867,354.2997
358.0714,-219.793,3.236553,54.65474,358.1825,194.7074,354.8068
358.1718,-219.5707,3.238039,54.35493,357.5384,193.8496,355.4592
358.2782,-219.3553,3.238738,54.04271,356.9264,194.1713,355.9883
358.3796,-219.1472,3.238757,53.71566,357.0599,195.3632,355.9835
358.4803,-218.9461,3.237758,53.37578,357.6246,197.1452,355.8409
358.5919,-218.7183,3.23717,52.96405,357.9562,199.0744,355.888
358.6941,-218.5298,3.237425,52.59681,357.8864,200.7032,355.7415
358.8107,-218.3182,3.237647,52.14631,357.7917,202.5503,355.7654
358.9159,-218.1454,3.237644,51.73918,357.7982,204.1051,355.4731
359.0191,-217.9814,3.237475,51.31214,357.9318,205.5923,355.5455
359.1249,-217.828,3.237692,50.86505,357.7899,206.95,355.6803
359.2296,-217.6879,3.238134,50.39792,357.5936,208.6178,355.7244
359.3296,-217.5629,3.238564,49.91206,357.3562,210.582,355.759
359.4336,-217.4538,3.239467,49.40759,357.1562,212.2249,355.7168
359.5488,-217.3467,3.241913,48.79461,356.2936,212.3006,356.4799
359.651,-217.2777,3.241628,48.2494,356.5442,212.6486,356.1615
359.7531,-217.2302,3.242247,47.6895,356.5542,213.2794,356.1596
359.8592,-217.2069,3.242803,47.11407,355.9865,213.9861,356.3675
359.9636,-217.2095,3.242348,46.52675,356.1484,214.7351,357.1609
360.0689,-217.241,3.241809,45.93269,356.3577,216.26,357.0142
360.1741,-217.2989,3.240989,45.33312,356.8285,217.882,356.6833
360.281,-217.3822,3.241089,44.73254,356.6883,219.419,357.2502
360.3862,-217.4951,3.242251,44.13194,355.9202,220.6586,357.2957
360.4894,-217.635,3.241846,43.53419,356.1296,222.0465,356.9872
360.5939,-217.801,3.241293,42.9397,356.4692,223.736,356.7966
360.6968,-217.9942,3.241477,42.35136,356.42,225.825,357.0609
360.8021,-218.2158,3.241141,41.7723,356.5063,229.1113,357.1978
360.9072,-218.4636,3.241,41.20121,356.8375,231.198,357.1498
361.0142,-218.7358,3.241509,40.63879,356.8255,231.7396,357.5646
361.1216,-219.0336,3.240932,40.08572,357.4892,229.7695,358.6631
361.2299,-219.3588,3.235812,39.54515,1.306764,229.0384,359.9103
361.3398,-219.71,3.233382,39.01846,3.647388,228.5395,0.08330166
361.4517,-220.0886,3.232608,38.50977,4.255835,228.7006,359.939
361.5629,-220.4921,3.232993,38.01936,4.306331,228.5163,359.5994
361.6745,-220.9011,3.233378,37.56642,3.972732,229.1228,358.9723
361.787,-221.3023,3.232779,37.15487,4.217856,229.0056,358.5256
361.8966,-221.6932,3.232583,36.78516,4.568047,229.0793,358.3659
362.0052,-222.0681,3.232052,36.45443,4.909828,229.0455,358.0149
362.1151,-222.4247,3.23284,36.15643,4.386258,228.4924,357.933
362.2259,-222.7618,3.232568,35.89125,4.438021,228.4126,357.7645
362.3371,-223.0764,3.232489,35.65681,4.423303,229.0525,357.8007
362.445,-223.3667,3.232235,35.45098,4.447353,229.4504,357.954
362.5506,-223.6304,3.232313,35.27147,4.491734,229.6939,358.0809
362.6572,-223.8669,3.232085,35.11666,4.468696,229.6908,358.3943
362.7648,-224.0757,3.232701,34.98499,4.330916,229.8819,358.426
362.87,-224.2547,3.232731,34.87383,4.205964,229.865,358.5898
362.9772,-224.4037,3.233416,34.78102,3.894559,229.4576,359.1165
363.086,-224.5418,3.233645,34.69693,3.667113,228.9938,359.462
363.1954,-224.6841,3.23357,34.61409,3.643208,229.0017,359.7039
363.2993,-224.8315,3.233535,34.5317,3.776567,229.5292,359.6996
363.4044,-224.9854,3.233778,34.44806,3.677293,229.816,359.9068
363.5107,-225.1468,3.233565,34.36293,3.656281,230.2368,0.02450355
363.6126,-225.3162,3.233052,34.27413,4.009296,230.699,0.04405838
363.7144,-225.4936,3.231887,34.18153,4.56333,230.9729,0.2064839
363.8187,-225.6809,3.231332,34.08551,4.921752,231.085,0.9559981
363.9189,-225.879,3.230572,33.98706,5.369766,230.8609,1.460122
364.0353,-226.1243,3.230414,33.86861,5.235719,229.1834,1.516176
364.1359,-226.3496,3.231609,33.765,4.789776,227.8543,0.8631833
364.2462,-226.5911,3.233027,33.65787,4.051288,226.3119,0.4388552
364.3497,-226.8491,3.233909,33.54905,3.907057,225.0894,359.9212
364.4534,-227.1215,3.23483,33.43856,3.397948,223.862,0.2527186
364.556,-227.4106,3.235309,33.32771,3.0199,223.3575,0.5822864
364.6573,-227.7147,3.235432,33.21684,3.043512,222.6383,0.1756437
364.7585,-228.0323,3.23656,33.1037,2.684304,222.3932,359.7719
364.8624,-228.3634,3.238293,32.98764,1.816943,222.6221,359.4741
364.9658,-228.7069,3.239876,32.86703,1.352533,222.3102,358.951
365.0675,-229.0631,3.242335,32.74053,359.9664,220.9365,359.4544
365.182,-229.4968,3.244241,32.59065,359.5701,219.9464,359.2613
365.2838,-229.8821,3.243614,32.46031,359.1917,218.9875,359.6591
365.3926,-230.3497,3.242469,32.30869,359.2535,216.7431,1.38631
365.5085,-230.8332,3.238649,32.15534,0.535088,214.6171,1.985942
365.6275,-231.3336,3.238306,31.99955,0.2323785,212.6237,2.420588
365.7423,-231.8473,3.236978,31.835,0.2249172,210.3065,2.43987
365.8619,-232.3788,3.236356,31.66341,0.2189769,208.5586,2.846003
365.9755,-232.9281,3.236087,31.48252,0.6311321,207.6128,3.333287
366.0871,-233.4937,3.235764,31.29107,0.9804459,205.5884,4.794186
366.2015,-234.073,3.234291,31.09285,1.691749,203.9415,4.555056
366.3102,-234.6584,3.236359,30.88344,1.895952,201.5272,3.479163
366.4276,-235.2501,3.238476,30.65512,0.8902716,200.5511,3.16251
366.5378,-235.8487,3.242425,30.3984,359.2055,198.7072,2.021235
366.6508,-236.4525,3.240578,30.11437,359.3185,197.2973,1.378064
366.7573,-237.0583,3.238326,29.80799,0.508999,194.5407,2.679475
366.8656,-237.6674,3.237109,29.47826,1.172953,191.9858,2.114748
366.9734,-238.272,3.237702,29.11448,0.7131392,189.387,1.796225
367.0869,-238.9517,3.23735,28.65411,0.9289486,185.8035,1.208851
367.1963,-239.5352,3.237367,28.20802,0.537171,183.2669,0.7280014
367.3076,-240.1833,3.23549,27.65438,1.512098,180.531,1.21626
367.4208,-240.7292,3.233197,27.13276,2.443743,177.8131,1.718463
367.539,-241.2442,3.232744,26.57695,2.538415,172.747,2.347523
367.6511,-241.7263,3.229753,25.99138,3.946546,168.4142,2.062751
367.7573,-242.1561,3.232426,25.39644,2.802636,163.7928,3.20283
367.868,-242.521,3.234717,24.81296,1.829877,159.7204,2.590255
367.9721,-242.827,3.2325,24.25031,2.68518,156.418,2.07381
368.08,-243.0815,3.23122,23.71922,3.091132,153.1368,2.72125
368.1871,-243.2875,3.232541,23.21997,2.520369,148.0507,2.385116
368.2914,-243.4512,3.233359,22.75443,1.896838,144.8692,2.579602
368.3977,-243.578,3.233579,22.32835,1.749454,141.0443,2.524342
368.505,-243.6765,3.23278,21.94453,2.230489,138.3307,2.760764
368.6062,-243.752,3.232617,21.60375,2.340577,136.1638,2.714936
368.7116,-243.8155,3.232565,21.27555,2.447172,134.5499,2.633649
368.8194,-243.8695,3.232411,20.93734,2.537543,132.4011,2.676731
368.9274,-243.9137,3.232564,20.58568,2.411762,129.7158,2.609006
369.0309,-243.9475,3.232398,20.20299,2.501126,126.6238,2.546628
369.1376,-243.9687,3.232608,19.78534,2.369537,122.8202,2.076652
369.2445,-243.9741,3.231954,19.32833,2.67172,120.7082,2.131277
369.3519,-243.9578,3.231487,18.83538,2.87341,118.0857,2.371589
369.4537,-243.9157,3.231672,18.30842,2.775733,115.1264,2.227867
369.5573,-243.8418,3.231804,17.74776,2.723988,111.9779,2.341901
369.6656,-243.7321,3.232013,17.15623,2.536888,108.6655,2.751669
369.774,-243.5798,3.232182,16.53622,2.496524,105.7878,2.977566
369.8759,-243.3799,3.232582,15.88984,2.507905,103.9953,3.105774
369.9816,-243.1283,3.231906,15.22787,3.133063,103.4499,3.951615
370.0876,-242.8214,3.230665,14.55813,4.411139,104.4234,5.843407
370.1935,-242.4543,3.230919,13.88962,4.476197,104.0009,7.562404
370.3015,-242.0252,3.230369,13.22997,4.907315,101.2679,7.38956
370.4183,-241.5298,3.23037,12.58285,4.812078,98.74158,7.595129
370.5278,-240.9629,3.230597,11.95853,4.621114,95.73209,7.524293
370.6366,-240.3249,3.231024,11.36325,4.384432,94.5564,7.48097
370.7494,-239.6188,3.230479,10.81134,4.801404,89.28554,6.943259
370.8621,-238.8448,3.231218,10.30979,4.364738,84.37532,6.426012
370.9803,-238.0017,3.231955,9.871284,3.879323,79.86693,6.180661
371.0888,-237.0941,3.23318,9.505447,3.248137,75.43652,5.745461
371.1988,-236.1289,3.234289,9.216991,2.895741,73.01968,4.954747
371.3155,-235.1137,3.235675,9.017118,2.498997,71.84106,4.521476
371.42,-234.2099,3.237225,8.931386,2.292151,70.15594,4.245339
371.5351,-233.1242,3.240796,8.940434,0.4473835,69.309,3.425408
371.6399,-232.1771,3.241115,9.048279,359.5596,68.16155,3.057196
371.7491,-231.2379,3.239424,9.251133,0.2489742,66.55059,2.161498
371.8532,-230.3131,3.241251,9.553194,358.8637,63.79965,3.507714
371.9633,-229.4346,3.242982,9.925212,357.2103,59.64624,4.590663
372.0705,-228.6178,3.242694,10.33871,357.9206,57.89042,5.325761
372.177,-227.8572,3.2387,10.77215,0.4484575,55.92677,5.60691
372.282,-227.1477,3.240966,11.23093,359.8471,56.49107,2.523747
372.3994,-226.393,3.241117,11.78709,359.9656,56.63404,1.817395
372.5014,-225.7991,3.24316,12.26994,358.2081,54.4283,1.625152
372.6042,-225.2438,3.246308,12.7431,354.7573,54.0638,3.593181
372.7146,-224.6364,3.247121,13.27616,354.6945,53.37273,2.393435
372.8238,-224.0733,3.24418,13.78664,356.516,56.10133,1.088435
372.9337,-223.5535,3.242288,14.2776,357.655,56.31291,0.5202347
373.0406,-223.0753,3.238818,14.73882,359.2498,56.72532,1.116103
373.1471,-222.6393,3.238425,15.16637,359.5328,57.71313,1.209208
373.2654,-222.2375,3.239518,15.55147,358.6457,64.40184,1.733135
373.3687,-221.9249,3.243091,15.86371,357.1354,65.36282,2.352063
373.4722,-221.6365,3.244142,16.15056,354.9181,66.1767,3.763637
373.5879,-221.3259,3.246944,16.44947,352.95,68.03838,3.880975
373.6894,-221.0857,3.249379,16.67563,352.4435,67.76653,5.065726
373.7903,-220.8633,3.247497,16.86675,352.472,67.95281,4.869916
373.9098,-220.6176,3.247342,17.08198,353.7466,69.13194,0.875661
374.0246,-220.3783,3.244262,17.30342,355.8347,70.05642,0.160539
374.1255,-220.1705,3.243938,17.49222,355.261,70.54213,359.5928
374.2269,-219.9589,3.244519,17.68323,354.8362,70.61015,0.1192079
374.3302,-219.7383,3.245297,17.87282,354.2052,70.61456,1.013175
374.4325,-219.5059,3.245342,18.06226,354.3318,71.59711,0.4034775
374.5351,-219.2653,3.243493,18.25229,355.2404,73.46979,0.8501778
374.6524,-218.9723,3.244231,18.47681,354.8879,74.69116,1.203219
374.7646,-218.6596,3.244478,18.70408,354.6886,76.58817,1.368765
374.8691,-218.3756,3.244168,18.90092,354.7267,78.51998,1.11291
374.9823,-218.023,3.243544,19.1333,355.309,80.31032,0.5571982
375.0843,-217.703,3.243783,19.33458,355.1893,81.61942,359.936
375.1868,-217.3629,3.243791,19.53884,355.2256,82.69702,359.8234
375.2881,-217.0012,3.243719,19.74427,355.3494,83.89339,359.7668
375.3941,-216.6183,3.243511,19.9504,355.3892,85.22782,359.8234
375.4946,-216.2121,3.243838,20.15509,355.2376,86.48941,359.7167
375.5958,-215.7813,3.243925,20.35622,355.0596,87.93401,359.8186
375.6996,-215.3264,3.243783,20.5526,355.1913,89.10094,359.3335
375.8001,-214.8481,3.243684,20.74055,355.6586,89.80139,359.2253
375.9032,-214.3477,3.24436,20.91832,355.7124,92.04289,357.872
376.0068,-213.8246,3.244218,21.08655,355.7272,95.0519,358.3824
376.1099,-213.2801,3.243773,21.24277,356.0345,97.11131,358.4823
376.2121,-212.716,3.243788,21.38525,355.8398,98.53654,358.5119
376.3254,-212.0361,3.24352,21.53587,356.0778,99.2529,359.0958
376.4274,-211.4369,3.243952,21.64755,355.4487,100.5705,359.1958
376.5323,-210.8193,3.244421,21.73917,355.4129,101.8224,358.5839
376.6422,-210.0808,3.243428,21.82103,356.0235,103.8395,358.6835
376.7561,-209.3219,3.243459,21.87286,355.9522,105.2715,358.9109
376.8585,-208.6523,3.243595,21.88579,355.7084,106.1761,358.3555
376.9601,-207.9662,3.243289,21.86763,356.2094,107.9049,357.738
377.0667,-207.2633,3.244439,21.82189,356.3257,109.5444,357.9097
377.1696,-206.5474,3.242905,21.7452,356.6134,112.2822,357.5668
377.2753,-205.8277,3.242137,21.63767,357.2536,114.1216,358.4838
377.3839,-205.1045,3.243785,21.50186,356.8363,115.5196,358.2636
377.49,-204.3814,3.244323,21.34325,356.4576,117.0363,358.2085
377.5936,-203.6613,3.244174,21.16133,356.8215,118.4192,358.2222
377.6941,-202.9457,3.244321,20.95556,356.786,119.3571,358.369
377.7993,-202.2352,3.244517,20.7271,356.5882,120.7321,358.8063
377.915,-201.4147,3.243918,20.43239,356.9468,121.8985,358.9826
378.0189,-200.7196,3.244153,20.15534,357.0431,122.9061,359.0927
378.1209,-200.0306,3.245324,19.85565,356.5507,123.8986,359.0985
378.2245,-199.3491,3.245077,19.5331,356.6927,125.0859,359.6832
378.3334,-198.5683,3.243821,19.12906,357.5842,126.2589,0.2936038
378.4493,-197.8033,3.244235,18.69674,357.3627,127.253,0.5596112
378.5665,-196.9429,3.24601,18.17008,356.8527,128.9238,359.3299
378.6748,-196.2,3.247014,17.68714,356.7937,130.6219,358.5025
378.7756,-195.5697,3.246371,17.26045,357.0451,130.4615,358.3813
378.8922,-194.8468,3.245322,16.74257,357.7856,131.9581,358.4724
379.0042,-194.1322,3.244676,16.20919,357.9395,132.1148,0.2010772
379.1227,-193.4322,3.242491,15.65657,358.8746,131.787,2.286216
379.2379,-192.7328,3.242129,15.08693,357.6248,129.8826,4.908715
379.3563,-192.0346,3.234592,14.5036,1.780398,129.6841,6.237198
379.4712,-191.3332,3.234533,13.90685,1.832811,128.4718,5.750905
379.5746,-190.7233,3.234779,13.38368,1.787391,128.354,5.9863
379.6796,-190.1043,3.236276,12.85133,1.620071,127.6485,6.072992
379.7861,-189.4749,3.235678,12.31279,2.07204,127.4442,5.531743
379.8885,-188.8371,3.233011,11.7765,3.872361,127.9652,5.279205
379.9897,-188.1877,3.233445,11.24136,3.166384,127.1722,5.300818
380.101,-187.4216,3.233286,10.61475,2.486466,129.3894,5.640386
380.2029,-186.7579,3.234241,10.07926,2.67593,131.9945,3.788583
380.3165,-185.973,3.234645,9.457088,2.114354,135.7524,3.891505
380.4211,-185.2939,3.235179,8.916842,1.124402,138.4846,4.040041
380.5314,-184.5027,3.233551,8.278362,1.667084,143.048,4.556055
380.6343,-183.825,3.235105,7.727703,1.310027,146.5553,4.974748
380.7448,-183.0385,3.237008,7.076521,359.1858,149.6288,5.510945
380.8495,-182.3697,3.240824,6.508368,357.3149,151.221,6.200919
380.9632,-181.6261,3.243818,5.847612,355.0226,152.9899,6.936952
381.0783,-180.9323,3.24529,5.201875,354.4758,154.3519,5.891926
381.1947,-180.2844,3.245901,4.571616,354.0744,155.2153,4.891535
381.3022,-179.6849,3.245857,3.960772,354.1974,155.4501,5.215479
381.4067,-179.1389,3.243551,3.370978,355.562,156.569,4.045164
381.5226,-178.642,3.240827,2.80253,356.6444,159.0807,2.694328
381.6347,-178.189,3.240949,2.259123,355.9009,161.5781,2.257818
381.7452,-177.7806,3.239253,1.746582,357.0589,162.2085,2.903576
381.8616,-177.415,3.23965,1.267256,356.557,163.5043,3.231417
381.9711,-177.0878,3.240544,0.8199275,356.0578,164.4677,3.487472
382.0843,-176.7969,3.241377,0.4067605,355.4741,165.5083,3.310506
382.2029,-176.5397,3.241532,0.02842337,355.4572,166.7208,3.235742
382.3109,-176.3133,3.241524,-0.3128988,355.3806,167.093,3.68778
382.4239,-176.1182,3.241012,-0.6163564,355.6808,167.2397,4.031669
382.5388,-175.9535,3.241257,-0.880545,355.7553,167.3364,3.892705
382.6411,-175.8262,3.241646,-1.090269,355.664,167.3284,3.652061
382.7505,-175.6772,3.241167,-1.340864,355.9661,167.5354,3.620653
382.8663,-175.5264,3.240503,-1.598795,356.3156,167.4373,3.628479
382.9857,-175.3732,3.240471,-1.866636,356.3056,167.5878,3.903937
383.0986,-175.2164,3.241127,-2.145844,356.3471,167.4759,4.118467
383.2092,-175.0564,3.241091,-2.440957,356.3814,167.5174,4.21731
383.3216,-174.8928,3.241819,-2.752106,356.4707,167.5595,3.991764
383.435,-174.722,3.242016,-3.083236,355.8958,167.6556,4.31939
383.5428,-174.5458,3.241531,-3.435978,356.3173,167.8485,4.80279
383.6548,-174.3683,3.240511,-3.808505,356.7325,168.5708,5.480907
383.7703,-174.1913,3.239862,-4.20011,357.1934,169.092,4.981435
383.8788,-174.0113,3.240764,-4.61002,356.7876,169.7268,4.791107
383.9948,-173.8292,3.241312,-5.041253,356.5327,170.3547,4.657259
384.1024,-173.6463,3.241267,-5.494453,356.67,171.0874,4.50076
384.2147,-173.4637,3.241729,-5.968737,356.8192,171.9248,4.013117
384.3279,-173.2811,3.241135,-6.464897,356.7961,172.5794,3.8455
384.4292,-173.1262,3.240849,-6.907277,357.1537,173.024,3.861362
384.5396,-172.949,3.241101,-7.4424,357.2947,173.9209,3.613285
384.6509,-172.7782,3.241335,-7.988992,357.1409,174.6795,3.581473
384.7607,-172.616,3.24215,-8.539901,356.9429,175.0795,3.537399
384.8691,-172.4677,3.242759,-9.081282,356.837,175.7624,3.478847
384.9773,-172.3399,3.242942,-9.578635,356.7083,176.1334,3.493118
385.0876,-172.2305,3.242539,-10.03091,357.0194,176.3327,3.615657
385.1999,-172.1388,3.242206,-10.43695,357.3037,176.6573,3.548732
385.3077,-172.0582,3.241557,-10.80675,357.7604,176.5021,3.577591
385.4152,-171.9808,3.241153,-11.18656,357.7479,176.4533,3.533678
385.5254,-171.906,3.241645,-11.57951,357.6127,176.3115,3.575818
385.6309,-171.8332,3.241324,-11.99404,357.9124,176.236,3.35894
385.7373,-171.7612,3.242759,-12.43264,357.0639,175.7017,3.612932
385.8486,-171.6883,3.243573,-12.89669,356.5348,175.5248,4.033628
385.9633,-171.6184,3.243482,-13.38357,356.6396,175.3824,4.811253
386.0732,-171.5541,3.242738,-13.8926,357.0803,176.0999,4.658959
386.1824,-171.4913,3.240035,-14.42572,359.2114,175.9584,4.319884
386.2842,-171.4322,3.240876,-14.98105,358.599,176.5589,4.046476
386.3915,-171.3779,3.242135,-15.55922,357.6684,177.7826,4.59908
386.4992,-171.3307,3.242499,-16.16084,357.4592,178.6669,4.154171
386.6084,-171.2894,3.243025,-16.78623,357.2399,179.2565,4.139499
386.717,-171.256,3.242763,-17.43472,357.4157,179.4721,4.091208
386.8239,-171.2313,3.242894,-18.10618,357.2253,180.0877,3.939408
386.9324,-171.2158,3.243045,-18.7998,356.892,180.7664,3.595756
387.035,-171.2118,3.243735,-19.51695,356.4142,181.3784,3.418441
387.1433,-171.2208,3.243462,-20.25564,357.1335,182.1912,3.650995
387.2528,-171.2427,3.241815,-21.01429,358.1964,182.8046,3.045018
387.362,-171.277,3.243153,-21.79766,357.0043,182.8698,2.773421
387.4708,-171.3248,3.243499,-22.60586,356.7399,182.6912,3.331586
387.578,-171.3889,3.243125,-23.43718,356.5488,182.7298,4.185968
387.6839,-171.4663,3.242602,-24.28943,356.7267,182.5954,4.466577
387.7853,-171.5561,3.241696,-25.16182,357.2272,182.6507,4.849599
387.8896,-171.6585,3.240951,-26.05349,357.4978,182.5714,5.037816
387.9966,-171.7738,3.240528,-26.96537,357.6651,182.3104,5.597655
388.0987,-171.9042,3.240312,-27.8966,357.6717,182.1889,5.97007
388.2012,-172.0515,3.240279,-28.84764,357.7503,182.4803,6.101006
388.3096,-172.2162,3.240698,-29.81731,357.5449,183.2553,6.08294
388.4219,-172.4253,3.241144,-30.9492,357.4901,183.7306,6.034602
388.5288,-172.6272,3.242405,-31.95965,357.1035,183.8301,5.805089
388.6293,-172.8475,3.24197,-32.98936,357.2963,184.0949,5.956204
388.7328,-173.0889,3.241199,-34.03571,358.2483,184.7833,5.762848
388.841,-173.3502,3.240694,-35.09585,358.7606,185.4888,4.689204
388.9518,-173.672,3.241817,-36.33055,358.3944,184.9325,4.823209
389.0602,-173.9755,3.240736,-37.42737,358.6692,184.8232,4.51055
389.173,-174.3432,3.241192,-38.69649,358.9894,184.7006,4.501749
389.28,-174.6797,3.240896,-39.81358,359.2263,184.334,3.683441
389.3815,-175.0274,3.242176,-40.94135,358.7527,183.8149,3.049801
389.4882,-175.3842,3.242997,-42.07734,358.5482,182.7789,2.620797
389.5887,-175.7502,3.244066,-43.22252,357.6873,181.8144,2.709657
389.6935,-176.1199,3.24429,-44.3785,357.3062,180.5771,3.358097
389.8044,-176.5475,3.242565,-45.70887,358.3312,180.6624,3.149914
389.9155,-176.9755,3.242035,-47.0491,358.9119,181.1393,2.814257
390.027,-177.4014,3.243336,-48.40236,357.96,181.4757,2.133939
390.1378,-177.8204,3.245284,-49.77291,357.1554,181.7494,1.14389
390.2489,-178.2305,3.245812,-51.16126,356.575,181.0463,1.26189
390.3604,-178.6311,3.244339,-52.56444,357.4956,179.8031,1.959391
390.471,-179.0173,3.242679,-53.98168,358.5891,178.9563,2.502034
390.5823,-179.3888,3.243115,-55.41552,358.3189,178.3261,2.56221
390.6937,-179.7393,3.243477,-56.86811,358.0243,177.3425,2.388094
390.8045,-180.0688,3.24392,-58.33847,357.8631,175.9247,2.686074
390.9159,-180.3749,3.243429,-59.82558,358.1074,175.1428,2.886802
391.0289,-180.6565,3.243995,-61.33051,357.6567,173.9733,2.955078
391.1398,-180.9112,3.244062,-62.85307,357.812,172.6935,2.451587
391.2547,-181.1379,3.243655,-64.39297,357.7933,171.4993,2.646259
391.3588,-181.3119,3.243783,-65.75484,357.7153,170.0948,2.575425
391.4594,-181.4615,3.243655,-67.12998,358.0239,168.8587,2.502633
391.57,-181.6041,3.242348,-68.71494,358.6532,167.5463,2.441585
391.6816,-181.7157,3.242812,-70.31456,358.5792,166.3045,2.150996
391.7929,-181.7937,3.242634,-71.92747,358.5474,164.56,2.251101
391.904,-181.8365,3.243041,-73.54488,358.4457,163.0536,2.173244
392.0158,-181.8413,3.242941,-75.11064,358.5421,161.3531,2.330276
392.129,-181.8111,3.242745,-76.61216,358.5417,159.3984,2.51369
392.2431,-181.7496,3.242784,-78.04918,358.6933,157.6606,2.587089
392.3485,-181.6729,3.242527,-79.25271,358.9482,156.4923,2.45252
392.4599,-181.5601,3.242244,-80.56544,359.0236,155.1302,2.574677
392.571,-181.4267,3.24184,-81.81255,358.958,153.8737,2.762636
392.6821,-181.2764,3.242307,-82.99393,358.9505,152.4961,2.557573
392.7934,-181.1112,3.24212,-84.10873,359.085,151.4918,2.535229
392.9047,-180.935,3.241602,-85.15663,359.343,150.2836,2.618304
393.0166,-180.7527,3.241465,-86.13811,359.3521,149.383,2.704467
393.1298,-180.5681,3.241562,-87.05431,359.3081,148.3714,2.572588
393.2365,-180.4059,3.241677,-87.80193,359.2064,147.729,2.516566
393.3503,-180.2216,3.241945,-88.59556,359.1069,146.852,2.382838
393.4702,-180.0416,3.241873,-89.32401,359.0764,146.2956,2.494028
393.5727,-179.8896,3.241649,-89.90845,359.1121,145.4956,2.63218
393.6841,-179.7246,3.241849,-90.51753,359.0174,144.8909,2.68511
393.7895,-179.5895,3.241932,-90.99873,359.0227,144.3721,2.672451
393.9011,-179.4426,3.241911,-91.50451,359.032,143.8967,2.708455
394.0137,-179.2911,3.241905,-92.00845,359.0602,143.3946,2.755132
394.1259,-179.1343,3.24215,-92.51487,359.0156,142.932,2.767421
394.2261,-178.9918,3.242139,-92.96211,359.0085,142.5772,2.810115
394.3303,-178.8435,3.242287,-93.41472,358.938,142.071,2.813126
394.4427,-178.6654,3.24234,-93.94187,359.0073,141.5499,2.787472
394.5551,-178.4781,3.242209,-94.47898,359.0432,141.0093,2.78201
394.6599,-178.3053,3.242318,-94.95854,359.0092,140.4106,2.928746
394.7737,-178.0975,3.241945,-95.52008,359.0654,139.8548,2.938564
394.886,-177.8784,3.242583,-96.09437,358.7514,139.0715,2.850198
394.997,-177.6465,3.243378,-96.68087,358.5401,138.2417,2.515207
395.1084,-177.4018,3.243302,-97.27714,358.4267,137.1982,2.476988
395.2275,-177.1456,3.243701,-97.87959,358.1369,136.0911,2.806328
395.341,-176.8784,3.242824,-98.4884,358.456,134.7154,3.143962
395.4542,-176.6036,3.240517,-99.10055,359.7634,133.9548,3.600019
395.565,-176.3213,3.237457,-99.71477,0.9297608,132.8277,4.388854
395.6781,-176.0281,3.235269,-100.33,2.271049,131.6789,3.98387
395.783,-175.7565,3.235939,-100.8688,1.741765,130.2324,3.907938
395.8958,-175.4296,3.235132,-101.4841,2.261373,129.9816,4.693907
396.0092,-175.0901,3.234642,-102.0986,2.138855,128.8586,5.622691
396.1156,-174.7809,3.235304,-102.6345,1.736268,127.2446,5.343836
396.2279,-174.4116,3.236618,-103.2397,1.840609,126.3777,3.738011
396.3411,-174.0243,3.237809,-103.836,1.123142,124.452,2.672504
396.4523,-173.6169,3.240411,-104.4248,0.00673478,122.8646,2.38696
396.5662,-173.1886,3.240931,-105.0049,359.9578,121.479,1.658181
396.6735,-172.7979,3.240928,-105.5008,0.2532203,119.9536,0.576062
396.7863,-172.3306,3.242294,-106.0538,359.7768,118.3933,359.6701
396.8925,-171.9031,3.243097,-106.5243,359.4169,117.6083,358.2298
397.006,-171.3925,3.244163,-107.0403,358.8729,116.6852,357.2044
397.1129,-170.9567,3.241858,-107.4462,0.1992666,116.1737,356.8093
397.2264,-170.487,3.241136,-107.8498,0.6611308,114.2813,356.8886
397.3339,-170.1039,3.24125,-108.1542,0.4049016,112.542,356.423
397.4365,-169.7484,3.241231,-108.4144,0.4030249,110.9385,356.2546
397.5441,-169.4239,3.240815,-108.6339,0.4229205,109.2325,356.5894
397.657,-169.0949,3.241456,-108.8408,0.3246994,107.0223,356.5881
397.7652,-168.8484,3.240505,-108.9858,1.141395,106.0136,356.5592
397.8656,-168.6417,3.239964,-109.1012,1.02968,104.7146,357.4504
397.9723,-168.4763,3.239813,-109.191,1.158195,103.5767,357.5863
398.0856,-168.3392,3.239694,-109.2644,1.262977,102.9908,357.4173
398.188,-168.2642,3.239656,-109.302,1.122619,102.6332,357.467
398.2991,-168.231,3.239743,-109.3175,1.231272,102.4326,357.5545
398.4109,-168.2209,3.239402,-109.3222,1.368601,102.3453,357.6603
398.515,-168.2085,3.239652,-109.3286,1.311373,102.3509,357.6669
398.6265,-168.1867,3.23961,-109.3403,1.360059,102.2421,357.5889
398.7401,-168.1493,3.239847,-109.3587,1.120926,102.1147,357.6369
398.8459,-168.1022,3.240179,-109.3818,1.066269,101.9157,357.6512
398.9577,-168.0258,3.239968,-109.4183,1.145555,101.4072,357.7917
399.0582,-167.9404,3.239747,-109.4593,1.266848,101.0852,357.8103
399.1635,-167.8348,3.239648,-109.5081,1.292901,100.5013,357.885
399.2739,-167.6879,3.239771,-109.5748,1.118582,99.93688,358.1294
399.3761,-167.5348,3.240119,-109.6417,1.094487,99.26991,358.2447
399.4793,-167.3581,3.240235,-109.7165,1.094489,98.33802,358.3474
399.5799,-167.1585,3.240511,-109.7976,0.9974223,97.44434,358.3624
399.6842,-166.9343,3.240533,-109.8841,1.070313,96.44945,358.3378
399.7974,-166.649,3.240525,-109.9867,1.072876,95.15961,358.3582
399.9009,-166.3726,3.240566,-110.0781,1.005818,93.73393,358.4611
400.0124,-166.0269,3.240513,-110.1838,1.055455,92.204,358.4914
400.1131,-165.6974,3.240762,-110.2748,0.7910416,90.84293,358.3691
400.224,-165.2879,3.241285,-110.3745,0.2079886,89.21378,358.0464
400.331,-164.8981,3.242531,-110.4559,359.5504,88.22948,357.3428
400.4427,-164.4225,3.240324,-110.5364,1.257029,88.10217,357.9554
400.5452,-163.9845,3.235691,-110.5962,3.333643,87.94444,359.7996
400.6638,-163.4598,3.231308,-110.6541,5.070234,87.4637,1.358526
400.7786,-162.9022,3.234412,-110.6996,3.805505,86.2097,1.35887
400.8802,-162.3883,3.235017,-110.7247,3.017982,85.55801,0.8672783
400.9851,-161.8538,3.234886,-110.7345,3.11142,85.29821,0.5249233
401.0933,-161.2998,3.235564,-110.7299,2.662426,84.84104,0.3074254
401.194,-160.7278,3.238725,-110.7096,1.432699,84.43684,0.265226
401.2978,-160.139,3.23854,-110.6769,1.12179,83.95982,0.309622
401.4061,-159.5332,3.239724,-110.6316,0.9648802,83.73509,0.04201819
401.5085,-158.9124,3.240286,-110.571,0.5286067,83.01312,0.6141608
401.6145,-158.2764,3.240556,-110.4941,0.3529461,82.08076,0.701904
401.7236,-157.6274,3.240209,-110.4014,0.4020614,81.63078,0.982695
401.8336,-156.9622,3.241824,-110.2907,359.4154,80.80523,0.5830503
401.9384,-156.2816,3.241935,-110.1593,359.3997,80.14234,0.5548806
402.0464,-155.5871,3.241163,-110.0082,359.8272,79.59166,0.6593062
402.1544,-154.879,3.241867,-109.8384,359.3992,78.83503,0.2930067
402.2621,-154.1585,3.241809,-109.6497,359.5894,78.34905,359.974
402.3709,-153.426,3.241284,-109.4428,0.03865941,77.84254,359.1316
402.4747,-152.6823,3.24107,-109.2174,359.987,78.12445,358.6539
402.5829,-151.9248,3.241876,-108.9749,359.516,78.01054,359.0979
402.6899,-151.1541,3.241067,-108.7179,359.8348,77.56651,359.1713
402.7985,-150.3716,3.241255,-108.4455,0.03978692,77.08747,358.2414
402.9066,-149.5784,3.242355,-108.1565,359.4796,77.05028,357.631
403.0163,-148.7747,3.242077,-107.8534,359.2491,76.15978,357.8401
403.1255,-147.9615,3.241943,-107.5397,359.7526,74.86552,357.3135
403.2342,-147.1409,3.242189,-107.2144,359.936,74.92493,356.8027
403.3363,-146.3147,3.240162,-106.8802,1.212306,74.64461,358.2753
403.4414,-145.4818,3.236946,-106.5406,2.206052,74.81313,359.6167
403.5526,-144.635,3.241908,-106.1918,359.8308,74.98914,358.768
403.6611,-143.7774,3.242788,-105.8313,359.4255,75.46378,359.7297
403.7695,-142.9086,3.243181,-105.4681,358.6331,75.86156,1.285628
403.879,-142.0267,3.24054,-105.1075,359.3168,76.61073,1.916818
403.9818,-141.1278,3.24031,-104.7519,358.0347,76.85997,3.022001
404.0884,-140.2095,3.240857,-104.4051,358.4612,78.50933,1.944956
404.1907,-139.2763,3.238585,-104.0642,359.3633,81.64362,1.067356
404.2991,-138.3231,3.240188,-103.7451,358.9886,82.27615,1.9475
404.4081,-137.3463,3.239617,-103.4594,359.299,83.60204,2.047831
404.5163,-136.347,3.240319,-103.2244,359.2799,85.28143,1.808802
404.6262,-135.3279,3.240084,-103.0344,359.2089,87.7338,359.4928
404.7345,-134.2908,3.241995,-102.8887,358.9998,89.72636,359.6919
404.8401,-133.241,3.241003,-102.79,359.5413,91.96109,359.4918
404.9498,-132.182,3.240409,-102.7352,359.8807,93.11449,0.0399237
405.0503,-131.1167,3.239017,-102.7157,0.1712419,93.39071,0.4816384
405.1565,-130.0451,3.239338,-102.7303,0.1348634,94.13702,359.856
405.2655,-128.9695,3.239616,-102.7768,0.3227802,94.98222,359.7649
405.3729,-127.892,3.240009,-102.8561,0.3430366,95.65461,359.5132
405.4745,-126.8138,3.239741,-102.963,0.4128585,96.09244,359.8058
405.5791,-125.7349,3.239747,-103.0991,0.221052,96.56633,0.5829068
405.6871,-124.6564,3.23989,-103.2615,0.4128048,97.27094,0.2757694
405.7998,-123.4231,3.240149,-103.4763,0.2107244,98.26286,0.01116298
405.9049,-122.3451,3.239867,-103.6897,0.4682807,99.09913,-0.003832718
406.0074,-121.2706,3.239067,-103.9296,0.5578167,99.79816,359.1769
406.1087,-120.1973,3.239792,-104.1929,0.7960969,100.3818,358.6333
406.2126,-119.1234,3.240575,-104.4789,0.1631166,101.0381,357.8454
406.314,-118.0513,3.240718,-104.7877,0.02051693,101.4403,358.4255
406.4167,-116.9816,3.240258,-105.1149,0.286216,102.0235,358.5473
406.518,-115.9127,3.240147,-105.457,0.4427897,102.4738,358.5473
406.6227,-114.8453,3.2396,-105.8114,0.7211046,102.8897,358.6915
406.7243,-113.7778,3.24036,-106.1761,0.2568793,103.2163,358.8049
406.8296,-112.7093,3.240296,-106.5505,0.2532744,103.2559,358.9546
406.9417,-111.4875,3.239945,-106.9883,0.5610655,103.3666,359.3551
407.0478,-110.418,3.23994,-107.38,0.3755793,103.5947,359.4877
407.159,-109.1943,3.240084,-107.8356,0.3231668,103.8091,359.5051
407.2601,-108.1219,3.239865,-108.2407,0.2358225,103.8316,359.53
407.3632,-107.0474,3.240442,-108.6522,0.09727702,103.7529,359.5576
407.4754,-105.8186,3.2406,-109.1299,0.2587559,103.8131,359.7227
407.5823,-104.7428,3.242156,-109.5519,359.6206,103.9659,359.502
407.6936,-103.5081,3.2436,-110.0371,358.9273,103.4058,359.4294
407.8022,-102.4242,3.243748,-110.4635,358.7291,103.1833,359.0442
407.9119,-101.1794,3.244307,-110.9492,358.5787,102.6903,358.8513
408.0158,-100.0852,3.243412,-111.3709,358.7986,102.3099,359.087
408.1268,-98.82753,3.242715,-111.8445,359.0592,101.2935,359.5816
408.2311,-97.7196,3.242908,-112.2505,358.9635,100.674,359.4945
408.3419,-96.4435,3.242639,-112.6988,359.2632,99.99937,359.6026
408.4454,-95.31809,3.242271,-113.0749,359.4251,99.28186,359.4455
408.5568,-94.02237,3.242515,-113.49,359.1205,98.32903,359.9239
408.6701,-92.71749,3.242665,-113.8919,358.9961,97.37778,359.9239
408.7707,-91.56813,3.243093,-114.231,358.8029,96.84902,359.5419
408.8884,-90.24557,3.244321,-114.602,358.4017,96.35513,359.2952
408.9995,-88.91576,3.242937,-114.9543,359.226,95.69363,358.9406
409.1111,-87.5806,3.243319,-115.2916,358.9647,95.00087,359.5991
409.218,-86.44296,3.242657,-115.5698,359.1805,94.65347,359.7961
409.3289,-85.19788,3.243487,-115.8637,358.7207,94.41046,359.8607
409.4406,-84.01211,3.24431,-116.1368,358.3486,93.81685,359.5737
409.5407,-83.02401,3.244462,-116.3593,358.5705,94.0999,358.8717
409.6457,-82.08138,3.243251,-116.5635,358.664,93.52729,0.05848377
409.7566,-81.06517,3.241076,-116.7798,359.8297,93.016,359.7191
409.8745,-80.10937,3.242638,-116.9754,358.9629,92.2814,359.598
409.9851,-79.214,3.242748,-117.1519,358.4056,91.4151,359.5493
410.0968,-78.37975,3.243415,-117.3127,358.2029,91.12457,359.1436
410.2086,-77.60716,3.242661,-117.4564,358.4676,90.89562,359.0276
410.3099,-76.98287,3.241948,-117.5694,358.614,90.69802,358.7709
410.4221,-76.32912,3.242087,-117.6853,358.6145,90.52406,358.7301
410.5322,-75.73988,3.241926,-117.7878,358.7108,90.31414,358.4168
410.6354,-75.27592,3.242535,-117.8659,358.4094,90.03741,358.4406
410.7479,-74.80273,3.24385,-117.9436,357.7261,89.96616,358.14
410.8588,-74.3524,3.243495,-118.0162,357.7443,90.05569,357.9041
410.965,-73.95248,3.244085,-118.079,357.6035,89.67987,357.9669
411.0772,-73.48714,3.244192,-118.1504,357.5826,89.2379,357.7255
411.1848,-73.00893,3.243502,-118.2222,357.8319,89.13711,357.6542
411.2878,-72.57883,3.243619,-118.2844,357.709,88.74732,357.475
411.3994,-72.07063,3.243418,-118.3551,357.8295,88.45876,357.5818
411.5038,-71.61038,3.243114,-118.4171,357.9436,88.28432,357.589
411.6149,-71.06552,3.243496,-118.4874,357.7684,87.99409,357.6115
411.7279,-70.49394,3.243371,-118.5569,357.7743,87.5698,357.7224
411.8325,-69.96949,3.243644,-118.6173,357.6985,87.3091,357.8143
411.9436,-69.3435,3.243421,-118.6858,357.9073,87.01407,357.8452
412.0481,-68.7729,3.243574,-118.7442,357.9035,86.53586,357.9178
412.1589,-68.09361,3.243717,-118.8089,357.8251,86.14069,357.9796
412.2594,-67.47579,3.243958,-118.8633,357.8756,85.72775,357.995
412.3624,-66.8353,3.24414,-118.9147,357.7249,85.29388,358.1382
412.4744,-66.0759,3.244276,-118.9698,357.7175,84.71415,358.1293
412.5759,-65.38804,3.244242,-119.0143,357.7674,84.33358,358.0892
412.6792,-64.67726,3.244231,-119.0541,357.682,83.8278,358.1768
412.791,-63.83837,3.244212,-119.0938,357.6362,83.23236,358.1308
412.8981,-63.0813,3.244152,-119.1233,357.6703,82.87267,358.051
413.009,-62.1881,3.244488,-119.1485,357.4712,82.15086,358.1953
413.1092,-61.3824,3.24501,-119.1646,357.1205,81.90314,358.2905
413.214,-60.55433,3.244249,-119.1734,357.5304,81.44891,358.4378
413.325,-59.58279,3.243834,-119.1758,357.7981,81.18083,358.1108
413.4392,-58.58384,3.244586,-119.1659,357.4472,79.99989,357.988
413.5433,-57.6841,3.244683,-119.1472,357.2465,79.45415,358.0418
413.6546,-56.63029,3.244125,-119.1152,357.5407,78.87893,358.0922
413.7679,-55.54934,3.243909,-119.0737,357.5913,78.48046,358.1282
413.8722,-54.57981,3.243896,-119.0274,357.5436,77.7834,358.3713
413.9846,-53.44597,3.243713,-118.9635,357.6322,77.07314,358.5979
414.0896,-52.43049,3.243897,-118.8971,357.5941,76.61636,358.5755
414.2005,-51.24451,3.243654,-118.8089,357.6744,76.09531,358.7367
414.3134,-50.03202,3.243996,-118.7072,357.5582,75.47942,358.7262
414.4136,-48.94933,3.244161,-118.6049,357.5599,74.80195,358.7211
414.5252,-47.68725,3.24376,-118.473,357.5019,74.01062,358.8684
414.6288,-46.55952,3.243741,-118.3439,357.4536,73.27525,359.1208
414.743,-45.24635,3.243005,-118.1806,357.8007,72.61142,359.0687
414.8464,-44.07692,3.242458,-118.0177,358.0225,71.45352,359.1482
414.9599,-42.71658,3.242982,-117.808,357.7157,70.61399,359.3284
415.0659,-41.50614,3.242252,-117.5997,358.0996,69.25647,359.709
415.1765,-40.10078,3.243104,-117.3294,357.7379,67.89364,0.07788455
415.2907,-38.67072,3.244169,-117.0193,357.526,65.92768,0.215847
415.3955,-37.40546,3.241858,-116.7076,359.3874,64.45895,359.1281
415.5067,-35.9514,3.24034,-116.2987,0.1645988,62.83253,358.8024
415.6132,-34.67159,3.241067,-115.8911,359.9426,61.24863,358.9136
415.7245,-33.20559,3.23963,-115.3519,359.9513,59.89663,359.9883
415.8301,-31.9235,3.240375,-114.8152,359.6749,57.79087,0.3909577
415.9452,-30.46085,3.242009,-114.1232,359.2388,56.27378,359.6371
416.0485,-29.18014,3.242024,-113.4623,359.0149,55.6974,359.3149
416.1617,-27.71727,3.241654,-112.6552,358.985,54.24516,359.4915
416.265,-26.43919,3.241593,-111.904,359.298,53.05249,359.2708
416.3711,-25.16103,3.241338,-111.1182,359.6288,51.47883,359.3074
416.4857,-23.70161,3.241343,-110.178,359.3843,50.63718,358.9857
416.5894,-22.42347,3.241422,-109.3206,359.4461,49.90681,358.9102
416.6977,-21.14506,3.241904,-108.433,359.3626,49.06409,358.7958
416.7977,-19.86887,3.241933,-107.5129,359.0233,47.76641,358.7626
416.9011,-18.59426,3.243203,-106.5577,358.4281,45.81856,358.9828
417.0065,-17.32295,3.242639,-105.5715,359.5952,43.09214,359.1049
417.1077,-16.05438,3.247262,-104.5515,356.6703,41.57521,359.0918
417.2127,-14.81836,3.242177,-103.479,359.6755,37.76189,359.0695
417.3215,-13.61302,3.24253,-102.3521,359.6554,34.47377,357.4947
417.4341,-12.28971,3.243553,-100.9745,359.0787,30.6691,356.6121
417.5408,-11.21004,3.244447,-99.67297,358.8889,27.2226,356.2719
417.641,-10.21188,3.241962,-98.29164,359.7405,22.69991,358.9709
417.747,-9.30488,3.240183,-96.83112,1.01378,17.84398,0.1683828
417.8608,-8.390519,3.24074,-95.0659,0.2722099,13.14389,359.8011
417.9666,-7.709401,3.240865,-93.44769,0.8208629,10.03965,359.3802
418.0692,-7.137682,3.241421,-91.77289,1.062249,7.677758,358.7809
418.1732,-6.678683,3.238502,-90.04707,0.1656064,5.75993,0.7754131
418.2815,-6.322435,3.238661,-88.27979,0.5758348,3.763834,0.7371616
418.384,-6.068739,3.23929,-86.47832,0.5752283,3.916979,359.9478
418.4898,-5.926757,3.23987,-84.64986,0.2850979,2.83948,359.1414
418.5966,-5.837786,3.238489,-82.80404,0.8428903,3.431192,359.3854
418.7049,-5.758567,3.239147,-80.94587,0.8158398,3.59402,359.749
418.8131,-5.694087,3.242342,-79.07108,359.0943,3.527255,359.9204
418.9224,-5.640968,3.237524,-77.18674,1.255743,3.396043,0.2513844
419.0262,-5.602183,3.239235,-75.28928,0.4045311,2.899997,0.2547425
419.1348,-5.576153,3.239077,-73.38055,0.6731166,2.169367,0.0423664
419.2426,-5.56141,3.239915,-71.46014,359.9761,2.278308,0.129916
419.3508,-5.552908,3.24066,-69.5257,359.6868,2.38217,359.7826
419.4607,-5.549687,3.239875,-67.575,0.01903601,2.652431,359.5982
419.5707,-5.552988,3.240432,-65.60644,359.3564,2.181742,0.2659642
419.6791,-5.554128,3.24074,-63.62068,359.4189,2.144727,359.9435
419.7859,-5.554632,3.24017,-61.61739,359.7205,2.248301,359.8115
419.8949,-5.550559,3.240282,-59.59603,359.5994,2.796318,359.6224
420.0043,-5.524415,3.240099,-57.55632,359.6051,3.673171,359.7989
420.1128,-5.474082,3.240413,-55.49581,359.7273,3.917325,0.108769
420.2219,-5.39271,3.240117,-53.41479,359.6262,3.796267,0.3120876
420.3401,-5.256813,3.239851,-51.01662,0.2238991,4.628888,359.4052
420.4448,-5.100144,3.239997,-48.89955,359.9881,5.288285,359.3662
420.5525,-4.90772,3.241112,-46.76324,359.7052,6.490405,359.4858
420.6607,-4.676463,3.23991,-44.61086,0.1041291,6.842619,359.7374
420.7701,-4.422855,3.23992,-42.44178,0.2030356,6.908843,359.7879
420.8787,-4.147564,3.239557,-40.25501,0.3730921,7.505947,359.6073
420.9833,-3.854069,3.241051,-38.04871,359.8848,7.762204,358.9883
421.0966,-3.493565,3.239499,-35.50631,0.2215266,8.259819,359.9521
421.2012,-3.153817,3.239644,-33.26489,0.3246171,8.124533,0.209154
421.3069,-2.797449,3.240081,-31.00502,0.1127926,7.912117,0.140699
421.4153,-2.435207,3.239973,-28.72568,0.1806426,7.774889,0.2027066
421.5252,-2.066587,3.239906,-26.42747,0.1570798,7.556311,0.352694
421.6267,-1.690922,3.240017,-24.11014,0.0471958,7.578558,0.2046713
421.7291,-1.308547,3.239465,-21.77467,0.1601484,7.014127,0.1998107
421.8342,-0.9226281,3.241093,-19.41924,359.7866,6.883007,359.5355
421.9393,-0.5355877,3.241427,-17.04468,359.8835,6.807568,359.4221
422.0536,-0.1137589,3.240554,-14.30485,0.1464808,4.924668,359.2889
422.1553,0.1976515,3.24087,-11.8809,0.6592025,3.409052,359.3214
422.2631,0.4445368,3.244331,-9.425887,358.8105,2.593651,357.8477
422.3706,0.5787659,3.243619,-6.946761,359.348,358.434,0.6765662
422.4792,0.5958809,3.239301,-4.452683,0.7590618,355.6373,1.724404
422.5879,0.494659,3.238755,-1.946916,0.04689553,354.901,3.077383
422.6945,0.2650636,3.240298,0.5668895,359.6651,352.2921,2.394735
422.8103,-0.1541302,3.240553,3.440225,359.1101,352.8721,1.168388
422.9175,-0.5945514,3.239983,5.956801,359.7112,353.8424,0.9433808
423.0274,-1.081812,3.239561,8.476972,359.904,353.3717,1.51274
423.1348,-1.585971,3.239996,11.00625,359.3167,353.6682,1.838389
423.2436,-2.092486,3.239858,13.54928,359.6834,353.9013,0.7947789
423.3529,-2.58838,3.240609,16.10815,359.3767,354.9027,0.1895166
423.4562,-3.044238,3.240258,18.68723,359.6928,356.128,0.1228189
423.5652,-3.464077,3.240282,21.28501,359.4791,356.4475,0.6778768
423.6744,-3.853357,3.24034,23.90155,359.6003,356.6258,0.3992332
423.785,-4.212753,3.240264,26.5353,359.6366,357.4538,359.9299
423.8958,-4.538689,3.240495,29.18695,359.5602,358.2463,0.2717557
424.0005,-4.826556,3.240061,31.85568,359.721,359.1881,0.4075837
424.1078,-5.081586,3.23997,34.54058,359.7918,359.8582,0.4739271
424.2158,-5.305323,3.239855,37.241,359.7876,0.81963,0.1545571
424.3212,-5.497509,3.240101,39.95692,359.7477,1.45506,0.2997405
424.4344,-5.65356,3.239932,42.68907,359.8492,2.171843,0.3296394
424.5423,-5.772445,3.239855,45.43704,0.03284812,2.781986,0.3445236
424.6501,-5.855065,3.239731,48.19964,0.05580542,3.550665,0.385792
424.7593,-5.902332,3.240001,50.97627,359.8674,4.090002,0.2634604
424.8709,-5.913767,3.240165,53.76736,359.8777,5.033747,0.2642685
424.9793,-5.889585,3.240247,56.57224,359.8416,5.831822,359.9914
425.0898,-5.830743,3.239888,59.39124,359.5659,6.61094,359.5193
425.1999,-5.735955,3.241259,62.22626,359.3836,7.468402,359.3235
425.3047,-5.610781,3.238535,65.07212,0.5718486,8.907687,359.0892
425.4114,-5.454495,3.240738,67.92943,0.3519861,9.852932,359.9748
425.5186,-5.240565,3.240619,70.79436,0.3111432,11.84629,0.8723112
425.6272,-4.949415,3.240447,73.66885,359.4348,13.35487,2.496995
425.7349,-4.526352,3.240476,76.54229,359.3814,15.05155,3.059444
425.8438,-3.941233,3.239104,79.40465,359.3628,18.72532,1.354558
425.9533,-3.142602,3.238631,82.22927,0.1138226,24.2219,1.085804
426.0617,-2.050521,3.238189,84.96648,0.8042725,30.3303,0.2126627
426.1647,-0.6726346,3.23773,87.58599,0.7389089,37.65591,0.3388975
426.2689,1.045185,3.236657,90.00886,0.9095906,43.72538,0.4974731
426.3756,3.090411,3.238552,92.18719,359.7857,49.52426,0.4114778
426.4833,5.412783,3.240842,94.09785,359.9731,53.49449,0.1456712
426.5844,7.950698,3.240865,95.73206,0.9327732,58.00287,359.5049
426.6882,10.66217,3.238408,97.07889,1.356594,60.91722,358.4966
426.7888,13.45607,3.238358,98.27531,1.907344,59.2593,357.3747
426.8937,16.31047,3.242342,99.36321,0.1494256,57.81173,356.1321
427.006,19.62904,3.245995,100.5099,358.6367,55.14994,356.3163
427.1066,22.55555,3.242027,101.4908,358.8243,52.0962,358.4925
427.2104,25.48705,3.23925,102.4767,0.534545,44.04114,0.4607618
427.3209,28.80512,3.238909,103.7357,0.2046446,41.83552,0.1578274
427.4321,32.0645,3.241351,105.1604,359.2786,37.66798,3.010647
427.5454,35.22465,3.2393,106.8334,359.5102,29.92993,2.076497
427.6545,38.25125,3.239943,108.7683,359.4425,22.78461,2.743255
427.7657,41.07133,3.236643,111.0142,1.522842,13.40042,2.526803
427.8776,43.62661,3.236395,113.5814,2.252811,5.19586,2.304705
427.9875,45.86234,3.238499,116.4465,1.763479,357.0101,1.413047
428.0989,47.66151,3.238409,119.6232,2.098602,347.4668,0.3816807
428.2102,48.9526,3.239701,123.0631,1.937803,337.2602,0.0732417
428.3208,49.6213,3.2408,126.7054,1.395938,324.5765,0.3616873
428.4225,49.65661,3.239264,129.9715,2.020336,311.3279,0.9598411
428.5358,48.95625,3.237718,133.664,2.415258,294.6879,1.083238
428.6472,47.46381,3.236099,137.1454,2.614228,275.4165,0.8709455
428.7586,45.20522,3.235355,140.2188,2.413833,254.4169,0.5326163
428.8702,42.26629,3.234127,142.6952,2.585867,235.4879,0.3660612
428.9816,38.79147,3.233569,144.3995,2.633564,218.1187,0.6149968
429.0935,34.97559,3.232433,145.2062,2.921683,202.9961,0.5601029
429.2049,31.05663,3.231561,145.0275,3.323552,187.3742,0.3653757
429.3162,27.29079,3.23135,143.8344,3.471844,172.6586,0.3034572
429.4283,23.94371,3.231822,141.6816,3.212652,158.2679,0.4331656
429.5399,21.28736,3.232709,138.6797,2.732546,143.8855,0.5821894
429.6516,19.55479,3.232816,135.0363,2.948521,128.9497,0.4236271
429.7627,18.89542,3.233319,131.0272,2.831456,114.9548,0.678744
429.8744,19.38031,3.232666,126.9607,2.763685,102.3606,1.848733
429.9846,20.98355,3.231416,123.1875,3.724562,90.39642,2.042569
430.0964,23.52799,3.232012,120.0497,3.855962,77.73349,2.086555
430.2069,26.75814,3.231822,117.7259,3.707486,64.18348,1.817706
430.3173,30.41216,3.230707,116.3159,4.039842,50.60817,1.731759
430.4287,34.24052,3.231855,115.8356,3.662289,37.23911,1.669516
430.5387,38.01533,3.231135,116.2199,3.844766,22.82807,1.80279
430.6478,41.55515,3.230296,117.3976,4.188976,8.366941,1.896011
430.7585,44.7085,3.23025,119.27,4.072467,355.3139,1.654679
430.8701,47.34306,3.230516,121.7297,3.715466,342.5686,1.76496
430.9813,49.36505,3.231308,124.638,3.315347,330.3246,1.943678
431.0927,50.72002,3.232276,127.8398,2.886333,317.1087,2.185294
431.2042,51.38338,3.234864,131.1889,2.095382,304.2461,1.564067
431.3151,51.34125,3.236659,134.5352,1.557888,290.5858,1.503598
431.426,50.6194,3.240565,137.7419,0.07766611,279.0319,2.722788
431.5374,49.24286,3.236749,140.6511,1.192304,263.8803,3.676232
431.6484,47.23218,3.236995,143.077,1.718976,247.5554,0.9600928
431.7598,44.73802,3.235184,144.8807,2.087157,233.6813,2.106779
431.8708,41.92335,3.236432,145.9534,1.423877,217.9838,2.627635
431.9817,38.98471,3.236862,146.2671,0.7851074,203.8315,2.677197
432.0932,36.12081,3.238024,145.8433,0.3896082,189.6237,2.508507
432.2051,33.50568,3.238345,144.7516,0.2674741,176.7546,1.958064
432.3163,31.27604,3.239211,143.0999,359.9757,165.9202,1.389132
432.4278,29.52266,3.241086,141.0241,359.3997,157.8113,0.8972946
432.5387,28.30635,3.24109,138.6624,359.3556,150.4262,0.3090915
432.6494,27.62554,3.238189,136.1606,359.7263,144.9942,0.2199496
432.76,27.44489,3.231818,133.6332,1.22323,140.0723,0.2617256
432.8704,27.66968,3.23222,131.1696,2.302488,134.3997,0.04796798
432.9806,28.24506,3.231422,128.8221,2.506207,127.7771,359.685
433.0912,29.06624,3.231418,126.6207,3.621748,119.5982,357.9691
433.2032,30.11095,3.238559,124.583,1.4788,111.7259,358.8694
433.3143,31.35732,3.237529,122.7477,2.437859,103.3245,356.0939
433.4252,32.77679,3.23962,121.1329,0.2134087,94.59319,354.7412
433.5363,34.37318,3.242678,119.7898,358.7386,80.93125,357.4402
433.6471,36.10312,3.2426,118.7352,359.1242,71.4536,357.3098
433.7572,37.91487,3.240098,117.9885,0.2785866,62.16183,357.8123
433.8678,39.76045,3.238707,117.5558,0.9027563,53.18143,357.8188
433.9792,41.58806,3.239458,117.4186,0.7614825,44.442,357.8041
434.091,43.35145,3.238771,117.5546,0.7777609,34.83887,357.5406
434.2022,45.01324,3.238925,117.9308,0.8129137,25.1346,357.4963
434.3132,46.54705,3.238362,118.5107,0.7864656,16.01298,358.0143
434.4245,47.93397,3.237133,119.2602,1.359248,7.462945,358.7113
434.536,49.16182,3.236403,120.1449,1.938056,359.3876,358.8224
434.6476,50.22507,3.235542,121.1306,2.218877,351.92,359.0062
434.7584,51.12258,3.234802,122.1866,2.544076,344.3556,359.2748
434.8698,51.86057,3.234201,123.284,2.788847,337.2301,359.4346
434.981,52.44757,3.234169,124.398,2.811173,330.6687,359.4633
435.0919,52.89381,3.233797,125.5076,3.019701,324.4834,359.698
435.2033,53.2125,3.233527,126.5948,3.096365,318.547,359.7639
435.3148,53.41732,3.233208,127.6443,3.269134,312.8563,359.7999
435.4258,53.52338,3.233112,128.6444,3.297711,307.3335,359.8408
435.5376,53.54615,3.232534,129.5867,3.508984,302.1746,359.7884
435.6486,53.49986,3.232307,130.4657,3.651498,296.8206,359.7143
435.7599,53.39074,3.232157,131.335,3.669115,291.9072,359.7822
435.8704,53.21335,3.231973,132.2176,3.704317,286.9819,359.9116
435.9813,52.96307,3.231867,133.109,3.745694,282.1286,0.01533858
436.092,52.63562,3.231404,134.0029,3.902757,277.5036,0.07922418
436.2037,52.22728,3.231278,134.8915,3.986807,272.676,0.05104322
436.315,51.73283,3.231058,135.7688,4.081353,267.9063,0.001920739
436.4261,51.14912,3.230853,136.6253,4.108094,262.8818,0.0626921
436.537,50.47403,3.230842,137.4504,4.103242,257.7126,0.06273773
436.6469,49.70771,3.230841,138.2332,4.165658,252.4295,0.1490226
436.7585,48.85115,3.230908,138.961,4.173976,246.9143,0.1862944
436.8703,47.90741,3.230909,139.6197,4.217453,241.4573,0.1135374
436.9812,46.88168,3.230957,140.1966,4.201169,235.7619,0.07763565
437.0928,45.78003,3.230779,140.68,4.271412,229.9119,0.1114793
437.2038,44.61039,3.230627,141.0579,4.293951,223.8723,0.1422337
437.3148,43.38198,3.230639,141.3193,4.273236,217.8001,0.1242945
437.4258,42.10626,3.230489,141.4521,4.378045,211.729,0.07413618
437.5374,40.79792,3.230225,141.4469,4.471485,205.3855,0.1285337
437.6483,39.47182,3.230244,141.2951,4.479841,198.9949,0.1558571
437.76,38.14676,3.230077,140.9908,4.549292,192.5175,0.1760727
437.871,36.84345,3.230334,140.5302,4.440587,185.6944,0.1791971
437.9822,35.58248,3.230613,139.9117,4.475516,179.098,0.2045607
438.0938,34.38523,3.230501,139.1376,4.408259,172.4142,0.5400149
438.2049,33.29144,3.230728,138.2311,4.412492,165.6749,0.663667
438.3159,32.35181,3.230703,137.2488,4.54691,159.2039,0.6403626
438.4274,31.56414,3.23079,136.2193,4.472044,153.1463,0.6581984
438.5383,30.92194,3.230766,135.1671,4.542099,147.3101,0.6358368
438.6493,30.41555,3.230703,134.1128,4.556283,141.7894,0.6844489
438.7608,30.03308,3.230671,133.0745,4.613562,136.581,0.7303119
438.8717,29.76151,3.230484,132.0674,4.723007,131.6399,0.8044453
438.9828,29.58679,3.230543,131.1032,4.739929,126.9337,0.8570389
439.0945,29.49494,3.230654,130.1908,4.722846,122.6508,0.844162
439.2053,29.47248,3.230518,129.3376,4.745259,118.4493,0.9101974
439.3148,29.50554,3.230412,128.5477,4.769183,114.6755,0.8940465
439.4259,29.5815,3.230518,127.8246,4.768962,111.2313,0.9261821
439.5374,29.68862,3.230248,127.1697,4.804962,108.1049,0.9562825
439.6483,29.8163,3.230577,126.5825,4.685591,105.3911,0.9017627
439.7598,29.95586,3.230758,126.0632,4.614319,102.6991,0.8245062
439.8711,30.09878,3.230528,125.6106,4.71036,100.585,0.8482169
439.9821,30.23755,3.23046,125.2239,4.790709,98.6098,0.8327922
440.0934,30.36587,3.229896,124.8997,4.958839,96.84731,0.9823626
440.2042,30.50072,3.229933,124.5846,5.02098,95.23135,0.9862382
440.3154,30.65358,3.229829,124.2543,5.086526,93.51429,0.9546286
440.4269,30.82753,3.229448,123.9073,5.23497,91.67177,0.9868273
440.5379,31.02973,3.229691,123.5355,5.1642,89.62291,1.045112
440.649,31.26375,3.229422,123.1405,5.215039,87.34702,1.075519
440.7602,31.53334,3.229714,122.7237,5.1443,84.99177,1.101621
440.8716,31.84302,3.229574,122.2875,5.178056,82.41302,1.143475
440.9821,32.19633,3.229323,121.8356,5.311881,79.7289,1.185889
441.0926,32.59629,3.229387,121.3724,5.279003,76.89487,1.285063
441.2041,33.04625,3.229482,120.9031,5.215601,73.70783,1.353963
441.315,33.5496,3.229259,120.4329,5.333615,70.50268,1.539286
441.4261,34.10972,3.229813,119.9673,5.212041,67.89938,1.897182
441.5373,34.7295,3.231127,119.5079,5.123083,69.50791,3.256381
441.6477,35.40796,3.232209,119.0616,5.420248,79.0753,6.976796
441.7584,36.14331,3.233144,118.6492,5.251246,85.15363,10.05321
441.8658,36.82993,3.23255,118.336,5.67417,81.30341,7.815398
441.9783,37.65871,3.231555,118.0289,6.440499,74.67325,5.396827
442.0909,38.53105,3.231819,117.7665,6.503452,72.59155,4.109262
442.2049,39.44595,3.233401,117.5569,5.469311,73.97374,2.863682
442.3092,40.27944,3.235508,117.4312,4.720316,74.73552,1.431875
442.4209,41.26645,3.236493,117.3587,3.819374,74.3729,359.8126
442.5283,42.15147,3.235572,117.362,4.472248,72.94804,0.5278819
442.6298,43.05053,3.233176,117.4261,4.886425,70.8099,0.8198016
442.7376,43.96268,3.230298,117.5454,5.517273,68.49158,1.630401
442.8395,44.88903,3.231094,117.7294,5.440139,67.2608,1.04893
442.9484,45.82361,3.231098,117.974,5.720958,66.27235,359.9122
443.0562,46.75819,3.231213,118.2856,5.475527,65.01691,0.1588535
443.1659,47.69082,3.231962,118.6598,4.957468,62.9584,0.8041652
443.2757,48.62318,3.234145,119.0884,3.66609,61.77088,0.2546777
443.3813,49.55059,3.235625,119.5813,2.700287,60.57452,359.9169
443.4894,50.47308,3.237771,120.1338,1.506103,60.25716,359.3608
443.5984,51.38619,3.237908,120.7417,1.957582,60.27183,357.9323
443.7057,52.28633,3.239275,121.4047,1.276221,60.55012,357.0747
443.8079,53.17684,3.239752,122.115,1.483094,60.39935,356.6229
443.9167,54.05605,3.24084,122.8733,1.358305,59.77874,356.8546
444.0316,54.92484,3.238192,123.672,2.663277,59.44453,358.0161
444.1417,55.78913,3.236305,124.5053,2.92886,58.39847,359.5211
444.252,56.64865,3.238436,125.3748,2.141665,59.06641,358.6457
444.3604,57.50327,3.236594,126.2772,2.65727,59.2611,359.8426
444.4697,58.36314,3.235995,127.2055,1.274184,60.13685,1.215818
444.5802,59.2441,3.237185,128.1481,0.775319,62.8733,0.119055
444.6866,60.13071,3.237042,129.1182,1.023588,65.08906,359.0956
444.7951,61.04084,3.237486,130.0985,0.9142945,67.40136,358.3104
444.9039,61.98765,3.235969,131.0711,1.240926,70.34086,359.6031
445.0134,62.98916,3.237102,132.0221,0.375095,73.36795,0.6336404
445.1227,64.05423,3.237037,132.9351,0.1434804,74.62309,2.099811
445.2418,65.35629,3.236007,133.9152,1.520442,75.94427,2.22146
445.3426,66.57168,3.237776,134.7075,1.406437,79.39324,0.88737
445.449,67.85844,3.234798,135.4189,2.224175,83.09425,1.077698
445.5554,69.21049,3.235298,136.0273,1.509467,87.31541,359.9561
445.6643,70.61952,3.236782,136.5338,1.341614,90.18915,0.2098546
445.7736,72.0741,3.239287,136.935,0.7458767,90.41777,-0.0008075248
445.8816,73.56467,3.241596,137.2182,1.06773,90.34872,0.0359483
445.9944,75.28426,3.236549,137.4108,2.009437,92.91956,358.0297
446.1013,76.79861,3.232966,137.4743,2.916036,95.94717,357.233
446.21,78.31941,3.23688,137.4405,2.799121,95.30158,358.0666
446.3177,79.81447,3.239646,137.3384,2.357806,96.17318,358.2758
446.4334,81.45647,3.23804,137.1749,2.654944,97.44997,357.5225
446.538,82.839,3.236837,137.0281,2.970245,99.39392,357.5768
446.6454,84.17091,3.237182,136.8766,3.129904,100.7062,358.5917
446.7541,85.45387,3.238421,136.7302,3.033932,101.851,358.8466
446.8567,86.68704,3.233929,136.5884,3.367785,103.4066,0.3925935
446.9627,87.87184,3.235358,136.4429,3.577554,104.7639,0.2998599
447.076,89.1657,3.235296,136.2778,3.080198,105.6101,0.6321798
447.1846,90.24633,3.237846,136.1115,2.035164,104.2201,359.7822
447.2919,91.27493,3.24352,135.9313,1.719358,101.8466,359.2818
447.4065,92.39103,3.245254,135.7137,359.7519,98.84964,357.0029
447.5109,93.31219,3.245202,135.5253,359.7508,97.52366,355.2746
447.6221,94.30283,3.243234,135.3246,0.4430606,95.69524,355.8178
447.7222,95.11974,3.241135,135.1592,0.8115422,92.22371,359.7807
447.8277,95.88589,3.237635,135.0063,3.089604,86.19851,1.906157
447.9384,96.73785,3.233479,134.8501,4.161217,77.57919,3.878777
448.0504,97.58743,3.230549,134.7158,5.405169,65.65618,3.383198
448.161,98.43883,3.227531,134.5959,6.195553,53.57066,3.108898
448.2723,99.2969,3.229443,134.4963,4.718647,43.86325,1.41673
448.3838,100.1511,3.225342,134.4205,6.008302,30.95465,0.7675652
448.4946,101.0135,3.225933,134.3603,5.32637,24.20193,1.696919
448.6055,101.8827,3.227409,134.3265,4.921237,19.89725,1.252189
448.7169,102.7561,3.226243,134.3221,4.942756,17.39538,1.627212
448.8282,103.6312,3.225931,134.3432,5.641328,17.12276,1.84672
448.9388,104.4995,3.227903,134.3953,5.06795,14.23228,1.295222
449.0504,105.3649,3.230999,134.4828,3.454284,10.83536,1.502274
449.1615,106.23,3.232452,134.6138,2.239528,8.042093,1.624682
449.2726,107.0886,3.231424,134.7813,3.054739,5.241136,1.278922
449.3837,107.9402,3.230781,134.9882,2.961299,2.679709,1.529222
449.4948,108.7927,3.230903,135.2401,2.910636,359.7734,1.172672
449.6057,109.6444,3.231138,135.5405,2.827376,357.1749,1.484166
449.7168,110.5009,3.230794,135.8925,3.059175,354.7696,1.877942
449.8295,111.36,3.230531,136.2983,3.197485,352.1563,1.886626
449.9295,112.1117,3.230268,136.701,3.402844,349.761,1.896206
450.032,112.8611,3.230422,137.151,3.310835,347.2695,2.04213
450.1447,113.7099,3.230114,137.7269,3.423079,344.2905,2.118748
450.2565,114.5462,3.230021,138.3677,3.526685,341.4094,2.213198
450.3675,115.3644,3.230201,139.0748,3.372785,338.618,2.263728
450.4792,116.1565,3.230863,139.8488,3.009738,335.1335,2.333311
450.59,116.9179,3.230845,140.691,3.014181,332.2339,2.516381
450.7014,117.6427,3.231194,141.6013,2.924518,330.0513,2.713315
450.8131,118.3259,3.232487,142.5802,2.554225,328.8439,2.559262
450.925,118.9641,3.23436,143.6289,2.291638,331.9688,2.001211
451.0347,119.5456,3.235158,144.7442,2.277349,335.8548,0.9955495
451.1459,120.0543,3.235407,145.9211,2.580841,335.8756,0.01779367
451.2578,120.4807,3.235582,147.1545,2.422189,333.131,359.213
451.3681,120.8192,3.23565,148.4406,2.384186,329.1153,358.8862
451.4799,121.0645,3.235623,149.7743,2.449041,324.9795,358.8773
451.5905,121.2141,3.235926,151.1505,2.555963,322.8959,358.8316
451.7017,121.2604,3.237785,152.5657,1.94397,324.6674,359.2729
451.8129,121.1946,3.237278,154.0064,2.339766,326.0818,358.992
451.9236,121.0184,3.236181,155.4629,1.859467,327.7343,358.9687
452.0344,120.7372,3.234938,156.9225,1.380004,327.2096,359.7471
452.1449,120.3535,3.23607,158.379,1.326255,326.754,359.4779
452.2559,119.901,3.238168,159.7859,0.9739855,327.0034,359.2954
452.3677,119.3991,3.238251,161.1081,1.167593,326.3829,358.6209
452.4765,118.9449,3.238062,162.2055,1.051947,325.5206,358.8268
452.5831,118.486,3.238432,163.2477,1.036007,323.8492,358.6086
452.6852,118.0282,3.239844,164.2359,0.478447,322.5387,358.3537
452.7914,117.5716,3.240004,165.1693,0.4945277,321.0175,358.0781
452.9049,117.0548,3.239829,166.1723,0.2823818,319.9154,357.9423
453.0115,116.6096,3.240958,166.9964,0.1916649,319.4305,357.7825
453.1244,116.1104,3.240649,167.8748,0.3476104,318.8196,357.9239
453.2311,115.6846,3.240695,168.5894,0.3344476,318.3315,357.8938
453.3443,115.212,3.240907,169.344,0.2342809,317.5083,358.2225
453.4641,114.759,3.2403,170.0342,0.4790666,316.7112,358.508
453.5657,114.3812,3.240645,170.5869,0.4818713,315.8083,358.624
453.6657,114.0248,3.240983,171.0934,0.8598274,316.2643,358.5851
453.7741,113.6898,3.241565,171.553,0.4517844,316.7628,359.5316
453.888,113.3345,3.244503,172.028,359.2527,317.2852,359.5271
453.9951,113.0483,3.244514,172.3989,358.3406,317.1845,359.9596
454.1086,112.7578,3.242155,172.7705,359.6347,317.2507,0.03375573
454.216,112.5335,3.242576,173.0517,359.2228,317.0641,359.9789
454.3193,112.3366,3.242999,173.293,359.0815,316.8182,359.7675
454.4263,112.1677,3.24376,173.4947,358.7138,316.5943,359.9457
454.5336,112.0277,3.24365,173.6581,358.9517,316.376,0.7711529
454.637,111.9203,3.242309,173.7829,359.5945,316.7946,1.612844
454.7442,111.8397,3.244756,173.8724,357.224,317.6557,2.303692
454.8523,111.781,3.249182,173.9285,353.2365,315.0477,2.20994
